direction,site,layers,k,k_used,beta,margin,p_tokyo,p_berlin,top1,p_is,base_margin,signed_shift,reversed,top1_is_target,edit_l2
to_Berlin,is,0,1,1,0.0,9.526101112365723,0.18348456919193268,1.33803214339423e-05, Tokyo,0.40870580077171326,9.526101112365723,-0.0,False,False,0.00
to_Berlin,is,0,1,1,0.5,9.516395568847656,0.18227876722812653,1.3422023585007992e-05, Tokyo,0.40870580077171326,9.526101112365723,0.009705543518066406,False,False,0.09
to_Berlin,is,0,1,1,1.0,9.506975173950195,0.1811113804578781,1.3462288734444883e-05, Tokyo,0.40870580077171326,9.526101112365723,0.019125938415527344,False,False,0.19
to_Berlin,is,0,1,1,2.0,9.488961219787598,0.17888189852237701,1.3538263374357484e-05, Tokyo,0.40870580077171326,9.526101112365723,0.037139892578125,False,False,0.38
to_Berlin,is,0,5,2,0.0,9.526101112365723,0.18348456919193268,1.33803214339423e-05, Tokyo,0.40870580077171326,9.526101112365723,-0.0,False,False,0.00
to_Berlin,is,0,5,2,0.5,9.515239715576172,0.18217766284942627,1.3430089893518016e-05, Tokyo,0.40870580077171326,9.526101112365723,0.010861396789550781,False,False,0.12
to_Berlin,is,0,5,2,1.0,9.5048828125,0.1809515506029129,1.3478578694048338e-05, Tokyo,0.40870580077171326,9.526101112365723,0.021218299865722656,False,False,0.25
to_Berlin,is,0,5,2,2.0,9.48544979095459,0.17868992686271667,1.3571305316872895e-05, Tokyo,0.40870580077171326,9.526101112365723,0.04065132141113281,False,False,0.50
to_Berlin,is,0,10,2,0.0,9.526101112365723,0.18348456919193268,1.33803214339423e-05, Tokyo,0.40870580077171326,9.526101112365723,-0.0,False,False,0.00
to_Berlin,is,0,10,2,0.5,9.515239715576172,0.18217766284942627,1.3430089893518016e-05, Tokyo,0.40870580077171326,9.526101112365723,0.010861396789550781,False,False,0.12
to_Berlin,is,0,10,2,1.0,9.5048828125,0.1809515506029129,1.3478578694048338e-05, Tokyo,0.40870580077171326,9.526101112365723,0.021218299865722656,False,False,0.25
to_Berlin,is,0,10,2,2.0,9.48544979095459,0.17868992686271667,1.3571305316872895e-05, Tokyo,0.40870580077171326,9.526101112365723,0.04065132141113281,False,False,0.50
to_Berlin,is,1,1,1,0.0,9.526101112365723,0.18348456919193268,1.33803214339423e-05, Tokyo,0.40870580077171326,9.526101112365723,-0.0,False,False,0.00
to_Berlin,is,1,1,1,0.5,9.473869323730469,0.17502635717391968,1.3447892342810519e-05, Tokyo,0.40870580077171326,9.526101112365723,0.052231788635253906,False,False,0.44
to_Berlin,is,1,1,1,1.0,9.38086986541748,0.16207073628902435,1.3666102859133389e-05, Tokyo,0.40870580077171326,9.526101112365723,0.1452312469482422,False,False,0.88
to_Berlin,is,1,1,1,2.0,9.039300918579102,0.12298223376274109,1.4592287698178552e-05, a,0.40870580077171326,9.526101112365723,0.4868001937866211,False,False,1.76
to_Berlin,is,1,5,5,0.0,9.526101112365723,0.18348456919193268,1.33803214339423e-05, Tokyo,0.40870580077171326,9.526101112365723,-0.0,False,False,0.00
to_Berlin,is,1,5,5,0.5,9.447391510009766,0.16935165226459503,1.3361016499402467e-05, Tokyo,0.40870580077171326,9.526101112365723,0.07870960235595703,False,False,0.55
to_Berlin,is,1,5,5,1.0,9.302068710327148,0.1487029492855072,1.3566957022703718e-05, Tokyo,0.40870580077171326,9.526101112365723,0.22403240203857422,False,False,1.10
to_Berlin,is,1,5,5,2.0,8.728752136230469,0.08868464827537537,1.4354880477185361e-05, a,0.40870580077171326,9.526101112365723,0.7973489761352539,False,False,2.21
to_Berlin,is,1,10,10,0.0,9.526101112365723,0.18348456919193268,1.33803214339423e-05, Tokyo,0.40870580077171326,9.526101112365723,-0.0,False,False,0.00
to_Berlin,is,1,10,10,0.5,9.444119453430176,0.16851595044136047,1.3338660210138187e-05, Tokyo,0.40870580077171326,9.526101112365723,0.08198165893554688,False,False,0.55
to_Berlin,is,1,10,10,1.0,9.294897079467773,0.14712239801883698,1.351936225546524e-05, a,0.40870580077171326,9.526101112365723,0.23120403289794922,False,False,1.10
to_Berlin,is,1,10,10,2.0,8.718443870544434,0.08701185137033463,1.4230053238861728e-05, a,0.40870580077171326,9.526101112365723,0.8076572418212891,False,False,2.21
to_Berlin,is,2,1,1,0.0,9.526101112365723,0.18348456919193268,1.33803214339423e-05, Tokyo,0.40870580077171326,9.526101112365723,-0.0,False,False,0.00
to_Berlin,is,2,1,1,0.5,9.508096694946289,0.18031622469425201,1.3388159459282178e-05, Tokyo,0.40870580077171326,9.526101112365723,0.018004417419433594,False,False,0.18
to_Berlin,is,2,1,1,1.0,9.491720199584961,0.177448570728302,1.3392781511356588e-05, Tokyo,0.40870580077171326,9.526101112365723,0.03438091278076172,False,False,0.37
to_Berlin,is,2,1,1,2.0,9.464488983154297,0.1726825088262558,1.3392845175985713e-05, Tokyo,0.40870580077171326,9.526101112365723,0.06161212921142578,False,False,0.74
to_Berlin,is,2,5,5,0.0,9.526101112365723,0.18348456919193268,1.33803214339423e-05, Tokyo,0.40870580077171326,9.526101112365723,-0.0,False,False,0.00
to_Berlin,is,2,5,5,0.5,9.48872184753418,0.17709612846374512,1.3406313883024268e-05, Tokyo,0.40870580077171326,9.526101112365723,0.03737926483154297,False,False,0.35
to_Berlin,is,2,5,5,1.0,9.45821762084961,0.17197176814079285,1.3421639778243843e-05, Tokyo,0.40870580077171326,9.526101112365723,0.06788349151611328,False,False,0.69
to_Berlin,is,2,5,5,2.0,9.421438217163086,0.16581624746322632,1.3426056284515653e-05, Tokyo,0.40870580077171326,9.526101112365723,0.10466289520263672,False,False,1.39
to_Berlin,is,2,10,8,0.0,9.526101112365723,0.18348456919193268,1.33803214339423e-05, Tokyo,0.40870580077171326,9.526101112365723,-0.0,False,False,0.00
to_Berlin,is,2,10,8,0.5,9.486873626708984,0.1766892820596695,1.3400268471741583e-05, Tokyo,0.40870580077171326,9.526101112365723,0.03922748565673828,False,False,0.35
to_Berlin,is,2,10,8,1.0,9.454723358154297,0.1711948812007904,1.340777180303121e-05, Tokyo,0.40870580077171326,9.526101112365723,0.07137775421142578,False,False,0.70
to_Berlin,is,2,10,8,2.0,9.416861534118652,0.16461701691150665,1.339009941148106e-05, Tokyo,0.40870580077171326,9.526101112365723,0.10923957824707031,False,False,1.40
to_Berlin,is,3,1,1,0.0,9.526101112365723,0.18348456919193268,1.33803214339423e-05, Tokyo,0.40870580077171326,9.526101112365723,-0.0,False,False,0.00
to_Berlin,is,3,1,1,0.5,9.521775245666504,0.18262819945812225,1.3375601156440098e-05, Tokyo,0.40870580077171326,9.526101112365723,0.00432586669921875,False,False,0.05
to_Berlin,is,3,1,1,1.0,9.517293930053711,0.18175461888313293,1.337140565738082e-05, Tokyo,0.40870580077171326,9.526101112365723,0.008807182312011719,False,False,0.10
to_Berlin,is,3,1,1,2.0,9.507901191711426,0.17995700240135193,1.3364099686441477e-05, Tokyo,0.40870580077171326,9.526101112365723,0.018199920654296875,False,False,0.21
to_Berlin,is,3,5,5,0.0,9.526101112365723,0.18348456919193268,1.33803214339423e-05, Tokyo,0.40870580077171326,9.526101112365723,-0.0,False,False,0.00
to_Berlin,is,3,5,5,0.5,9.517159461975098,0.181939035654068,1.3386779755819589e-05, Tokyo,0.40870580077171326,9.526101112365723,0.008941650390625,False,False,0.06
to_Berlin,is,3,5,5,1.0,9.507942199707031,0.1803707778453827,1.3394275811151601e-05, Tokyo,0.40870580077171326,9.526101112365723,0.018158912658691406,False,False,0.11
to_Berlin,is,3,5,5,2.0,9.488722801208496,0.17717258632183075,1.3412094631348737e-05, Tokyo,0.40870580077171326,9.526101112365723,0.03737831115722656,False,False,0.22
to_Berlin,is,3,10,6,0.0,9.526101112365723,0.18348456919193268,1.33803214339423e-05, Tokyo,0.40870580077171326,9.526101112365723,-0.0,False,False,0.00
to_Berlin,is,3,10,6,0.5,9.517110824584961,0.1819315105676651,1.338688252872089e-05, Tokyo,0.40870580077171326,9.526101112365723,0.008990287780761719,False,False,0.06
to_Berlin,is,3,10,6,1.0,9.507850646972656,0.18035660684108734,1.339445498160785e-05, Tokyo,0.40870580077171326,9.526101112365723,0.018250465393066406,False,False,0.11
to_Berlin,is,3,10,6,2.0,9.488533020019531,0.1771431714296341,1.341241477348376e-05, Tokyo,0.40870580077171326,9.526101112365723,0.037568092346191406,False,False,0.22
to_Berlin,is,4,1,1,0.0,9.526101112365723,0.18348456919193268,1.33803214339423e-05, Tokyo,0.40870580077171326,9.526101112365723,-0.0,False,False,0.00
to_Berlin,is,4,1,1,0.5,9.503133773803711,0.17883069813251495,1.3343927093956154e-05, Tokyo,0.40870580077171326,9.526101112365723,0.02296733856201172,False,False,0.18
to_Berlin,is,4,1,1,1.0,9.479242324829102,0.17415224015712738,1.3309027963259723e-05, Tokyo,0.40870580077171326,9.526101112365723,0.046858787536621094,False,False,0.37
to_Berlin,is,4,1,1,2.0,9.429476737976074,0.16485023498535156,1.324096774624195e-05, Tokyo,0.40870580077171326,9.526101112365723,0.09662437438964844,False,False,0.73
to_Berlin,is,4,5,5,0.0,9.526101112365723,0.18348456919193268,1.33803214339423e-05, Tokyo,0.40870580077171326,9.526101112365723,-0.0,False,False,0.00
to_Berlin,is,4,5,5,0.5,9.473578453063965,0.17419438064098358,1.3387864782998804e-05, Tokyo,0.40870580077171326,9.526101112365723,0.05252265930175781,False,False,0.25
to_Berlin,is,4,5,5,1.0,9.416304588317871,0.16445429623126984,1.3384316844167188e-05, Tokyo,0.40870580077171326,9.526101112365723,0.10979652404785156,False,False,0.51
to_Berlin,is,4,5,5,2.0,9.28923511505127,0.1442398875951767,1.332974625256611e-05, a,0.40870580077171326,9.526101112365723,0.23686599731445312,False,False,1.02
to_Berlin,is,4,10,10,0.0,9.526101112365723,0.18348456919193268,1.33803214339423e-05, Tokyo,0.40870580077171326,9.526101112365723,-0.0,False,False,0.00
to_Berlin,is,4,10,10,0.5,9.46580696105957,0.17302988469600677,1.3402122021943796e-05, Tokyo,0.40870580077171326,9.526101112365723,0.060294151306152344,False,False,0.26
to_Berlin,is,4,10,10,1.0,9.401451110839844,0.16232189536094666,1.3408450286078732e-05, Tokyo,0.40870580077171326,9.526101112365723,0.1246500015258789,False,False,0.51
to_Berlin,is,4,10,10,2.0,9.26279354095459,0.14082589745521545,1.3362953723117243e-05, a,0.40870580077171326,9.526101112365723,0.2633075714111328,False,False,1.02
to_Berlin,is,5,1,1,0.0,9.526101112365723,0.18348456919193268,1.33803214339423e-05, Tokyo,0.40870580077171326,9.526101112365723,-0.0,False,False,0.00
to_Berlin,is,5,1,1,0.5,9.505935668945312,0.18001627922058105,1.3394799680099823e-05, Tokyo,0.40870580077171326,9.526101112365723,0.020165443420410156,False,False,0.13
to_Berlin,is,5,1,1,1.0,9.484895706176758,0.17648065090179443,1.3410943211056292e-05, Tokyo,0.40870580077171326,9.526101112365723,0.041205406188964844,False,False,0.26
to_Berlin,is,5,1,1,2.0,9.439970016479492,0.16919387876987457,1.344799511571182e-05, Tokyo,0.40870580077171326,9.526101112365723,0.08613109588623047,False,False,0.52
to_Berlin,is,5,5,1,0.0,9.526101112365723,0.18348456919193268,1.33803214339423e-05, Tokyo,0.40870580077171326,9.526101112365723,-0.0,False,False,0.00
to_Berlin,is,5,5,1,0.5,9.505935668945312,0.18001627922058105,1.3394799680099823e-05, Tokyo,0.40870580077171326,9.526101112365723,0.020165443420410156,False,False,0.13
to_Berlin,is,5,5,1,1.0,9.484895706176758,0.17648065090179443,1.3410943211056292e-05, Tokyo,0.40870580077171326,9.526101112365723,0.041205406188964844,False,False,0.26
to_Berlin,is,5,5,1,2.0,9.439970016479492,0.16919387876987457,1.344799511571182e-05, Tokyo,0.40870580077171326,9.526101112365723,0.08613109588623047,False,False,0.52
to_Berlin,is,5,10,1,0.0,9.526101112365723,0.18348456919193268,1.33803214339423e-05, Tokyo,0.40870580077171326,9.526101112365723,-0.0,False,False,0.00
to_Berlin,is,5,10,1,0.5,9.505935668945312,0.18001627922058105,1.3394799680099823e-05, Tokyo,0.40870580077171326,9.526101112365723,0.020165443420410156,False,False,0.13
to_Berlin,is,5,10,1,1.0,9.484895706176758,0.17648065090179443,1.3410943211056292e-05, Tokyo,0.40870580077171326,9.526101112365723,0.041205406188964844,False,False,0.26
to_Berlin,is,5,10,1,2.0,9.439970016479492,0.16919387876987457,1.344799511571182e-05, Tokyo,0.40870580077171326,9.526101112365723,0.08613109588623047,False,False,0.52
to_Berlin,is,6,1,1,0.0,9.526101112365723,0.18348456919193268,1.33803214339423e-05, Tokyo,0.40870580077171326,9.526101112365723,-0.0,False,False,0.00
to_Berlin,is,6,1,1,0.5,9.467220306396484,0.17623387277126312,1.3630998182634357e-05, Tokyo,0.40870580077171326,9.526101112365723,0.05888080596923828,False,False,0.33
to_Berlin,is,6,1,1,1.0,9.404585838317871,0.16866934299468994,1.3889178262616042e-05, Tokyo,0.40870580077171326,9.526101112365723,0.12151527404785156,False,False,0.66
to_Berlin,is,6,1,1,2.0,9.269359588623047,0.15292134881019592,1.4415723853744566e-05, Tokyo,0.40870580077171326,9.526101112365723,0.2567415237426758,False,False,1.32
to_Berlin,is,6,5,1,0.0,9.526101112365723,0.18348456919193268,1.33803214339423e-05, Tokyo,0.40870580077171326,9.526101112365723,-0.0,False,False,0.00
to_Berlin,is,6,5,1,0.5,9.467220306396484,0.17623387277126312,1.3630998182634357e-05, Tokyo,0.40870580077171326,9.526101112365723,0.05888080596923828,False,False,0.33
to_Berlin,is,6,5,1,1.0,9.404585838317871,0.16866934299468994,1.3889178262616042e-05, Tokyo,0.40870580077171326,9.526101112365723,0.12151527404785156,False,False,0.66
to_Berlin,is,6,5,1,2.0,9.269359588623047,0.15292134881019592,1.4415723853744566e-05, Tokyo,0.40870580077171326,9.526101112365723,0.2567415237426758,False,False,1.32
to_Berlin,is,6,10,1,0.0,9.526101112365723,0.18348456919193268,1.33803214339423e-05, Tokyo,0.40870580077171326,9.526101112365723,-0.0,False,False,0.00
to_Berlin,is,6,10,1,0.5,9.467220306396484,0.17623387277126312,1.3630998182634357e-05, Tokyo,0.40870580077171326,9.526101112365723,0.05888080596923828,False,False,0.33
to_Berlin,is,6,10,1,1.0,9.404585838317871,0.16866934299468994,1.3889178262616042e-05, Tokyo,0.40870580077171326,9.526101112365723,0.12151527404785156,False,False,0.66
to_Berlin,is,6,10,1,2.0,9.269359588623047,0.15292134881019592,1.4415723853744566e-05, Tokyo,0.40870580077171326,9.526101112365723,0.2567415237426758,False,False,1.32
to_Berlin,is,7,1,1,0.0,9.526101112365723,0.18348456919193268,1.33803214339423e-05, Tokyo,0.40870580077171326,9.526101112365723,-0.0,False,False,0.00
to_Berlin,is,7,1,1,0.5,9.494604110717773,0.17897537350654602,1.3469120858644601e-05, Tokyo,0.40870580077171326,9.526101112365723,0.03149700164794922,False,False,0.31
to_Berlin,is,7,1,1,1.0,9.461387634277344,0.17436422407627106,1.3565288099925965e-05, Tokyo,0.40870580077171326,9.526101112365723,0.0647134780883789,False,False,0.63
to_Berlin,is,7,1,1,2.0,9.389494895935059,0.16483664512634277,1.377996159135364e-05, Tokyo,0.40870580077171326,9.526101112365723,0.13660621643066406,False,False,1.25
to_Berlin,is,7,5,4,0.0,9.526101112365723,0.18348456919193268,1.33803214339423e-05, Tokyo,0.40870580077171326,9.526101112365723,-0.0,False,False,0.00
to_Berlin,is,7,5,4,0.5,9.480487823486328,0.17780566215515137,1.357131804979872e-05, Tokyo,0.40870580077171326,9.526101112365723,0.04561328887939453,False,False,0.40
to_Berlin,is,7,5,4,1.0,9.430781364440918,0.1716945916414261,1.3772735655948054e-05, Tokyo,0.40870580077171326,9.526101112365723,0.09531974792480469,False,False,0.80
to_Berlin,is,7,5,4,2.0,9.31788158416748,0.1581810861825943,1.420528133166954e-05, Tokyo,0.40870580077171326,9.526101112365723,0.2082195281982422,False,False,1.61
to_Berlin,is,7,10,4,0.0,9.526101112365723,0.18348456919193268,1.33803214339423e-05, Tokyo,0.40870580077171326,9.526101112365723,-0.0,False,False,0.00
to_Berlin,is,7,10,4,0.5,9.480487823486328,0.17780566215515137,1.357131804979872e-05, Tokyo,0.40870580077171326,9.526101112365723,0.04561328887939453,False,False,0.40
to_Berlin,is,7,10,4,1.0,9.430781364440918,0.1716945916414261,1.3772735655948054e-05, Tokyo,0.40870580077171326,9.526101112365723,0.09531974792480469,False,False,0.80
to_Berlin,is,7,10,4,2.0,9.31788158416748,0.1581810861825943,1.420528133166954e-05, Tokyo,0.40870580077171326,9.526101112365723,0.2082195281982422,False,False,1.61
to_Berlin,is,8,1,1,0.0,9.526101112365723,0.18348456919193268,1.33803214339423e-05, Tokyo,0.40870580077171326,9.526101112365723,-0.0,False,False,0.00
to_Berlin,is,8,1,1,0.5,9.462098121643066,0.1697567105293274,1.3197449334256817e-05, Tokyo,0.40870580077171326,9.526101112365723,0.06400299072265625,False,False,0.59
to_Berlin,is,8,1,1,1.0,9.389398574829102,0.15547841787338257,1.2998889360460453e-05, Tokyo,0.40870580077171326,9.526101112365723,0.1367025375366211,False,False,1.19
to_Berlin,is,8,1,1,2.0,9.212177276611328,0.12573619186878204,1.2550543942779768e-05, a,0.40870580077171326,9.526101112365723,0.31392383575439453,False,False,2.38
to_Berlin,is,8,5,5,0.0,9.526101112365723,0.18348456919193268,1.33803214339423e-05, Tokyo,0.40870580077171326,9.526101112365723,-0.0,False,False,0.00
to_Berlin,is,8,5,5,0.5,9.33041000366211,0.153414785861969,1.3605725143861491e-05, Tokyo,0.40870580077171326,9.526101112365723,0.19569110870361328,False,False,0.92
to_Berlin,is,8,5,5,1.0,9.101301193237305,0.12334144860506058,1.3755119653069414e-05, a,0.40870580077171326,9.526101112365723,0.42479991912841797,False,False,1.84
to_Berlin,is,8,5,5,2.0,8.529932975769043,0.06913542002439499,1.365204752801219e-05, a,0.40870580077171326,9.526101112365723,0.9961681365966797,False,False,3.69
to_Berlin,is,8,10,10,0.0,9.526101112365723,0.18348456919193268,1.33803214339423e-05, Tokyo,0.40870580077171326,9.526101112365723,-0.0,False,False,0.00
to_Berlin,is,8,10,10,0.5,9.306541442871094,0.14938363432884216,1.3568238500738516e-05, Tokyo,0.40870580077171326,9.526101112365723,0.2195596694946289,False,False,0.96
to_Berlin,is,8,10,10,1.0,9.04513168334961,0.11570744216442108,1.3649300854012836e-05, a,0.40870580077171326,9.526101112365723,0.4809694290161133,False,False,1.91
to_Berlin,is,8,10,10,2.0,8.38328742980957,0.05804392322897911,1.3272157048049849e-05, a,0.40870580077171326,9.526101112365723,1.1428136825561523,False,False,3.83
to_Berlin,is,9,1,1,0.0,9.526101112365723,0.18348456919193268,1.33803214339423e-05, Tokyo,0.40870580077171326,9.526101112365723,-0.0,False,False,0.00
to_Berlin,is,9,1,1,0.5,9.488243103027344,0.17515861988067627,1.3265994311950635e-05, Tokyo,0.40870580077171326,9.526101112365723,0.037858009338378906,False,False,0.40
to_Berlin,is,9,1,1,1.0,9.446544647216797,0.1665257066488266,1.314919427386485e-05, Tokyo,0.40870580077171326,9.526101112365723,0.07955646514892578,False,False,0.81
to_Berlin,is,9,1,1,2.0,9.351935386657715,0.14865633845329285,1.2902960406790953e-05, Tokyo,0.40870580077171326,9.526101112365723,0.1741657257080078,False,False,1.61
to_Berlin,is,9,5,5,0.0,9.526101112365723,0.18348456919193268,1.33803214339423e-05, Tokyo,0.40870580077171326,9.526101112365723,-0.0,False,False,0.00
to_Berlin,is,9,5,5,0.5,9.465386390686035,0.17236708104610443,1.3356392628338654e-05, Tokyo,0.40870580077171326,9.526101112365723,0.0607147216796875,False,False,0.41
to_Berlin,is,9,5,5,1.0,9.3982572555542,0.16084855794906616,1.3329250577953644e-05, Tokyo,0.40870580077171326,9.526101112365723,0.12784385681152344,False,False,0.82
to_Berlin,is,9,5,5,2.0,9.24620246887207,0.13734470307826996,1.3250644769868813e-05, a,0.40870580077171326,9.526101112365723,0.27989864349365234,False,False,1.64
to_Berlin,is,9,10,6,0.0,9.526101112365723,0.18348456919193268,1.33803214339423e-05, Tokyo,0.40870580077171326,9.526101112365723,-0.0,False,False,0.00
to_Berlin,is,9,10,6,0.5,9.465387344360352,0.17236708104610443,1.3356378985918127e-05, Tokyo,0.40870580077171326,9.526101112365723,0.060713768005371094,False,False,0.41
to_Berlin,is,9,10,6,1.0,9.398256301879883,0.16084834933280945,1.3329250577953644e-05, Tokyo,0.40870580077171326,9.526101112365723,0.12784481048583984,False,False,0.82
to_Berlin,is,9,10,6,2.0,9.24620246887207,0.1373445689678192,1.3250644769868813e-05, a,0.40870580077171326,9.526101112365723,0.27989864349365234,False,False,1.64
to_Berlin,is,10,1,1,0.0,9.526101112365723,0.18348456919193268,1.33803214339423e-05, Tokyo,0.40870580077171326,9.526101112365723,-0.0,False,False,0.00
to_Berlin,is,10,1,1,0.5,9.390134811401367,0.15920856595039368,1.3300958016770892e-05, Tokyo,0.40870580077171326,9.526101112365723,0.13596630096435547,False,False,0.85
to_Berlin,is,10,1,1,1.0,9.243875503540039,0.13575780391693115,1.3128068530932069e-05, a,0.40870580077171326,9.526101112365723,0.2822256088256836,False,False,1.71
to_Berlin,is,10,1,1,2.0,8.925787925720215,0.09351729601621628,1.2430010428943206e-05, a,0.40870580077171326,9.526101112365723,0.6003131866455078,False,False,3.41
to_Berlin,is,10,5,5,0.0,9.526101112365723,0.18348456919193268,1.33803214339423e-05, Tokyo,0.40870580077171326,9.526101112365723,-0.0,False,False,0.00
to_Berlin,is,10,5,5,0.5,9.304655075073242,0.150762140750885,1.3719301932724193e-05, Tokyo,0.40870580077171326,9.526101112365723,0.22144603729248047,False,False,1.36
to_Berlin,is,10,5,5,1.0,9.071557998657227,0.12028426676988602,1.3819152627547737e-05, a,0.40870580077171326,9.526101112365723,0.4545431137084961,False,False,2.72
to_Berlin,is,10,5,5,2.0,8.578239440917969,0.06957513093948364,1.309097478952026e-05, a,0.40870580077171326,9.526101112365723,0.9478616714477539,False,False,5.44
to_Berlin,is,10,10,7,0.0,9.526101112365723,0.18348456919193268,1.33803214339423e-05, Tokyo,0.40870580077171326,9.526101112365723,-0.0,False,False,0.00
to_Berlin,is,10,10,7,0.5,9.298341751098633,0.1501256227493286,1.374789462715853e-05, Tokyo,0.40870580077171326,9.526101112365723,0.22775936126708984,False,False,1.37
to_Berlin,is,10,10,7,1.0,9.059362411499023,0.11920026689767838,1.386264557368122e-05, a,0.40870580077171326,9.526101112365723,0.4667387008666992,False,False,2.74
to_Berlin,is,10,10,7,2.0,8.55533218383789,0.06814349442720413,1.3118719834892545e-05, a,0.40870580077171326,9.526101112365723,0.970768928527832,False,False,5.48
to_Berlin,is,11,1,1,0.0,9.526101112365723,0.18348456919193268,1.33803214339423e-05, Tokyo,0.40870580077171326,9.526101112365723,-0.0,False,False,0.00
to_Berlin,is,11,1,1,0.5,9.504844665527344,0.17994193732738495,1.3403885532170534e-05, Tokyo,0.40870580077171326,9.526101112365723,0.021256446838378906,False,False,0.39
to_Berlin,is,11,1,1,1.0,9.481839179992676,0.1761716604232788,1.3428438251139596e-05, Tokyo,0.40870580077171326,9.526101112365723,0.044261932373046875,False,False,0.77
to_Berlin,is,11,1,1,2.0,9.43072509765625,0.16801375150680542,1.347823126707226e-05, Tokyo,0.40870580077171326,9.526101112365723,0.09537601470947266,False,False,1.55
to_Berlin,is,11,5,5,0.0,9.526101112365723,0.18348456919193268,1.33803214339423e-05, Tokyo,0.40870580077171326,9.526101112365723,-0.0,False,False,0.00
to_Berlin,is,11,5,5,0.5,9.493576049804688,0.17874297499656677,1.3465461051964667e-05, Tokyo,0.40870580077171326,9.526101112365723,0.032525062561035156,False,False,0.35
to_Berlin,is,11,5,5,1.0,9.4597749710083,0.1738496571779251,1.3547085472964682e-05, Tokyo,0.40870580077171326,9.526101112365723,0.06632614135742188,False,False,0.71
to_Berlin,is,11,5,5,2.0,9.388486862182617,0.1636662632226944,1.3695916095457505e-05, Tokyo,0.40870580077171326,9.526101112365723,0.13761425018310547,False,False,1.41
to_Berlin,is,11,10,7,0.0,9.526101112365723,0.18348456919193268,1.33803214339423e-05, Tokyo,0.40870580077171326,9.526101112365723,-0.0,False,False,0.00
to_Berlin,is,11,10,7,0.5,9.4937105178833,0.17793788015842438,1.3403003322309814e-05, Tokyo,0.40870580077171326,9.526101112365723,0.032390594482421875,False,False,0.37
to_Berlin,is,11,10,7,1.0,9.46034049987793,0.17234013974666595,1.3421857147477567e-05, Tokyo,0.40870580077171326,9.526101112365723,0.06576061248779297,False,False,0.75
to_Berlin,is,11,10,7,2.0,9.390811920166016,0.16104328632354736,1.344512293144362e-05, Tokyo,0.40870580077171326,9.526101112365723,0.13528919219970703,False,False,1.50
to_Berlin,is,12,1,1,0.0,9.526101112365723,0.18348456919193268,1.33803214339423e-05, Tokyo,0.40870580077171326,9.526101112365723,-0.0,False,False,0.00
to_Berlin,is,12,1,1,0.5,9.476245880126953,0.17446917295455933,1.3373267393035349e-05, Tokyo,0.40870580077171326,9.526101112365723,0.04985523223876953,False,False,0.21
to_Berlin,is,12,1,1,1.0,9.425414085388184,0.1655922830104828,1.33547237055609e-05, Tokyo,0.40870580077171326,9.526101112365723,0.10068702697753906,False,False,0.43
to_Berlin,is,12,1,1,2.0,9.320796012878418,0.14832642674446106,1.3281539395393338e-05, Tokyo,0.40870580077171326,9.526101112365723,0.2053050994873047,False,False,0.86
to_Berlin,is,12,5,5,0.0,9.526101112365723,0.18348456919193268,1.33803214339423e-05, Tokyo,0.40870580077171326,9.526101112365723,-0.0,False,False,0.00
to_Berlin,is,12,5,5,0.5,9.450139045715332,0.1706787794828415,1.3428771126200445e-05, Tokyo,0.40870580077171326,9.526101112365723,0.07596206665039062,False,False,0.48
to_Berlin,is,12,5,5,1.0,9.373169898986816,0.15817268192768097,1.3440507245832123e-05, Tokyo,0.40870580077171326,9.526101112365723,0.15293121337890625,False,False,0.97
to_Berlin,is,12,5,5,2.0,9.216201782226562,0.1342749148607254,1.3349018445296679e-05, a,0.40870580077171326,9.526101112365723,0.30989933013916016,False,False,1.94
to_Berlin,is,12,10,8,0.0,9.526101112365723,0.18348456919193268,1.33803214339423e-05, Tokyo,0.40870580077171326,9.526101112365723,-0.0,False,False,0.00
to_Berlin,is,12,10,8,0.5,9.446122169494629,0.16832230985164642,1.3296671568241436e-05, Tokyo,0.40870580077171326,9.526101112365723,0.07997894287109375,False,False,0.54
to_Berlin,is,12,10,8,1.0,9.36479377746582,0.15357354283332825,1.3159456102584954e-05, Tokyo,0.40870580077171326,9.526101112365723,0.16130733489990234,False,False,1.08
to_Berlin,is,12,10,8,2.0,9.198136329650879,0.12570670247077942,1.2725022315862589e-05, a,0.40870580077171326,9.526101112365723,0.32796478271484375,False,False,2.17
to_Berlin,is,13,1,1,0.0,9.526101112365723,0.18348456919193268,1.33803214339423e-05, Tokyo,0.40870580077171326,9.526101112365723,-0.0,False,False,0.00
to_Berlin,is,13,1,1,0.5,9.520231246948242,0.18272298574447632,1.3403220691543538e-05, Tokyo,0.40870580077171326,9.526101112365723,0.005869865417480469,False,False,0.06
to_Berlin,is,13,1,1,1.0,9.51435375213623,0.18196158111095428,1.3426056284515653e-05, Tokyo,0.40870580077171326,9.526101112365723,0.011747360229492188,False,False,0.12
to_Berlin,is,13,1,1,2.0,9.50256061553955,0.18043747544288635,1.3471535567077808e-05, Tokyo,0.40870580077171326,9.526101112365723,0.023540496826171875,False,False,0.24
to_Berlin,is,13,5,5,0.0,9.526101112365723,0.18348456919193268,1.33803214339423e-05, Tokyo,0.40870580077171326,9.526101112365723,-0.0,False,False,0.00
to_Berlin,is,13,5,5,0.5,9.511672973632812,0.1809297502040863,1.3385758393269498e-05, Tokyo,0.40870580077171326,9.526101112365723,0.014428138732910156,False,False,0.20
to_Berlin,is,13,5,5,1.0,9.497232437133789,0.17840546369552612,1.3390980711847078e-05, Tokyo,0.40870580077171326,9.526101112365723,0.028868675231933594,False,False,0.39
to_Berlin,is,13,5,5,2.0,9.468347549438477,0.173454150557518,1.3400881471170578e-05, Tokyo,0.40870580077171326,9.526101112365723,0.057753562927246094,False,False,0.79
to_Berlin,is,13,10,6,0.0,9.526101112365723,0.18348456919193268,1.33803214339423e-05, Tokyo,0.40870580077171326,9.526101112365723,-0.0,False,False,0.00
to_Berlin,is,13,10,6,0.5,9.511554718017578,0.18109816312789917,1.3399795534496661e-05, Tokyo,0.40870580077171326,9.526101112365723,0.014546394348144531,False,False,0.19
to_Berlin,is,13,10,6,1.0,9.496960639953613,0.17873242497444153,1.341917050012853e-05, Tokyo,0.40870580077171326,9.526101112365723,0.029140472412109375,False,False,0.38
to_Berlin,is,13,10,6,2.0,9.46763801574707,0.1740623414516449,1.3457424756779801e-05, Tokyo,0.40870580077171326,9.526101112365723,0.058463096618652344,False,False,0.76
to_Berlin,is,14,1,1,0.0,9.526101112365723,0.18348456919193268,1.33803214339423e-05, Tokyo,0.40870580077171326,9.526101112365723,-0.0,False,False,0.00
to_Berlin,is,14,1,1,0.5,9.486634254455566,0.17878557741641998,1.3562493222707417e-05, Tokyo,0.40870580077171326,9.526101112365723,0.03946685791015625,False,False,1.13
to_Berlin,is,14,1,1,1.0,9.448248863220215,0.17494244873523712,1.379026798531413e-05, Tokyo,0.40870580077171326,9.526101112365723,0.07785224914550781,False,False,2.26
to_Berlin,is,14,1,1,2.0,9.378704071044922,0.1704058200120926,1.4400086911336984e-05, Tokyo,0.40870580077171326,9.526101112365723,0.14739704132080078,False,False,4.51
to_Berlin,is,14,5,5,0.0,9.526101112365723,0.18348456919193268,1.33803214339423e-05, Tokyo,0.40870580077171326,9.526101112365723,-0.0,False,False,0.00
to_Berlin,is,14,5,5,0.5,9.408098220825195,0.17454074323177338,1.4322265997179784e-05, Tokyo,0.40870580077171326,9.526101112365723,0.11800289154052734,False,False,1.60
to_Berlin,is,14,5,5,1.0,9.291501998901367,0.16628655791282654,1.5332365364884026e-05, Tokyo,0.40870580077171326,9.526101112365723,0.23459911346435547,False,False,3.20
to_Berlin,is,14,5,5,2.0,9.070627212524414,0.15267787873744965,1.755709854478482e-05, Tokyo,0.40870580077171326,9.526101112365723,0.4554738998413086,False,False,6.39
to_Berlin,is,14,10,10,0.0,9.526101112365723,0.18348456919193268,1.33803214339423e-05, Tokyo,0.40870580077171326,9.526101112365723,-0.0,False,False,0.00
to_Berlin,is,14,10,10,0.5,9.377756118774414,0.17228293418884277,1.4572512554877903e-05, Tokyo,0.40870580077171326,9.526101112365723,0.1483449935913086,False,False,1.75
to_Berlin,is,14,10,10,1.0,9.231821060180664,0.16192543506622314,1.5848421753617004e-05, Tokyo,0.40870580077171326,9.526101112365723,0.2942800521850586,False,False,3.49
to_Berlin,is,14,10,10,2.0,8.959513664245605,0.1451803743839264,1.8656950487638824e-05, Tokyo,0.40870580077171326,9.526101112365723,0.5665874481201172,False,False,6.98
to_Berlin,is,15,1,1,0.0,9.526101112365723,0.18348456919193268,1.33803214339423e-05, Tokyo,0.40870580077171326,9.526101112365723,-0.0,False,False,0.00
to_Berlin,is,15,1,1,0.5,9.493610382080078,0.17297020554542542,1.3030129593971651e-05, Tokyo,0.40870580077171326,9.526101112365723,0.03249073028564453,False,False,0.70
to_Berlin,is,15,1,1,1.0,9.458794593811035,0.16269561648368835,1.26903496493469e-05, Tokyo,0.40870580077171326,9.526101112365723,0.0673065185546875,False,False,1.40
to_Berlin,is,15,1,1,2.0,9.383003234863281,0.14308880269527435,1.2039803550578654e-05, a,0.40870580077171326,9.526101112365723,0.1430978775024414,False,False,2.80
to_Berlin,is,15,5,5,0.0,9.526101112365723,0.18348456919193268,1.33803214339423e-05, Tokyo,0.40870580077171326,9.526101112365723,-0.0,False,False,0.00
to_Berlin,is,15,5,5,0.5,9.469574928283691,0.17094585299491882,1.3190906429372262e-05, Tokyo,0.40870580077171326,9.526101112365723,0.05652618408203125,False,False,0.82
to_Berlin,is,15,5,5,1.0,9.409845352172852,0.15871001780033112,1.300051371799782e-05, Tokyo,0.40870580077171326,9.526101112365723,0.1162557601928711,False,False,1.64
to_Berlin,is,15,5,5,2.0,9.282110214233398,0.13552045822143555,1.2613490980584174e-05, a,0.40870580077171326,9.526101112365723,0.24399089813232422,False,False,3.27
to_Berlin,is,15,10,10,0.0,9.526101112365723,0.18348456919193268,1.33803214339423e-05, Tokyo,0.40870580077171326,9.526101112365723,-0.0,False,False,0.00
to_Berlin,is,15,10,10,0.5,9.465961456298828,0.17031200230121613,1.3189560377213638e-05, Tokyo,0.40870580077171326,9.526101112365723,0.06013965606689453,False,False,0.81
to_Berlin,is,15,10,10,1.0,9.402907371520996,0.15755046904087067,1.2995382348890416e-05, Tokyo,0.40870580077171326,9.526101112365723,0.12319374084472656,False,False,1.62
to_Berlin,is,15,10,10,2.0,9.269500732421875,0.1336326003074646,1.2595603948284406e-05, a,0.40870580077171326,9.526101112365723,0.25660037994384766,False,False,3.25
to_Berlin,is,16,1,1,0.0,9.526101112365723,0.18348456919193268,1.33803214339423e-05, Tokyo,0.40870580077171326,9.526101112365723,-0.0,False,False,0.00
to_Berlin,is,16,1,1,0.5,9.502182006835938,0.17800714075565338,1.329512451775372e-05, Tokyo,0.40870580077171326,9.526101112365723,0.023919105529785156,False,False,0.93
to_Berlin,is,16,1,1,1.0,9.47651481628418,0.17246732115745544,1.3216266779636499e-05, Tokyo,0.40870580077171326,9.526101112365723,0.04958629608154297,False,False,1.86
to_Berlin,is,16,1,1,2.0,9.419962882995605,0.1612396091222763,1.3074767593934666e-05, Tokyo,0.40870580077171326,9.526101112365723,0.10613822937011719,False,False,3.71
to_Berlin,is,16,5,5,0.0,9.526101112365723,0.18348456919193268,1.33803214339423e-05, Tokyo,0.40870580077171326,9.526101112365723,-0.0,False,False,0.00
to_Berlin,is,16,5,5,0.5,9.444562911987305,0.16682493686676025,1.3198947272030637e-05, Tokyo,0.40870580077171326,9.526101112365723,0.08153820037841797,False,False,1.63
to_Berlin,is,16,5,5,1.0,9.360052108764648,0.15085795521736145,1.2988208254682831e-05, Tokyo,0.40870580077171326,9.526101112365723,0.16604900360107422,False,False,3.26
to_Berlin,is,16,5,5,2.0,9.182655334472656,0.12134480476379395,1.2475113180698827e-05, a,0.40870580077171326,9.526101112365723,0.3434457778930664,False,False,6.51
to_Berlin,is,16,10,7,0.0,9.526101112365723,0.18348456919193268,1.33803214339423e-05, Tokyo,0.40870580077171326,9.526101112365723,-0.0,False,False,0.00
to_Berlin,is,16,10,7,0.5,9.442543029785156,0.16775073111057281,1.3299030797497835e-05, Tokyo,0.40870580077171326,9.526101112365723,0.0835580825805664,False,False,1.63
to_Berlin,is,16,10,7,1.0,9.355826377868652,0.15262623131275177,1.3196090549172368e-05, Tokyo,0.40870580077171326,9.526101112365723,0.1702747344970703,False,False,3.26
to_Berlin,is,16,10,7,2.0,9.174092292785645,0.12457030266523361,1.2916860214318149e-05, a,0.40870580077171326,9.526101112365723,0.3520088195800781,False,False,6.53
to_Berlin,is,17,1,1,0.0,9.526101112365723,0.18348456919193268,1.33803214339423e-05, Tokyo,0.40870580077171326,9.526101112365723,-0.0,False,False,0.00
to_Berlin,is,17,1,1,0.5,9.458731651306152,0.17090632021427155,1.3331627997104079e-05, Tokyo,0.40870580077171326,9.526101112365723,0.06736946105957031,False,False,1.27
to_Berlin,is,17,1,1,1.0,9.389280319213867,0.1585669070482254,1.325867106061196e-05, Tokyo,0.40870580077171326,9.526101112365723,0.13682079315185547,False,False,2.54
to_Berlin,is,17,1,1,2.0,9.244604110717773,0.13497142493724823,1.3042500540905166e-05, a,0.40870580077171326,9.526101112365723,0.2814970016479492,False,False,5.08
to_Berlin,is,17,5,5,0.0,9.526101112365723,0.18348456919193268,1.33803214339423e-05, Tokyo,0.40870580077171326,9.526101112365723,-0.0,False,False,0.00
to_Berlin,is,17,5,5,0.5,9.401504516601562,0.16233153641223907,1.3408538507064804e-05, Tokyo,0.40870580077171326,9.526101112365723,0.12459659576416016,False,False,1.62
to_Berlin,is,17,5,5,1.0,9.273825645446777,0.14252202212810516,1.3375524758885149e-05, a,0.40870580077171326,9.526101112365723,0.2522754669189453,False,False,3.24
to_Berlin,is,17,5,5,2.0,9.009283065795898,0.10748254507780075,1.3141834642738104e-05, a,0.40870580077171326,9.526101112365723,0.5168180465698242,False,False,6.47
to_Berlin,is,17,10,6,0.0,9.526101112365723,0.18348456919193268,1.33803214339423e-05, Tokyo,0.40870580077171326,9.526101112365723,-0.0,False,False,0.00
to_Berlin,is,17,10,6,0.5,9.400918960571289,0.16197547316551208,1.3386958926275838e-05, Tokyo,0.40870580077171326,9.526101112365723,0.1251821517944336,False,False,1.63
to_Berlin,is,17,10,6,1.0,9.272302627563477,0.14183881878852844,1.3331690752238501e-05, a,0.40870580077171326,9.526101112365723,0.2537984848022461,False,False,3.27
to_Berlin,is,17,10,6,2.0,9.004976272583008,0.10627887398004532,1.305073601542972e-05, a,0.40870580077171326,9.526101112365723,0.5211248397827148,False,False,6.54
to_Berlin,is,18,1,1,0.0,9.526101112365723,0.18348456919193268,1.33803214339423e-05, Tokyo,0.40870580077171326,9.526101112365723,-0.0,False,False,0.00
to_Berlin,is,18,1,1,0.5,9.506190299987793,0.18344753980636597,1.3646645129483659e-05, Tokyo,0.40870580077171326,9.526101112365723,0.019910812377929688,False,False,0.64
to_Berlin,is,18,1,1,1.0,9.486150741577148,0.18338608741760254,1.391821751894895e-05, Tokyo,0.40870580077171326,9.526101112365723,0.03995037078857422,False,False,1.28
to_Berlin,is,18,1,1,2.0,9.445697784423828,0.18319188058376312,1.4477444892690983e-05, Tokyo,0.40870580077171326,9.526101112365723,0.08040332794189453,False,False,2.57
to_Berlin,is,18,5,5,0.0,9.526101112365723,0.18348456919193268,1.33803214339423e-05, Tokyo,0.40870580077171326,9.526101112365723,-0.0,False,False,0.00
to_Berlin,is,18,5,5,0.5,9.463794708251953,0.180827334523201,1.4034283594810404e-05, Tokyo,0.40870580077171326,9.526101112365723,0.06230640411376953,False,False,1.23
to_Berlin,is,18,5,5,1.0,9.401410102844238,0.17808622121810913,1.471125415264396e-05, Tokyo,0.40870580077171326,9.526101112365723,0.12469100952148438,False,False,2.47
to_Berlin,is,18,5,5,2.0,9.276531219482422,0.17237159609794617,1.613316089787986e-05, Tokyo,0.40870580077171326,9.526101112365723,0.24956989288330078,False,False,4.93
to_Berlin,is,18,10,8,0.0,9.526101112365723,0.18348456919193268,1.33803214339423e-05, Tokyo,0.40870580077171326,9.526101112365723,-0.0,False,False,0.00
to_Berlin,is,18,10,8,0.5,9.462325096130371,0.18077382445335388,1.4050768186280038e-05, Tokyo,0.40870580077171326,9.526101112365723,0.06377601623535156,False,False,1.23
to_Berlin,is,18,10,8,1.0,9.398426055908203,0.1779867261648178,1.4746974557056092e-05, Tokyo,0.40870580077171326,9.526101112365723,0.12767505645751953,False,False,2.46
to_Berlin,is,18,10,8,2.0,9.270334243774414,0.17220208048820496,1.6217481970670633e-05, Tokyo,0.40870580077171326,9.526101112365723,0.2557668685913086,False,False,4.91
to_Berlin,is,19,1,1,0.0,9.526101112365723,0.18348456919193268,1.33803214339423e-05, Tokyo,0.40870580077171326,9.526101112365723,-0.0,False,False,0.00
to_Berlin,is,19,1,1,0.5,9.448606491088867,0.17409257590770721,1.3718373338633683e-05, Tokyo,0.40870580077171326,9.526101112365723,0.07749462127685547,False,False,2.76
to_Berlin,is,19,1,1,1.0,9.372330665588379,0.164632648229599,1.4001169802213553e-05, Tokyo,0.40870580077171326,9.526101112365723,0.15377044677734375,False,False,5.52
to_Berlin,is,19,1,1,2.0,9.224876403808594,0.14562006294727325,1.4351869140227791e-05, Tokyo,0.40870580077171326,9.526101112365723,0.3012247085571289,False,False,11.05
to_Berlin,is,19,5,4,0.0,9.526101112365723,0.18348456919193268,1.33803214339423e-05, Tokyo,0.40870580077171326,9.526101112365723,-0.0,False,False,0.00
to_Berlin,is,19,5,4,0.5,9.418830871582031,0.1706973910331726,1.3857358680979814e-05, Tokyo,0.40870580077171326,9.526101112365723,0.1072702407836914,False,False,3.12
to_Berlin,is,19,5,4,1.0,9.313919067382812,0.15799619257450104,1.4245016245695297e-05, Tokyo,0.40870580077171326,9.526101112365723,0.21218204498291016,False,False,6.25
to_Berlin,is,19,5,4,2.0,9.113916397094727,0.1331094354391098,1.4658357940788846e-05, Tokyo,0.40870580077171326,9.526101112365723,0.4121847152709961,False,False,12.50
to_Berlin,is,19,10,4,0.0,9.526101112365723,0.18348456919193268,1.33803214339423e-05, Tokyo,0.40870580077171326,9.526101112365723,-0.0,False,False,0.00
to_Berlin,is,19,10,4,0.5,9.418830871582031,0.1706973910331726,1.3857358680979814e-05, Tokyo,0.40870580077171326,9.526101112365723,0.1072702407836914,False,False,3.12
to_Berlin,is,19,10,4,1.0,9.313919067382812,0.15799619257450104,1.4245016245695297e-05, Tokyo,0.40870580077171326,9.526101112365723,0.21218204498291016,False,False,6.25
to_Berlin,is,19,10,4,2.0,9.113916397094727,0.1331094354391098,1.4658357940788846e-05, Tokyo,0.40870580077171326,9.526101112365723,0.4121847152709961,False,False,12.50
to_Berlin,is,20,1,1,0.0,9.526101112365723,0.18348456919193268,1.33803214339423e-05, Tokyo,0.40870580077171326,9.526101112365723,-0.0,False,False,0.00
to_Berlin,is,20,1,1,0.5,9.020427703857422,0.18059039115905762,2.1835976440343075e-05, Tokyo,0.40870580077171326,9.526101112365723,0.5056734085083008,False,False,7.03
to_Berlin,is,20,1,1,1.0,8.340263366699219,0.17361652851104736,4.144392005400732e-05, Tokyo,0.40870580077171326,9.526101112365723,1.185837745666504,False,False,14.07
to_Berlin,is,20,1,1,2.0,6.423865795135498,0.14334073662757874,0.00023255195992533118, a,0.40870580077171326,9.526101112365723,3.1022353172302246,False,False,28.13
to_Berlin,is,20,5,5,0.0,9.526101112365723,0.18348456919193268,1.33803214339423e-05, Tokyo,0.40870580077171326,9.526101112365723,-0.0,False,False,0.00
to_Berlin,is,20,5,5,0.5,8.43282699584961,0.1513204276561737,3.292816472821869e-05, Tokyo,0.40870580077171326,9.526101112365723,1.0932741165161133,False,False,13.15
to_Berlin,is,20,5,5,1.0,6.951722621917725,0.11008758097887039,0.00010535223555052653, a,0.40870580077171326,9.526101112365723,2.574378490447998,False,False,26.31
to_Berlin,is,20,5,5,2.0,3.7004804611206055,0.03883088007569313,0.0009595751762390137, a,0.40870580077171326,9.526101112365723,5.825620651245117,False,False,52.61
to_Berlin,is,20,10,9,0.0,9.526101112365723,0.18348456919193268,1.33803214339423e-05, Tokyo,0.40870580077171326,9.526101112365723,-0.0,False,False,0.00
to_Berlin,is,20,10,9,0.5,8.429939270019531,0.15143704414367676,3.304881465737708e-05, Tokyo,0.40870580077171326,9.526101112365723,1.0961618423461914,False,False,13.17
to_Berlin,is,20,10,9,1.0,6.941162109375,0.11018359661102295,0.00010656350787030533, a,0.40870580077171326,9.526101112365723,2.5849390029907227,False,False,26.34
to_Berlin,is,20,10,9,2.0,3.669767379760742,0.03870811313390732,0.0009863754967227578, a,0.40870580077171326,9.526101112365723,5.8563337326049805,False,False,52.68
to_Berlin,is,21,1,1,0.0,9.526101112365723,0.18348456919193268,1.33803214339423e-05, Tokyo,0.40870580077171326,9.526101112365723,-0.0,False,False,0.00
to_Berlin,is,21,1,1,0.5,9.006499290466309,0.18489867448806763,2.2670488760923035e-05, Tokyo,0.40870580077171326,9.526101112365723,0.5196018218994141,False,False,22.10
to_Berlin,is,21,1,1,1.0,8.344587326049805,0.17020609974861145,4.0454502595821396e-05, Tokyo,0.40870580077171326,9.526101112365723,1.181513786315918,False,False,44.20
to_Berlin,is,21,1,1,2.0,6.778179168701172,0.09258230030536652,0.00010539062350289896, the,0.40870580077171326,9.526101112365723,2.747921943664551,False,False,88.40
to_Berlin,is,21,5,5,0.0,9.526101112365723,0.18348456919193268,1.33803214339423e-05, Tokyo,0.40870580077171326,9.526101112365723,-0.0,False,False,0.00
to_Berlin,is,21,5,5,0.5,8.456829071044922,0.16728661954402924,3.553914211806841e-05, Tokyo,0.40870580077171326,9.526101112365723,1.0692720413208008,False,False,24.39
to_Berlin,is,21,5,5,1.0,6.966599941253662,0.13160355389118195,0.00012408284237608314, a,0.40870580077171326,9.526101112365723,2.5595011711120605,False,False,48.78
to_Berlin,is,21,5,5,2.0,3.5525388717651367,0.043281957507133484,0.001240106183104217, a,0.40870580077171326,9.526101112365723,5.973562240600586,False,False,97.57
to_Berlin,is,21,10,9,0.0,9.526101112365723,0.18348456919193268,1.33803214339423e-05, Tokyo,0.40870580077171326,9.526101112365723,-0.0,False,False,0.00
to_Berlin,is,21,10,9,0.5,8.45318603515625,0.17002031207084656,3.6251738492865115e-05, Tokyo,0.40870580077171326,9.526101112365723,1.0729150772094727,False,False,24.40
to_Berlin,is,21,10,9,1.0,6.961519718170166,0.13681338727474213,0.00012965196219738573, a,0.40870580077171326,9.526101112365723,2.5645813941955566,False,False,48.81
to_Berlin,is,21,10,9,2.0,3.566887855529785,0.04849707707762718,0.001369732664898038, a,0.40870580077171326,9.526101112365723,5.9592132568359375,False,False,97.61
to_Berlin,is,22,1,1,0.0,9.526101112365723,0.18348456919193268,1.33803214339423e-05, Tokyo,0.40870580077171326,9.526101112365723,-0.0,False,False,0.00
to_Berlin,is,22,1,1,0.5,7.515179634094238,0.15244123339653015,8.304264338221401e-05, a,0.40870580077171326,9.526101112365723,2.0109214782714844,False,False,43.03
to_Berlin,is,22,1,1,1.0,5.604405403137207,0.10398423671722412,0.00038282928289845586, a,0.40870580077171326,9.526101112365723,3.9216957092285156,False,False,86.06
to_Berlin,is,22,1,1,2.0,2.428171157836914,0.028279166668653488,0.002494165441021323, a,0.40870580077171326,9.526101112365723,7.097929954528809,False,False,172.11
to_Berlin,is,22,5,5,0.0,9.526101112365723,0.18348456919193268,1.33803214339423e-05, Tokyo,0.40870580077171326,9.526101112365723,-0.0,False,False,0.00
to_Berlin,is,22,5,5,0.5,7.283358097076416,0.14069567620754242,9.664033132139593e-05, a,0.40870580077171326,9.526101112365723,2.2427430152893066,False,False,47.21
to_Berlin,is,22,5,5,1.0,5.193027496337891,0.08587773144245148,0.00047706483746878803, a,0.40870580077171326,9.526101112365723,4.333073616027832,False,False,94.42
to_Berlin,is,22,5,5,2.0,1.8018808364868164,0.01945940963923931,0.003210574621334672, a,0.40870580077171326,9.526101112365723,7.724220275878906,False,False,188.84
to_Berlin,is,22,10,8,0.0,9.526101112365723,0.18348456919193268,1.33803214339423e-05, Tokyo,0.40870580077171326,9.526101112365723,-0.0,False,False,0.00
to_Berlin,is,22,10,8,0.5,7.256361484527588,0.14174942672252655,0.0001000284100882709, a,0.40870580077171326,9.526101112365723,2.2697396278381348,False,False,47.43
to_Berlin,is,22,10,8,1.0,5.147036552429199,0.08705751597881317,0.0005063803400844336, a,0.40870580077171326,9.526101112365723,4.379064559936523,False,False,94.87
to_Berlin,is,22,10,8,2.0,1.7560081481933594,0.019456328824162483,0.0033607506193220615, a,0.40870580077171326,9.526101112365723,7.770092964172363,False,False,189.73
to_Berlin,is,23,1,1,0.0,9.526101112365723,0.18348456919193268,1.33803214339423e-05, Tokyo,0.40870580077171326,9.526101112365723,-0.0,False,False,0.00
to_Berlin,is,23,1,1,0.5,8.31895637512207,0.1729278713464737,4.2168489017058164e-05, Tokyo,0.40870580077171326,9.526101112365723,1.2071447372436523,False,False,36.69
to_Berlin,is,23,1,1,1.0,7.003457069396973,0.14992457628250122,0.00013624168059322983, Tokyo,0.40870580077171326,9.526101112365723,2.52264404296875,False,False,73.38
to_Berlin,is,23,1,1,2.0,4.40556526184082,0.07120417803525925,0.0008693463169038296, a,0.40870580077171326,9.526101112365723,5.120535850524902,False,False,146.75
to_Berlin,is,23,5,5,0.0,9.526101112365723,0.18348456919193268,1.33803214339423e-05, Tokyo,0.40870580077171326,9.526101112365723,-0.0,False,False,0.00
to_Berlin,is,23,5,5,0.5,7.6227641105651855,0.16449162364006042,8.04672745289281e-05, Tokyo,0.40870580077171326,9.526101112365723,1.903337001800537,False,False,47.46
to_Berlin,is,23,5,5,1.0,5.714153289794922,0.12122393399477005,0.0003999106993433088, a,0.40870580077171326,9.526101112365723,3.811947822570801,False,False,94.91
to_Berlin,is,23,5,5,2.0,2.3987388610839844,0.029347853735089302,0.0026657371781766415, a,0.40870580077171326,9.526101112365723,7.127362251281738,False,False,189.83
to_Berlin,is,23,10,10,0.0,9.526101112365723,0.18348456919193268,1.33803214339423e-05, Tokyo,0.40870580077171326,9.526101112365723,-0.0,False,False,0.00
to_Berlin,is,23,10,10,0.5,7.551278114318848,0.1656150370836258,8.702047489350662e-05, Tokyo,0.40870580077171326,9.526101112365723,1.974822998046875,False,False,48.03
to_Berlin,is,23,10,10,1.0,5.5779829025268555,0.12382664531469345,0.00046808726619929075, a,0.40870580077171326,9.526101112365723,3.948118209838867,False,False,96.06
to_Berlin,is,23,10,10,2.0,2.193378448486328,0.03134404867887497,0.0034960925113409758, a,0.40870580077171326,9.526101112365723,7.3327226638793945,False,False,192.13
to_Berlin,is,24,1,1,0.0,9.526101112365723,0.18348456919193268,1.33803214339423e-05, Tokyo,0.40870580077171326,9.526101112365723,-0.0,False,False,0.00
to_Berlin,is,24,1,1,0.5,9.41157341003418,0.19589722156524658,1.6018944734241813e-05, Tokyo,0.40870580077171326,9.526101112365723,0.11452770233154297,False,False,14.38
to_Berlin,is,24,1,1,1.0,9.293230056762695,0.2070135772228241,1.9054614313063212e-05, Tokyo,0.40870580077171326,9.526101112365723,0.23287105560302734,False,False,28.76
to_Berlin,is,24,1,1,2.0,9.047197341918945,0.22530190646648407,2.6522640837356448e-05, Tokyo,0.40870580077171326,9.526101112365723,0.47890377044677734,False,False,57.53
to_Berlin,is,24,5,5,0.0,9.526101112365723,0.18348456919193268,1.33803214339423e-05, Tokyo,0.40870580077171326,9.526101112365723,-0.0,False,False,0.00
to_Berlin,is,24,5,5,0.5,9.202983856201172,0.19036148488521576,1.9176701243850403e-05, Tokyo,0.40870580077171326,9.526101112365723,0.3231172561645508,False,False,20.96
to_Berlin,is,24,5,5,1.0,8.869861602783203,0.19277021288871765,2.709617547225207e-05, Tokyo,0.40870580077171326,9.526101112365723,0.6562395095825195,False,False,41.91
to_Berlin,is,24,5,5,2.0,8.195959091186523,0.18735647201538086,5.166650589671917e-05, Tokyo,0.40870580077171326,9.526101112365723,1.3301420211791992,False,False,83.82
to_Berlin,is,24,10,10,0.0,9.526101112365723,0.18348456919193268,1.33803214339423e-05, Tokyo,0.40870580077171326,9.526101112365723,-0.0,False,False,0.00
to_Berlin,is,24,10,10,0.5,9.15884780883789,0.20029063522815704,2.1087433196953498e-05, Tokyo,0.40870580077171326,9.526101112365723,0.36725330352783203,False,False,25.95
to_Berlin,is,24,10,10,1.0,8.783792495727539,0.2097521871328354,3.21331899613142e-05, Tokyo,0.40870580077171326,9.526101112365723,0.7423086166381836,False,False,51.90
to_Berlin,is,24,10,10,2.0,8.038713455200195,0.21059954166412354,6.796552770538256e-05, Tokyo,0.40870580077171326,9.526101112365723,1.4873876571655273,False,False,103.81
to_Berlin,is,25,1,1,0.0,9.526101112365723,0.18348456919193268,1.33803214339423e-05, Tokyo,0.40870580077171326,9.526101112365723,-0.0,False,False,0.00
to_Berlin,is,25,1,1,0.5,9.423240661621094,0.1690562218427658,1.366374362987699e-05, Tokyo,0.40870580077171326,9.526101112365723,0.1028604507446289,False,False,15.59
to_Berlin,is,25,1,1,1.0,9.306724548339844,0.15355552732944489,1.3944602869742084e-05, Tokyo,0.40870580077171326,9.526101112365723,0.2193765640258789,False,False,31.19
to_Berlin,is,25,1,1,2.0,9.033434867858887,0.12074626237154007,1.4411283700610511e-05, a,0.40870580077171326,9.526101112365723,0.49266624450683594,False,False,62.37
to_Berlin,is,25,5,5,0.0,9.526101112365723,0.18348456919193268,1.33803214339423e-05, Tokyo,0.40870580077171326,9.526101112365723,-0.0,False,False,0.00
to_Berlin,is,25,5,5,0.5,9.383719444274902,0.16927678883075714,1.4233107322070282e-05, Tokyo,0.40870580077171326,9.526101112365723,0.1423816680908203,False,False,24.14
to_Berlin,is,25,5,5,1.0,9.21004867553711,0.1513957381248474,1.5143986274779309e-05, Tokyo,0.40870580077171326,9.526101112365723,0.3160524368286133,False,False,48.29
to_Berlin,is,25,5,5,2.0,8.776026725769043,0.10813477635383606,1.6694964870112017e-05, a,0.40870580077171326,9.526101112365723,0.7500743865966797,False,False,96.57
to_Berlin,is,25,10,8,0.0,9.526101112365723,0.18348456919193268,1.33803214339423e-05, Tokyo,0.40870580077171326,9.526101112365723,-0.0,False,False,0.00
to_Berlin,is,25,10,8,0.5,9.38068962097168,0.16867674887180328,1.422569857822964e-05, Tokyo,0.40870580077171326,9.526101112365723,0.14541149139404297,False,False,24.52
to_Berlin,is,25,10,8,1.0,9.202625274658203,0.150098517537117,1.5126102880458347e-05, Tokyo,0.40870580077171326,9.526101112365723,0.32347583770751953,False,False,49.05
to_Berlin,is,25,10,8,2.0,8.755572319030762,0.10554726421833038,1.6632224287604913e-05, a,0.40870580077171326,9.526101112365723,0.7705287933349609,False,False,98.10
to_Berlin,is,26,1,1,0.0,9.526101112365723,0.18348456919193268,1.33803214339423e-05, Tokyo,0.40870580077171326,9.526101112365723,-0.0,False,False,0.00
to_Berlin,is,26,1,1,0.5,9.459989547729492,0.1548549383878708,1.206434262712719e-05, Tokyo,0.40870580077171326,9.526101112365723,0.06611156463623047,False,False,18.90
to_Berlin,is,26,1,1,1.0,9.378207206726074,0.1275625079870224,1.078498189599486e-05, Tokyo,0.40870580077171326,9.526101112365723,0.14789390563964844,False,False,37.79
to_Berlin,is,26,1,1,2.0,9.163957595825195,0.0803704559803009,8.418606739724055e-06, a,0.40870580077171326,9.526101112365723,0.36214351654052734,False,False,75.59
to_Berlin,is,26,5,2,0.0,9.526101112365723,0.18348456919193268,1.33803214339423e-05, Tokyo,0.40870580077171326,9.526101112365723,-0.0,False,False,0.00
to_Berlin,is,26,5,2,0.5,9.46023178100586,0.15538588166236877,1.2102775144740008e-05, Tokyo,0.40870580077171326,9.526101112365723,0.06586933135986328,False,False,18.69
to_Berlin,is,26,5,2,1.0,9.379613876342773,0.1287551075220108,1.087051259673899e-05, Tokyo,0.40870580077171326,9.526101112365723,0.14648723602294922,False,False,37.39
to_Berlin,is,26,5,2,2.0,9.170333862304688,0.0826035663485527,8.597528903919738e-06, a,0.40870580077171326,9.526101112365723,0.35576725006103516,False,False,74.77
to_Berlin,is,26,10,2,0.0,9.526101112365723,0.18348456919193268,1.33803214339423e-05, Tokyo,0.40870580077171326,9.526101112365723,-0.0,False,False,0.00
to_Berlin,is,26,10,2,0.5,9.46023178100586,0.15538588166236877,1.2102775144740008e-05, Tokyo,0.40870580077171326,9.526101112365723,0.06586933135986328,False,False,18.69
to_Berlin,is,26,10,2,1.0,9.379613876342773,0.1287551075220108,1.087051259673899e-05, Tokyo,0.40870580077171326,9.526101112365723,0.14648723602294922,False,False,37.39
to_Berlin,is,26,10,2,2.0,9.170333862304688,0.0826035663485527,8.597528903919738e-06, a,0.40870580077171326,9.526101112365723,0.35576725006103516,False,False,74.77
to_Berlin,is,27,1,1,0.0,9.526101112365723,0.18348456919193268,1.33803214339423e-05, Tokyo,0.40870580077171326,9.526101112365723,-0.0,False,False,0.00
to_Berlin,is,27,1,1,0.5,9.444356918334961,0.17103144526481628,1.3534545360016637e-05, Tokyo,0.40870580077171326,9.526101112365723,0.08174419403076172,False,False,6.03
to_Berlin,is,27,1,1,1.0,9.362077713012695,0.15903908014297485,1.3664865036844276e-05, Tokyo,0.40870580077171326,9.526101112365723,0.16402339935302734,False,False,12.07
to_Berlin,is,27,1,1,2.0,9.196117401123047,0.1365881711244583,1.3854491953679826e-05, a,0.40870580077171326,9.526101112365723,0.3299837112426758,False,False,24.13
to_Berlin,is,27,5,4,0.0,9.526101112365723,0.18348456919193268,1.33803214339423e-05, Tokyo,0.40870580077171326,9.526101112365723,-0.0,False,False,0.00
to_Berlin,is,27,5,4,0.5,9.437625885009766,0.1773906797170639,1.4132598153082654e-05, Tokyo,0.40870580077171326,9.526101112365723,0.08847522735595703,False,False,7.30
to_Berlin,is,27,5,4,1.0,9.347853660583496,0.17090682685375214,1.4894916603225283e-05, Tokyo,0.40870580077171326,9.526101112365723,0.17824745178222656,False,False,14.60
to_Berlin,is,27,5,4,2.0,9.164745330810547,0.157088041305542,1.6441619663964957e-05, Tokyo,0.40870580077171326,9.526101112365723,0.3613557815551758,False,False,29.19
to_Berlin,is,27,10,4,0.0,9.526101112365723,0.18348456919193268,1.33803214339423e-05, Tokyo,0.40870580077171326,9.526101112365723,-0.0,False,False,0.00
to_Berlin,is,27,10,4,0.5,9.437625885009766,0.1773906797170639,1.4132598153082654e-05, Tokyo,0.40870580077171326,9.526101112365723,0.08847522735595703,False,False,7.30
to_Berlin,is,27,10,4,1.0,9.347853660583496,0.17090682685375214,1.4894916603225283e-05, Tokyo,0.40870580077171326,9.526101112365723,0.17824745178222656,False,False,14.60
to_Berlin,is,27,10,4,2.0,9.164745330810547,0.157088041305542,1.6441619663964957e-05, Tokyo,0.40870580077171326,9.526101112365723,0.3613557815551758,False,False,29.19
to_Berlin,country,0,1,1,0.0,9.526101112365723,0.18348456919193268,1.33803214339423e-05, Tokyo,0.40870580077171326,9.526101112365723,-0.0,False,False,0.00
to_Berlin,country,0,1,1,0.5,9.357295989990234,0.18718381226062775,1.6160187442437746e-05, Tokyo,0.41324105858802795,9.526101112365723,0.16880512237548828,False,False,0.93
to_Berlin,country,0,1,1,1.0,9.168441772460938,0.19078472256660461,1.9894816432497464e-05, Tokyo,0.4159695506095886,9.526101112365723,0.35765933990478516,False,False,1.86
to_Berlin,country,0,1,1,2.0,8.689891815185547,0.19948947429656982,3.356973684276454e-05, Tokyo,0.42167848348617554,9.526101112365723,0.8362092971801758,False,False,3.72
to_Berlin,country,0,5,5,0.0,9.526101112365723,0.18348456919193268,1.33803214339423e-05, Tokyo,0.40870580077171326,9.526101112365723,-0.0,False,False,0.00
to_Berlin,country,0,5,5,0.5,9.144819259643555,0.19044265151023865,2.0333849533926696e-05, Tokyo,0.43029722571372986,9.526101112365723,0.38128185272216797,False,False,1.27
to_Berlin,country,0,5,5,1.0,8.809802055358887,0.19761916995048523,2.9497197829186916e-05, Tokyo,0.4453102648258209,9.526101112365723,0.7162990570068359,False,False,2.53
to_Berlin,country,0,5,5,2.0,8.235910415649414,0.23287434875965118,6.170369306346402e-05, Tokyo,0.46420416235923767,9.526101112365723,1.2901906967163086,False,False,5.06
to_Berlin,country,0,10,10,0.0,9.526101112365723,0.18348456919193268,1.33803214339423e-05, Tokyo,0.40870580077171326,9.526101112365723,-0.0,False,False,0.00
to_Berlin,country,0,10,10,0.5,9.095619201660156,0.1876336634159088,2.1044259483460337e-05, Tokyo,0.4230143427848816,9.526101112365723,0.4304819107055664,False,False,1.43
to_Berlin,country,0,10,10,1.0,8.743663787841797,0.20425178110599518,3.2571737392572686e-05, Tokyo,0.43750715255737305,9.526101112365723,0.7824373245239258,False,False,2.87
to_Berlin,country,0,10,10,2.0,8.135991096496582,0.2685459852218628,7.863256905693561e-05, Tokyo,0.4673718512058258,9.526101112365723,1.3901100158691406,False,False,5.73
to_Berlin,country,1,1,1,0.0,9.526101112365723,0.18348456919193268,1.33803214339423e-05, Tokyo,0.40870580077171326,9.526101112365723,-0.0,False,False,0.00
to_Berlin,country,1,1,1,0.5,9.36776351928711,0.16816969215869904,1.436745333194267e-05, Tokyo,0.39357703924179077,9.526101112365723,0.15833759307861328,False,False,1.10
to_Berlin,country,1,1,1,1.0,9.152111053466797,0.14787697792053223,1.567433173477184e-05, a,0.3782036602497101,9.526101112365723,0.3739900588989258,False,False,2.20
to_Berlin,country,1,1,1,2.0,8.654423713684082,0.10058028995990753,1.7536565792397596e-05, a,0.3420807719230652,9.526101112365723,0.8716773986816406,False,False,4.40
to_Berlin,country,1,5,5,0.0,9.526101112365723,0.18348456919193268,1.33803214339423e-05, Tokyo,0.40870580077171326,9.526101112365723,-0.0,False,False,0.00
to_Berlin,country,1,5,5,0.5,9.237700462341309,0.17453154921531677,1.6982115994323976e-05, Tokyo,0.39964979887008667,9.526101112365723,0.28840065002441406,False,False,1.76
to_Berlin,country,1,5,5,1.0,8.974621772766113,0.1577501744031906,1.9968301785411313e-05, Tokyo,0.3929194509983063,9.526101112365723,0.5514793395996094,False,False,3.52
to_Berlin,country,1,5,5,2.0,9.395180702209473,0.17418861389160156,1.4479199307970703e-05, Tokyo,0.37826213240623474,9.526101112365723,0.13092041015625,False,False,7.05
to_Berlin,country,1,10,6,0.0,9.526101112365723,0.18348456919193268,1.33803214339423e-05, Tokyo,0.40870580077171326,9.526101112365723,-0.0,False,False,0.00
to_Berlin,country,1,10,6,0.5,9.237525939941406,0.1745477169752121,1.6986650734907016e-05, Tokyo,0.39964911341667175,9.526101112365723,0.2885751724243164,False,False,1.76
to_Berlin,country,1,10,6,1.0,8.97413158416748,0.15777276456356049,1.998095103772357e-05, Tokyo,0.3929208219051361,9.526101112365723,0.5519695281982422,False,False,3.52
to_Berlin,country,1,10,6,2.0,9.395181655883789,0.17412860691547394,1.447420163458446e-05, Tokyo,0.3782219886779785,9.526101112365723,0.1309194564819336,False,False,7.05
to_Berlin,country,2,1,1,0.0,9.526101112365723,0.18348456919193268,1.33803214339423e-05, Tokyo,0.40870580077171326,9.526101112365723,-0.0,False,False,0.00
to_Berlin,country,2,1,1,0.5,9.494754791259766,0.18478231132030487,1.3904034858569503e-05, Tokyo,0.40911591053009033,9.526101112365723,0.03134632110595703,False,False,0.22
to_Berlin,country,2,1,1,1.0,9.461807250976562,0.18578308820724487,1.44475980050629e-05, Tokyo,0.40953686833381653,9.526101112365723,0.06429386138916016,False,False,0.44
to_Berlin,country,2,1,1,2.0,9.393594741821289,0.18708768486976624,1.5576102669001557e-05, Tokyo,0.41046157479286194,9.526101112365723,0.1325063705444336,False,False,0.89
to_Berlin,country,2,5,5,0.0,9.526101112365723,0.18348456919193268,1.33803214339423e-05, Tokyo,0.40870580077171326,9.526101112365723,-0.0,False,False,0.00
to_Berlin,country,2,5,5,0.5,9.432979583740234,0.19315187633037567,1.5459943824680522e-05, Tokyo,0.40342724323272705,9.526101112365723,0.09312152862548828,False,False,1.11
to_Berlin,country,2,5,5,1.0,9.325227737426758,0.19507569074630737,1.7390339053235948e-05, Tokyo,0.3952179253101349,9.526101112365723,0.20087337493896484,False,False,2.21
to_Berlin,country,2,5,5,2.0,9.25297737121582,0.21135862171649933,2.0253628463251516e-05, Tokyo,0.3857826292514801,9.526101112365723,0.27312374114990234,False,False,4.42
to_Berlin,country,2,10,8,0.0,9.526101112365723,0.18348456919193268,1.33803214339423e-05, Tokyo,0.40870580077171326,9.526101112365723,-0.0,False,False,0.00
to_Berlin,country,2,10,8,0.5,9.43067741394043,0.1935579925775528,1.5528166841249913e-05, Tokyo,0.40362468361854553,9.526101112365723,0.09542369842529297,False,False,1.10
to_Berlin,country,2,10,8,1.0,9.325399398803711,0.19629235565662384,1.749580587784294e-05, Tokyo,0.3957407474517822,9.526101112365723,0.20070171356201172,False,False,2.20
to_Berlin,country,2,10,8,2.0,9.286087989807129,0.2175796777009964,2.0170724383206107e-05, Tokyo,0.38768431544303894,9.526101112365723,0.24001312255859375,False,False,4.40
to_Berlin,country,3,1,1,0.0,9.526101112365723,0.18348456919193268,1.33803214339423e-05, Tokyo,0.40870580077171326,9.526101112365723,-0.0,False,False,0.00
to_Berlin,country,3,1,1,0.5,9.322458267211914,0.1686641275882721,1.5077537682373077e-05, Tokyo,0.40676939487457275,9.526101112365723,0.2036428451538086,False,False,1.36
to_Berlin,country,3,1,1,1.0,9.141980171203613,0.15140092372894287,1.6211264664889313e-05, Tokyo,0.40499556064605713,9.526101112365723,0.3841209411621094,False,False,2.72
to_Berlin,country,3,1,1,2.0,8.90315055847168,0.12038398534059525,1.636738670640625e-05, a,0.40625444054603577,9.526101112365723,0.622950553894043,False,False,5.44
to_Berlin,country,3,5,5,0.0,9.526101112365723,0.18348456919193268,1.33803214339423e-05, Tokyo,0.40870580077171326,9.526101112365723,-0.0,False,False,0.00
to_Berlin,country,3,5,5,0.5,8.91792106628418,0.12334483116865158,1.652406899665948e-05, a,0.4072610139846802,9.526101112365723,0.608180046081543,False,False,2.42
to_Berlin,country,3,5,5,1.0,8.527178764343262,0.08754835277795792,1.733569661155343e-05, a,0.41826125979423523,9.526101112365723,0.9989223480224609,False,False,4.85
to_Berlin,country,3,5,5,2.0,8.507840156555176,0.0827973484992981,1.671508653089404e-05, a,0.4466976821422577,9.526101112365723,1.0182609558105469,False,False,9.69
to_Berlin,country,3,10,10,0.0,9.526101112365723,0.18348456919193268,1.33803214339423e-05, Tokyo,0.40870580077171326,9.526101112365723,-0.0,False,False,0.00
to_Berlin,country,3,10,10,0.5,8.916354179382324,0.12311866879463196,1.651964157645125e-05, a,0.4072083830833435,9.526101112365723,0.6097469329833984,False,False,2.42
to_Berlin,country,3,10,10,1.0,8.524857521057129,0.08722516894340515,1.7311838746536523e-05, a,0.41818276047706604,9.526101112365723,1.0012435913085938,False,False,4.85
to_Berlin,country,3,10,10,2.0,8.504837036132812,0.08233245462179184,1.6671227058395743e-05, a,0.4466562569141388,9.526101112365723,1.0212640762329102,False,False,9.69
to_Berlin,country,4,1,1,0.0,9.526101112365723,0.18348456919193268,1.33803214339423e-05, Tokyo,0.40870580077171326,9.526101112365723,-0.0,False,False,0.00
to_Berlin,country,4,1,1,0.5,9.298225402832031,0.1411028951406479,1.2923132999276277e-05, a,0.40252429246902466,9.526101112365723,0.2278757095336914,False,False,1.51
to_Berlin,country,4,1,1,1.0,9.086553573608398,0.10435426235198975,1.1810547221102752e-05, a,0.39640143513679504,9.526101112365723,0.4395475387573242,False,False,3.01
to_Berlin,country,4,1,1,2.0,8.666763305664062,0.05243031308054924,9.02931424207054e-06, a,0.38230499625205994,9.526101112365723,0.8593378067016602,False,False,6.02
to_Berlin,country,4,5,5,0.0,9.526101112365723,0.18348456919193268,1.33803214339423e-05, Tokyo,0.40870580077171326,9.526101112365723,-0.0,False,False,0.00
to_Berlin,country,4,5,5,0.5,8.930901527404785,0.095673568546772,1.2651754332182463e-05, a,0.4010583460330963,9.526101112365723,0.5951995849609375,False,False,2.71
to_Berlin,country,4,5,5,1.0,8.320058822631836,0.04551635682582855,1.1086933227488771e-05, a,0.4053591787815094,9.526101112365723,1.2060422897338867,False,False,5.41
to_Berlin,country,4,5,5,2.0,7.5130510330200195,0.013885518535971642,7.580284091091016e-06, a,0.42959797382354736,9.526101112365723,2.013050079345703,False,False,10.82
to_Berlin,country,4,10,10,0.0,9.526101112365723,0.18348456919193268,1.33803214339423e-05, Tokyo,0.40870580077171326,9.526101112365723,-0.0,False,False,0.00
to_Berlin,country,4,10,10,0.5,8.905942916870117,0.10635697096586227,1.4419958461076021e-05, a,0.39296862483024597,9.526101112365723,0.6201581954956055,False,False,3.14
to_Berlin,country,4,10,10,1.0,8.58542537689209,0.08824341744184494,1.6484638763358817e-05, a,0.39979586005210876,9.526101112365723,0.9406757354736328,False,False,6.29
to_Berlin,country,4,10,10,2.0,8.506206512451172,0.1618259847164154,3.272273897891864e-05, Tokyo,0.48260876536369324,9.526101112365723,1.0198945999145508,False,False,12.57
to_Berlin,country,5,1,1,0.0,9.526101112365723,0.18348456919193268,1.33803214339423e-05, Tokyo,0.40870580077171326,9.526101112365723,-0.0,False,False,0.00
to_Berlin,country,5,1,1,0.5,9.36514949798584,0.13797925412654877,1.1819010069302749e-05, a,0.40227818489074707,9.526101112365723,0.1609516143798828,False,False,1.85
to_Berlin,country,5,1,1,1.0,9.238998413085938,0.10499857366085052,1.0203218153037596e-05, a,0.3968542218208313,9.526101112365723,0.28710269927978516,False,False,3.70
to_Berlin,country,5,1,1,2.0,9.044207572937012,0.06467414647340775,7.636269401700702e-06, a,0.38194140791893005,9.526101112365723,0.48189353942871094,False,False,7.40
to_Berlin,country,5,5,3,0.0,9.526101112365723,0.18348456919193268,1.33803214339423e-05, Tokyo,0.40870580077171326,9.526101112365723,-0.0,False,False,0.00
to_Berlin,country,5,5,3,0.5,9.217743873596191,0.11982513964176178,1.1894123417732771e-05, a,0.3979066014289856,9.526101112365723,0.30835723876953125,False,False,2.62
to_Berlin,country,5,5,3,1.0,8.983412742614746,0.08051076531410217,1.0102000487677287e-05, a,0.3924652934074402,9.526101112365723,0.5426883697509766,False,False,5.25
to_Berlin,country,5,5,3,2.0,8.589364051818848,0.039525095373392105,7.35460616851924e-06, a,0.395219087600708,9.526101112365723,0.936737060546875,False,False,10.49
to_Berlin,country,5,10,3,0.0,9.526101112365723,0.18348456919193268,1.33803214339423e-05, Tokyo,0.40870580077171326,9.526101112365723,-0.0,False,False,0.00
to_Berlin,country,5,10,3,0.5,9.217743873596191,0.11982513964176178,1.1894123417732771e-05, a,0.3979066014289856,9.526101112365723,0.30835723876953125,False,False,2.62
to_Berlin,country,5,10,3,1.0,8.983412742614746,0.08051076531410217,1.0102000487677287e-05, a,0.3924652934074402,9.526101112365723,0.5426883697509766,False,False,5.25
to_Berlin,country,5,10,3,2.0,8.589364051818848,0.039525095373392105,7.35460616851924e-06, a,0.395219087600708,9.526101112365723,0.936737060546875,False,False,10.49
to_Berlin,country,6,1,1,0.0,9.526101112365723,0.18348456919193268,1.33803214339423e-05, Tokyo,0.40870580077171326,9.526101112365723,-0.0,False,False,0.00
to_Berlin,country,6,1,1,0.5,9.446507453918457,0.16454756259918213,1.2993473319511395e-05, Tokyo,0.4041929543018341,9.526101112365723,0.07959365844726562,False,False,1.21
to_Berlin,country,6,1,1,1.0,9.334114074707031,0.14043238759040833,1.2408324437274132e-05, a,0.4003543555736542,9.526101112365723,0.1919870376586914,False,False,2.43
to_Berlin,country,6,1,1,2.0,9.026620864868164,0.08908241987228394,1.0704849046305753e-05, a,0.39466965198516846,9.526101112365723,0.4994802474975586,False,False,4.85
to_Berlin,country,6,5,5,0.0,9.526101112365723,0.18348456919193268,1.33803214339423e-05, Tokyo,0.40870580077171326,9.526101112365723,-0.0,False,False,0.00
to_Berlin,country,6,5,5,0.5,9.340025901794434,0.13359154760837555,1.1734305189747829e-05, a,0.39663538336753845,9.526101112365723,0.18607521057128906,False,False,2.35
to_Berlin,country,6,5,5,1.0,9.111515045166016,0.09012879431247711,9.949083505489398e-06, a,0.38731399178504944,9.526101112365723,0.41458606719970703,False,False,4.70
to_Berlin,country,6,5,5,2.0,8.634594917297363,0.042686380445957184,7.591584562760545e-06, a,0.372804194688797,9.526101112365723,0.8915061950683594,False,False,9.40
to_Berlin,country,6,10,5,0.0,9.526101112365723,0.18348456919193268,1.33803214339423e-05, Tokyo,0.40870580077171326,9.526101112365723,-0.0,False,False,0.00
to_Berlin,country,6,10,5,0.5,9.340025901794434,0.13359154760837555,1.1734305189747829e-05, a,0.39663538336753845,9.526101112365723,0.18607521057128906,False,False,2.35
to_Berlin,country,6,10,5,1.0,9.111515045166016,0.09012879431247711,9.949083505489398e-06, a,0.38731399178504944,9.526101112365723,0.41458606719970703,False,False,4.70
to_Berlin,country,6,10,5,2.0,8.634594917297363,0.042686380445957184,7.591584562760545e-06, a,0.372804194688797,9.526101112365723,0.8915061950683594,False,False,9.40
to_Berlin,country,7,1,1,0.0,9.526101112365723,0.18348456919193268,1.33803214339423e-05, Tokyo,0.40870580077171326,9.526101112365723,-0.0,False,False,0.00
to_Berlin,country,7,1,1,0.5,9.122800827026367,0.20841826498508453,2.2748541596229188e-05, Tokyo,0.4130256175994873,9.526101112365723,0.40330028533935547,False,False,1.91
to_Berlin,country,7,1,1,1.0,8.480052947998047,0.22334149479866028,4.635849836631678e-05, Tokyo,0.4196488857269287,9.526101112365723,1.0460481643676758,False,False,3.83
to_Berlin,country,7,1,1,2.0,6.56619930267334,0.20767128467559814,0.0002922214916907251, Tokyo,0.4334113895893097,9.526101112365723,2.959901809692383,False,False,7.66
to_Berlin,country,7,5,5,0.0,9.526101112365723,0.18348456919193268,1.33803214339423e-05, Tokyo,0.40870580077171326,9.526101112365723,-0.0,False,False,0.00
to_Berlin,country,7,5,5,0.5,8.587601661682129,0.1730768233537674,3.226197077310644e-05, Tokyo,0.42036882042884827,9.526101112365723,0.9384994506835938,False,False,3.28
to_Berlin,country,7,5,5,1.0,6.751657962799072,0.1333184540271759,0.00015584118955302984, a,0.4295346736907959,9.526101112365723,2.7744431495666504,False,False,6.56
to_Berlin,country,7,5,5,2.0,1.788217544555664,0.031031940132379532,0.005190341267734766, a,0.43726488947868347,9.526101112365723,7.737883567810059,False,False,13.13
to_Berlin,country,7,10,5,0.0,9.526101112365723,0.18348456919193268,1.33803214339423e-05, Tokyo,0.40870580077171326,9.526101112365723,-0.0,False,False,0.00
to_Berlin,country,7,10,5,0.5,8.587601661682129,0.1730768233537674,3.226197077310644e-05, Tokyo,0.42036882042884827,9.526101112365723,0.9384994506835938,False,False,3.28
to_Berlin,country,7,10,5,1.0,6.751657962799072,0.1333184540271759,0.00015584118955302984, a,0.4295346736907959,9.526101112365723,2.7744431495666504,False,False,6.56
to_Berlin,country,7,10,5,2.0,1.788217544555664,0.031031940132379532,0.005190341267734766, a,0.43726488947868347,9.526101112365723,7.737883567810059,False,False,13.13
to_Berlin,country,8,1,1,0.0,9.526101112365723,0.18348456919193268,1.33803214339423e-05, Tokyo,0.40870580077171326,9.526101112365723,-0.0,False,False,0.00
to_Berlin,country,8,1,1,0.5,9.424474716186523,0.15904107689857483,1.283843448618427e-05, Tokyo,0.3950698971748352,9.526101112365723,0.10162639617919922,False,False,1.01
to_Berlin,country,8,1,1,1.0,9.324165344238281,0.13821010291576385,1.2334056009422056e-05, a,0.38155633211135864,9.526101112365723,0.2019357681274414,False,False,2.03
to_Berlin,country,8,1,1,2.0,9.146764755249023,0.10667581111192703,1.1367802471795585e-05, a,0.3567327558994293,9.526101112365723,0.3793363571166992,False,False,4.06
to_Berlin,country,8,5,5,0.0,9.526101112365723,0.18348456919193268,1.33803214339423e-05, Tokyo,0.40870580077171326,9.526101112365723,-0.0,False,False,0.00
to_Berlin,country,8,5,5,0.5,9.315141677856445,0.1310642808675766,1.1802383596659638e-05, a,0.3917059004306793,9.526101112365723,0.21095943450927734,False,False,2.37
to_Berlin,country,8,5,5,1.0,9.11429214477539,0.0897691547870636,9.88188821793301e-06, a,0.3741452693939209,9.526101112365723,0.41180896759033203,False,False,4.75
to_Berlin,country,8,5,5,2.0,8.694517135620117,0.03671431541442871,6.149711225589272e-06, a,0.3279089033603668,9.526101112365723,0.8315839767456055,False,False,9.49
to_Berlin,country,8,10,6,0.0,9.526101112365723,0.18348456919193268,1.33803214339423e-05, Tokyo,0.40870580077171326,9.526101112365723,-0.0,False,False,0.00
to_Berlin,country,8,10,6,0.5,9.286293029785156,0.1302870362997055,1.2075773156539071e-05, a,0.40240660309791565,9.526101112365723,0.2398080825805664,False,False,3.05
to_Berlin,country,8,10,6,1.0,8.996989250183105,0.07988491654396057,9.888308341032825e-06, a,0.39145469665527344,9.526101112365723,0.5291118621826172,False,False,6.10
to_Berlin,country,8,10,6,2.0,8.144502639770508,0.01940436102449894,5.633613000100013e-06, a,0.31491199135780334,9.526101112365723,1.3815984725952148,False,False,12.20
to_Berlin,country,9,1,1,0.0,9.526101112365723,0.18348456919193268,1.33803214339423e-05, Tokyo,0.40870580077171326,9.526101112365723,-0.0,False,False,0.00
to_Berlin,country,9,1,1,0.5,9.275166511535645,0.17556171119213104,1.6454183423775248e-05, Tokyo,0.4065813422203064,9.526101112365723,0.2509346008300781,False,False,2.00
to_Berlin,country,9,1,1,1.0,9.021244049072266,0.16317154467105865,1.9713694200618193e-05, Tokyo,0.4025130271911621,9.526101112365723,0.504857063293457,False,False,4.00
to_Berlin,country,9,1,1,2.0,8.467472076416016,0.1270054280757904,2.6695988708524965e-05, a,0.3903518319129944,9.526101112365723,1.058629035949707,False,False,8.01
to_Berlin,country,9,5,5,0.0,9.526101112365723,0.18348456919193268,1.33803214339423e-05, Tokyo,0.40870580077171326,9.526101112365723,-0.0,False,False,0.00
to_Berlin,country,9,5,5,0.5,8.933882713317871,0.1349799782037735,1.779644298949279e-05, a,0.41187572479248047,9.526101112365723,0.5922183990478516,False,False,3.04
to_Berlin,country,9,5,5,1.0,8.338785171508789,0.09057068824768066,2.165206205972936e-05, a,0.4107041656970978,9.526101112365723,1.1873159408569336,False,False,6.08
to_Berlin,country,9,5,5,2.0,7.26305627822876,0.03857503831386566,2.7039666747441515e-05, a,0.4010336697101593,9.526101112365723,2.263044834136963,False,False,12.17
to_Berlin,country,9,10,8,0.0,9.526101112365723,0.18348456919193268,1.33803214339423e-05, Tokyo,0.40870580077171326,9.526101112365723,-0.0,False,False,0.00
to_Berlin,country,9,10,8,0.5,8.906303405761719,0.1317795068025589,1.786032044037711e-05, a,0.40962979197502136,9.526101112365723,0.6197977066040039,False,False,3.01
to_Berlin,country,9,10,8,1.0,8.273460388183594,0.08447423577308655,2.155786205548793e-05, a,0.40652358531951904,9.526101112365723,1.252640724182129,False,False,6.01
to_Berlin,country,9,10,8,2.0,7.117873668670654,0.0309827271848917,2.5111155991908163e-05, a,0.39457154273986816,9.526101112365723,2.4082274436950684,False,False,12.02
to_Berlin,country,10,1,1,0.0,9.526101112365723,0.18348456919193268,1.33803214339423e-05, Tokyo,0.40870580077171326,9.526101112365723,-0.0,False,False,0.00
to_Berlin,country,10,1,1,0.5,9.19626522064209,0.21115350723266602,2.1414651200757362e-05, Tokyo,0.41712716221809387,9.526101112365723,0.3298358917236328,False,False,3.75
to_Berlin,country,10,1,1,1.0,8.723289489746094,0.22567526996135712,3.6728870327351615e-05, Tokyo,0.4245258569717407,9.526101112365723,0.8028116226196289,False,False,7.50
to_Berlin,country,10,1,1,2.0,7.205743312835693,0.21873056888580322,0.00016236586088780314, Tokyo,0.4399418234825134,9.526101112365723,2.3203577995300293,False,False,15.00
to_Berlin,country,10,5,5,0.0,9.526101112365723,0.18348456919193268,1.33803214339423e-05, Tokyo,0.40870580077171326,9.526101112365723,-0.0,False,False,0.00
to_Berlin,country,10,5,5,0.5,9.161123275756836,0.21077679097652435,2.214101914432831e-05, Tokyo,0.4217553734779358,9.526101112365723,0.3649778366088867,False,False,3.87
to_Berlin,country,10,5,5,1.0,8.654878616333008,0.22520598769187927,3.9247672248166054e-05, Tokyo,0.43169987201690674,9.526101112365723,0.8712224960327148,False,False,7.74
to_Berlin,country,10,5,5,2.0,7.117286682128906,0.22123867273330688,0.0001794166018953547, Tokyo,0.44840675592422485,9.526101112365723,2.4088144302368164,False,False,15.48
to_Berlin,country,10,10,6,0.0,9.526101112365723,0.18348456919193268,1.33803214339423e-05, Tokyo,0.40870580077171326,9.526101112365723,-0.0,False,False,0.00
to_Berlin,country,10,10,6,0.5,9.159749984741211,0.2115526646375656,2.2253043425735086e-05, Tokyo,0.4219720959663391,9.526101112365723,0.3663511276245117,False,False,3.92
to_Berlin,country,10,10,6,1.0,8.650163650512695,0.22712542116641998,3.976924199378118e-05, Tokyo,0.433341920375824,9.526101112365723,0.8759374618530273,False,False,7.84
to_Berlin,country,10,10,6,2.0,7.085504531860352,0.22520855069160461,0.00018853387155104429, Tokyo,0.45461660623550415,9.526101112365723,2.440596580505371,False,False,15.69
to_Berlin,country,11,1,1,0.0,9.526101112365723,0.18348456919193268,1.33803214339423e-05, Tokyo,0.40870580077171326,9.526101112365723,-0.0,False,False,0.00
to_Berlin,country,11,1,1,0.5,9.489246368408203,0.17489169538021088,1.323249853157904e-05, Tokyo,0.41664278507232666,9.526101112365723,0.03685474395751953,False,False,2.32
to_Berlin,country,11,1,1,1.0,9.442306518554688,0.16579169034957886,1.3146837773092557e-05, Tokyo,0.4248053729534149,9.526101112365723,0.08379459381103516,False,False,4.64
to_Berlin,country,11,1,1,2.0,9.30195140838623,0.14573374390602112,1.3297621990204789e-05, Tokyo,0.44231656193733215,9.526101112365723,0.2241497039794922,False,False,9.28
to_Berlin,country,11,5,5,0.0,9.526101112365723,0.18348456919193268,1.33803214339423e-05, Tokyo,0.40870580077171326,9.526101112365723,-0.0,False,False,0.00
to_Berlin,country,11,5,5,0.5,9.44357967376709,0.1811085045337677,1.4343138900585473e-05, Tokyo,0.41478583216667175,9.526101112365723,0.08252143859863281,False,False,2.22
to_Berlin,country,11,5,5,1.0,9.355789184570312,0.1774098128080368,1.5339459423557855e-05, Tokyo,0.41897618770599365,9.526101112365723,0.17031192779541016,False,False,4.45
to_Berlin,country,11,5,5,2.0,9.171272277832031,0.16771213710308075,1.7439400835428387e-05, Tokyo,0.422408789396286,9.526101112365723,0.3548288345336914,False,False,8.89
to_Berlin,country,11,10,6,0.0,9.526101112365723,0.18348456919193268,1.33803214339423e-05, Tokyo,0.40870580077171326,9.526101112365723,-0.0,False,False,0.00
to_Berlin,country,11,10,6,0.5,9.440816879272461,0.18054735660552979,1.4338256733026356e-05, Tokyo,0.413960725069046,9.526101112365723,0.08528423309326172,False,False,2.25
to_Berlin,country,11,10,6,1.0,9.352442741394043,0.17650505900382996,1.5312389223254286e-05, Tokyo,0.41716980934143066,9.526101112365723,0.1736583709716797,False,False,4.49
to_Berlin,country,11,10,6,2.0,9.171438217163086,0.16674838960170746,1.7336307791993022e-05, Tokyo,0.41842368245124817,9.526101112365723,0.3546628952026367,False,False,8.98
to_Berlin,country,12,1,1,0.0,9.526101112365723,0.18348456919193268,1.33803214339423e-05, Tokyo,0.40870580077171326,9.526101112365723,-0.0,False,False,0.00
to_Berlin,country,12,1,1,0.5,9.486169815063477,0.17573420703411102,1.333721047558356e-05, Tokyo,0.41047537326812744,9.526101112365723,0.039931297302246094,False,False,1.57
to_Berlin,country,12,1,1,1.0,9.444742202758789,0.16826391220092773,1.331041130470112e-05, Tokyo,0.412016898393631,9.526101112365723,0.0813589096069336,False,False,3.15
to_Berlin,country,12,1,1,2.0,9.358156204223633,0.15417498350143433,1.3298978956299834e-05, Tokyo,0.4141679108142853,9.526101112365723,0.16794490814208984,False,False,6.30
to_Berlin,country,12,5,5,0.0,9.526101112365723,0.18348456919193268,1.33803214339423e-05, Tokyo,0.40870580077171326,9.526101112365723,-0.0,False,False,0.00
to_Berlin,country,12,5,5,0.5,9.46354866027832,0.17060092091560364,1.3243859939393587e-05, Tokyo,0.4099220633506775,9.526101112365723,0.06255245208740234,False,False,2.08
to_Berlin,country,12,5,5,1.0,9.397342681884766,0.15835261344909668,1.313443044637097e-05, Tokyo,0.41126808524131775,9.526101112365723,0.12875843048095703,False,False,4.16
to_Berlin,country,12,5,5,2.0,9.256589889526367,0.1360347419977188,1.29886539070867e-05, a,0.41435253620147705,9.526101112365723,0.26951122283935547,False,False,8.33
to_Berlin,country,12,10,5,0.0,9.526101112365723,0.18348456919193268,1.33803214339423e-05, Tokyo,0.40870580077171326,9.526101112365723,-0.0,False,False,0.00
to_Berlin,country,12,10,5,0.5,9.46354866027832,0.17060092091560364,1.3243859939393587e-05, Tokyo,0.4099220633506775,9.526101112365723,0.06255245208740234,False,False,2.08
to_Berlin,country,12,10,5,1.0,9.397342681884766,0.15835261344909668,1.313443044637097e-05, Tokyo,0.41126808524131775,9.526101112365723,0.12875843048095703,False,False,4.16
to_Berlin,country,12,10,5,2.0,9.256589889526367,0.1360347419977188,1.29886539070867e-05, a,0.41435253620147705,9.526101112365723,0.26951122283935547,False,False,8.33
to_Berlin,country,13,1,1,0.0,9.526101112365723,0.18348456919193268,1.33803214339423e-05, Tokyo,0.40870580077171326,9.526101112365723,-0.0,False,False,0.00
to_Berlin,country,13,1,1,0.5,9.501321792602539,0.17910286784172058,1.3388465958996676e-05, Tokyo,0.4088718593120575,9.526101112365723,0.024779319763183594,False,False,0.54
to_Berlin,country,13,1,1,1.0,9.476503372192383,0.17485401034355164,1.3399309864325915e-05, Tokyo,0.40913426876068115,9.526101112365723,0.049597740173339844,False,False,1.08
to_Berlin,country,13,1,1,2.0,9.426918983459473,0.16677126288414001,1.3429577848000918e-05, Tokyo,0.4099380373954773,9.526101112365723,0.09918212890625,False,False,2.15
to_Berlin,country,13,5,5,0.0,9.526101112365723,0.18348456919193268,1.33803214339423e-05, Tokyo,0.40870580077171326,9.526101112365723,-0.0,False,False,0.00
to_Berlin,country,13,5,5,0.5,9.475484848022461,0.17440102994441986,1.3378216863202397e-05, Tokyo,0.4072980284690857,9.526101112365723,0.05061626434326172,False,False,0.79
to_Berlin,country,13,5,5,1.0,9.425241470336914,0.1657806783914566,1.3372220564633608e-05, Tokyo,0.4059368371963501,9.526101112365723,0.1008596420288086,False,False,1.57
to_Berlin,country,13,5,5,2.0,9.326068878173828,0.14993540942668915,1.3355003829929046e-05, Tokyo,0.40337496995925903,9.526101112365723,0.20003223419189453,False,False,3.14
to_Berlin,country,13,10,7,0.0,9.526101112365723,0.18348456919193268,1.33803214339423e-05, Tokyo,0.40870580077171326,9.526101112365723,-0.0,False,False,0.00
to_Berlin,country,13,10,7,0.5,9.474002838134766,0.17507705092430115,1.344999600405572e-05, Tokyo,0.40728560090065,9.526101112365723,0.05209827423095703,False,False,0.83
to_Berlin,country,13,10,7,1.0,9.421847343444824,0.1669892519712448,1.3515507816919126e-05, Tokyo,0.4059181809425354,9.526101112365723,0.10425376892089844,False,False,1.66
to_Berlin,country,13,10,7,2.0,9.31764030456543,0.1518372893333435,1.3638878044730518e-05, Tokyo,0.40337252616882324,9.526101112365723,0.20846080780029297,False,False,3.32
to_Berlin,country,14,1,1,0.0,9.526101112365723,0.18348456919193268,1.33803214339423e-05, Tokyo,0.40870580077171326,9.526101112365723,-0.0,False,False,0.00
to_Berlin,country,14,1,1,0.5,9.456472396850586,0.17705826461315155,1.3842749467585236e-05, Tokyo,0.4071301519870758,9.526101112365723,0.06962871551513672,False,False,1.43
to_Berlin,country,14,1,1,1.0,9.384244918823242,0.17058512568473816,1.4335590094560757e-05, Tokyo,0.40521204471588135,9.526101112365723,0.14185619354248047,False,False,2.85
to_Berlin,country,14,1,1,2.0,9.233085632324219,0.15754170715808868,1.5399878975586034e-05, Tokyo,0.4006657898426056,9.526101112365723,0.2930154800415039,False,False,5.70
to_Berlin,country,14,5,4,0.0,9.526101112365723,0.18348456919193268,1.33803214339423e-05, Tokyo,0.40870580077171326,9.526101112365723,-0.0,False,False,0.00
to_Berlin,country,14,5,4,0.5,9.451672554016113,0.1765740066766739,1.3871308510715608e-05, Tokyo,0.4069117307662964,9.526101112365723,0.07442855834960938,False,False,1.42
to_Berlin,country,14,5,4,1.0,9.375210762023926,0.16973815858364105,1.4393854144145735e-05, Tokyo,0.40481793880462646,9.526101112365723,0.15089035034179688,False,False,2.85
to_Berlin,country,14,5,4,2.0,9.217205047607422,0.1562744826078415,1.552054163767025e-05, Tokyo,0.4000838100910187,9.526101112365723,0.3088960647583008,False,False,5.69
to_Berlin,country,14,10,4,0.0,9.526101112365723,0.18348456919193268,1.33803214339423e-05, Tokyo,0.40870580077171326,9.526101112365723,-0.0,False,False,0.00
to_Berlin,country,14,10,4,0.5,9.451672554016113,0.1765740066766739,1.3871308510715608e-05, Tokyo,0.4069117307662964,9.526101112365723,0.07442855834960938,False,False,1.42
to_Berlin,country,14,10,4,1.0,9.375210762023926,0.16973815858364105,1.4393854144145735e-05, Tokyo,0.40481793880462646,9.526101112365723,0.15089035034179688,False,False,2.85
to_Berlin,country,14,10,4,2.0,9.217205047607422,0.1562744826078415,1.552054163767025e-05, Tokyo,0.4000838100910187,9.526101112365723,0.3088960647583008,False,False,5.69
to_Berlin,country,15,1,1,0.0,9.526101112365723,0.18348456919193268,1.33803214339423e-05, Tokyo,0.40870580077171326,9.526101112365723,-0.0,False,False,0.00
to_Berlin,country,15,1,1,0.5,9.489631652832031,0.18194444477558136,1.3760813999397215e-05, Tokyo,0.4057881832122803,9.526101112365723,0.036469459533691406,False,False,1.99
to_Berlin,country,15,1,1,1.0,9.449285507202148,0.17962342500686646,1.4144598026177846e-05, Tokyo,0.4028288722038269,9.526101112365723,0.07681560516357422,False,False,3.98
to_Berlin,country,15,1,1,2.0,9.356775283813477,0.17311017215251923,1.4952943274693098e-05, Tokyo,0.39738351106643677,9.526101112365723,0.1693258285522461,False,False,7.97
to_Berlin,country,15,5,5,0.0,9.526101112365723,0.18348456919193268,1.33803214339423e-05, Tokyo,0.40870580077171326,9.526101112365723,-0.0,False,False,0.00
to_Berlin,country,15,5,5,0.5,9.464508056640625,0.18004322052001953,1.3963460332888644e-05, Tokyo,0.40664684772491455,9.526101112365723,0.061593055725097656,False,False,2.18
to_Berlin,country,15,5,5,1.0,9.397760391235352,0.17556442320346832,1.4555969755747356e-05, Tokyo,0.40454357862472534,9.526101112365723,0.1283407211303711,False,False,4.36
to_Berlin,country,15,5,5,2.0,9.247488021850586,0.16423527896404266,1.5824620277271606e-05, Tokyo,0.40112391114234924,9.526101112365723,0.2786130905151367,False,False,8.71
to_Berlin,country,15,10,7,0.0,9.526101112365723,0.18348456919193268,1.33803214339423e-05, Tokyo,0.40870580077171326,9.526101112365723,-0.0,False,False,0.00
to_Berlin,country,15,10,7,0.5,9.463140487670898,0.17965568602085114,1.3952478184364736e-05, Tokyo,0.40583133697509766,9.526101112365723,0.06296062469482422,False,False,2.22
to_Berlin,country,15,10,7,1.0,9.394901275634766,0.1747857928276062,1.4532902241626289e-05, Tokyo,0.4029790461063385,9.526101112365723,0.13119983673095703,False,False,4.44
to_Berlin,country,15,10,7,2.0,9.241159439086914,0.16270478069782257,1.5776686268509366e-05, Tokyo,0.39836636185646057,9.526101112365723,0.2849416732788086,False,False,8.89
to_Berlin,country,16,1,1,0.0,9.526101112365723,0.18348456919193268,1.33803214339423e-05, Tokyo,0.40870580077171326,9.526101112365723,-0.0,False,False,0.00
to_Berlin,country,16,1,1,0.5,9.028762817382812,0.1840837597846985,2.207361649197992e-05, Tokyo,0.41985979676246643,9.526101112365723,0.49733829498291016,False,False,8.26
to_Berlin,country,16,1,1,1.0,8.420052528381348,0.18188078701496124,4.008708128822036e-05, Tokyo,0.4319249987602234,9.526101112365723,1.106048583984375,False,False,16.52
to_Berlin,country,16,1,1,2.0,6.77205753326416,0.16470465064048767,0.00018864213780034333, Tokyo,0.4588562250137329,9.526101112365723,2.7540435791015625,False,False,33.04
to_Berlin,country,16,5,5,0.0,9.526101112365723,0.18348456919193268,1.33803214339423e-05, Tokyo,0.40870580077171326,9.526101112365723,-0.0,False,False,0.00
to_Berlin,country,16,5,5,0.5,7.697528839111328,0.15037775039672852,6.826362368883565e-05, Tokyo,0.43718352913856506,9.526101112365723,1.8285722732543945,False,False,13.87
to_Berlin,country,16,5,5,1.0,3.7944345474243164,0.07377715408802032,0.0016596631612628698, a,0.46287408471107483,9.526101112365723,5.731666564941406,False,False,27.75
to_Berlin,country,16,5,5,2.0,-3.4595346450805664,0.002145068719983101,0.06821786612272263, a,0.515856146812439,9.526101112365723,12.985635757446289,True,False,55.50
to_Berlin,country,16,10,10,0.0,9.526101112365723,0.18348456919193268,1.33803214339423e-05, Tokyo,0.40870580077171326,9.526101112365723,-0.0,False,False,0.00
to_Berlin,country,16,10,10,0.5,7.423219203948975,0.13729998469352722,8.199881267501041e-05, a,0.431436151266098,9.526101112365723,2.102881908416748,False,False,15.11
to_Berlin,country,16,10,10,1.0,2.468560218811035,0.04173237457871437,0.0035350120160728693, a,0.45272982120513916,9.526101112365723,7.0575408935546875,False,False,30.21
to_Berlin,country,16,10,10,2.0,-6.515903472900391,0.00013303781452123076,0.08990756422281265, a,0.514936625957489,9.526101112365723,16.042004585266113,True,False,60.43
to_Berlin,country,17,1,1,0.0,9.526101112365723,0.18348456919193268,1.33803214339423e-05, Tokyo,0.40870580077171326,9.526101112365723,-0.0,False,False,0.00
to_Berlin,country,17,1,1,0.5,9.457317352294922,0.18521270155906677,1.4468046174442861e-05, Tokyo,0.3936155438423157,9.526101112365723,0.06878376007080078,False,False,4.60
to_Berlin,country,17,1,1,1.0,9.383394241333008,0.18674032390117645,1.570659333083313e-05, Tokyo,0.37741824984550476,9.526101112365723,0.14270687103271484,False,False,9.19
to_Berlin,country,17,1,1,2.0,9.209585189819336,0.18950767815113068,1.8965092749567702e-05, Tokyo,0.3416273295879364,9.526101112365723,0.3165159225463867,False,False,18.39
to_Berlin,country,17,5,4,0.0,9.526101112365723,0.18348456919193268,1.33803214339423e-05, Tokyo,0.40870580077171326,9.526101112365723,-0.0,False,False,0.00
to_Berlin,country,17,5,4,0.5,9.445035934448242,0.1849718689918518,1.4627789823862258e-05, Tokyo,0.3906080722808838,9.526101112365723,0.08106517791748047,False,False,4.73
to_Berlin,country,17,5,4,1.0,9.35813045501709,0.18625153601169586,1.6066280295490287e-05, Tokyo,0.3714929521083832,9.526101112365723,0.1679706573486328,False,False,9.47
to_Berlin,country,17,5,4,2.0,9.156391143798828,0.1884251832962036,1.9886982045136392e-05, Tokyo,0.33055204153060913,9.526101112365723,0.36970996856689453,False,False,18.94
to_Berlin,country,17,10,4,0.0,9.526101112365723,0.18348456919193268,1.33803214339423e-05, Tokyo,0.40870580077171326,9.526101112365723,-0.0,False,False,0.00
to_Berlin,country,17,10,4,0.5,9.445035934448242,0.1849718689918518,1.4627789823862258e-05, Tokyo,0.3906080722808838,9.526101112365723,0.08106517791748047,False,False,4.73
to_Berlin,country,17,10,4,1.0,9.35813045501709,0.18625153601169586,1.6066280295490287e-05, Tokyo,0.3714929521083832,9.526101112365723,0.1679706573486328,False,False,9.47
to_Berlin,country,17,10,4,2.0,9.156391143798828,0.1884251832962036,1.9886982045136392e-05, Tokyo,0.33055204153060913,9.526101112365723,0.36970996856689453,False,False,18.94
to_Berlin,country,18,1,1,0.0,9.526101112365723,0.18348456919193268,1.33803214339423e-05, Tokyo,0.40870580077171326,9.526101112365723,-0.0,False,False,0.00
to_Berlin,country,18,1,1,0.5,9.461053848266602,0.1858820617198944,1.446618352929363e-05, Tokyo,0.41252440214157104,9.526101112365723,0.0650472640991211,False,False,5.60
to_Berlin,country,18,1,1,1.0,9.388774871826172,0.18815547227859497,1.5740692106192e-05, Tokyo,0.4156173765659332,9.526101112365723,0.13732624053955078,False,False,11.19
to_Berlin,country,18,1,1,2.0,9.220474243164062,0.19292689859867096,1.9098168195341714e-05, Tokyo,0.4175809621810913,9.526101112365723,0.30562686920166016,False,False,22.38
to_Berlin,country,18,5,5,0.0,9.526101112365723,0.18348456919193268,1.33803214339423e-05, Tokyo,0.40870580077171326,9.526101112365723,-0.0,False,False,0.00
to_Berlin,country,18,5,5,0.5,9.42029094696045,0.1872195452451706,1.5176472516031936e-05, Tokyo,0.4118324816226959,9.526101112365723,0.10581016540527344,False,False,7.65
to_Berlin,country,18,5,5,1.0,9.298795700073242,0.19084510207176208,1.7468897567596287e-05, Tokyo,0.4144650101661682,9.526101112365723,0.22730541229248047,False,False,15.30
to_Berlin,country,18,5,5,2.0,9.017642974853516,0.20008070766925812,2.4260101781692356e-05, Tokyo,0.41383126378059387,9.526101112365723,0.508458137512207,False,False,30.60
to_Berlin,country,18,10,5,0.0,9.526101112365723,0.18348456919193268,1.33803214339423e-05, Tokyo,0.40870580077171326,9.526101112365723,-0.0,False,False,0.00
to_Berlin,country,18,10,5,0.5,9.42029094696045,0.1872195452451706,1.5176472516031936e-05, Tokyo,0.4118324816226959,9.526101112365723,0.10581016540527344,False,False,7.65
to_Berlin,country,18,10,5,1.0,9.298795700073242,0.19084510207176208,1.7468897567596287e-05, Tokyo,0.4144650101661682,9.526101112365723,0.22730541229248047,False,False,15.30
to_Berlin,country,18,10,5,2.0,9.017642974853516,0.20008070766925812,2.4260101781692356e-05, Tokyo,0.41383126378059387,9.526101112365723,0.508458137512207,False,False,30.60
to_Berlin,country,19,1,1,0.0,9.526101112365723,0.18348456919193268,1.33803214339423e-05, Tokyo,0.40870580077171326,9.526101112365723,-0.0,False,False,0.00
to_Berlin,country,19,1,1,0.5,9.193058013916016,0.18505050241947174,1.882764627225697e-05, Tokyo,0.4101244807243347,9.526101112365723,0.33304309844970703,False,False,13.22
to_Berlin,country,19,1,1,1.0,8.727876663208008,0.18436315655708313,2.9867966077290475e-05, Tokyo,0.41072386503219604,9.526101112365723,0.7982244491577148,False,False,26.45
to_Berlin,country,19,1,1,2.0,7.387158393859863,0.174959197640419,0.00010832651605596766, Tokyo,0.4095757305622101,9.526101112365723,2.1389427185058594,False,False,52.89
to_Berlin,country,19,5,4,0.0,9.526101112365723,0.18348456919193268,1.33803214339423e-05, Tokyo,0.40870580077171326,9.526101112365723,-0.0,False,False,0.00
to_Berlin,country,19,5,4,0.5,9.126811981201172,0.18053840100765228,1.9626615539891645e-05, Tokyo,0.4204915165901184,9.526101112365723,0.3992891311645508,False,False,14.82
to_Berlin,country,19,5,4,1.0,8.55528736114502,0.1746145635843277,3.361756898812018e-05, Tokyo,0.43196725845336914,9.526101112365723,0.9708137512207031,False,False,29.65
to_Berlin,country,19,5,4,2.0,6.945462703704834,0.1537337601184845,0.00014804473903495818, Tokyo,0.4511454403400421,9.526101112365723,2.5806384086608887,False,False,59.29
to_Berlin,country,19,10,4,0.0,9.526101112365723,0.18348456919193268,1.33803214339423e-05, Tokyo,0.40870580077171326,9.526101112365723,-0.0,False,False,0.00
to_Berlin,country,19,10,4,0.5,9.126811981201172,0.18053840100765228,1.9626615539891645e-05, Tokyo,0.4204915165901184,9.526101112365723,0.3992891311645508,False,False,14.82
to_Berlin,country,19,10,4,1.0,8.55528736114502,0.1746145635843277,3.361756898812018e-05, Tokyo,0.43196725845336914,9.526101112365723,0.9708137512207031,False,False,29.65
to_Berlin,country,19,10,4,2.0,6.945462703704834,0.1537337601184845,0.00014804473903495818, Tokyo,0.4511454403400421,9.526101112365723,2.5806384086608887,False,False,59.29
to_Berlin,country,20,1,1,0.0,9.526101112365723,0.18348456919193268,1.33803214339423e-05, Tokyo,0.40870580077171326,9.526101112365723,-0.0,False,False,0.00
to_Berlin,country,20,1,1,0.5,9.20456314086914,0.17406566441059113,1.7507423763163388e-05, Tokyo,0.4128709137439728,9.526101112365723,0.32153797149658203,False,False,14.39
to_Berlin,country,20,1,1,1.0,8.872709274291992,0.16500049829483032,2.312686228833627e-05, Tokyo,0.4149780571460724,9.526101112365723,0.6533918380737305,False,False,28.79
to_Berlin,country,20,1,1,2.0,8.225975036621094,0.14973823726177216,4.0071638068184257e-05, Tokyo,0.41104260087013245,9.526101112365723,1.300126075744629,False,False,57.58
to_Berlin,country,20,5,5,0.0,9.526101112365723,0.18348456919193268,1.33803214339423e-05, Tokyo,0.40870580077171326,9.526101112365723,-0.0,False,False,0.00
to_Berlin,country,20,5,5,0.5,9.030996322631836,0.17673097550868988,2.114466406055726e-05, Tokyo,0.4156433045864105,9.526101112365723,0.4951047897338867,False,False,19.65
to_Berlin,country,20,5,5,1.0,8.473674774169922,0.16819320619106293,3.5134846257278696e-05, Tokyo,0.42031964659690857,9.526101112365723,1.0524263381958008,False,False,39.30
to_Berlin,country,20,5,5,2.0,7.283405780792236,0.1519155204296112,0.0001043420415953733, Tokyo,0.42195093631744385,9.526101112365723,2.2426953315734863,False,False,78.60
to_Berlin,country,20,10,8,0.0,9.526101112365723,0.18348456919193268,1.33803214339423e-05, Tokyo,0.40870580077171326,9.526101112365723,-0.0,False,False,0.00
to_Berlin,country,20,10,8,0.5,9.023191452026367,0.17645280063152313,2.127679363184143e-05, Tokyo,0.4177495241165161,9.526101112365723,0.5029096603393555,False,False,19.78
to_Berlin,country,20,10,8,1.0,8.458319664001465,0.16756288707256317,3.554480281309225e-05, Tokyo,0.42438262701034546,9.526101112365723,1.0677814483642578,False,False,39.56
to_Berlin,country,20,10,8,2.0,7.261143684387207,0.15046332776546478,0.00010567101708147675, Tokyo,0.4289241433143616,9.526101112365723,2.2649574279785156,False,False,79.13
to_Berlin,country,21,1,1,0.0,9.526101112365723,0.18348456919193268,1.33803214339423e-05, Tokyo,0.40870580077171326,9.526101112365723,-0.0,False,False,0.00
to_Berlin,country,21,1,1,0.5,9.457082748413086,0.18810975551605225,1.4697804544994142e-05, Tokyo,0.4010622799396515,9.526101112365723,0.06901836395263672,False,False,12.59
to_Berlin,country,21,1,1,1.0,9.391775131225586,0.1929536908864975,1.6093745216494426e-05, Tokyo,0.3924087882041931,9.526101112365723,0.13432598114013672,False,False,25.17
to_Berlin,country,21,1,1,2.0,9.27804183959961,0.20310798287391663,1.8981249013449997e-05, Tokyo,0.37209099531173706,9.526101112365723,0.24805927276611328,False,False,50.34
to_Berlin,country,21,5,5,0.0,9.526101112365723,0.18348456919193268,1.33803214339423e-05, Tokyo,0.40870580077171326,9.526101112365723,-0.0,False,False,0.00
to_Berlin,country,21,5,5,0.5,9.403735160827637,0.18818530440330505,1.550941487948876e-05, Tokyo,0.39646053314208984,9.526101112365723,0.12236595153808594,False,False,14.94
to_Berlin,country,21,5,5,1.0,9.264142990112305,0.19272910058498383,1.82633721124148e-05, Tokyo,0.383956640958786,9.526101112365723,0.26195812225341797,False,False,29.87
to_Berlin,country,21,5,5,2.0,8.961034774780273,0.20149697363376617,2.585475886007771e-05, Tokyo,0.3571021556854248,9.526101112365723,0.5650663375854492,False,False,59.75
to_Berlin,country,21,10,8,0.0,9.526101112365723,0.18348456919193268,1.33803214339423e-05, Tokyo,0.40870580077171326,9.526101112365723,-0.0,False,False,0.00
to_Berlin,country,21,10,8,0.5,9.386890411376953,0.18647047877311707,1.5629149856977165e-05, Tokyo,0.407001793384552,9.526101112365723,0.13921070098876953,False,False,17.24
to_Berlin,country,21,10,8,1.0,9.204864501953125,0.18854853510856628,1.8958384316647425e-05, Tokyo,0.4041461944580078,9.526101112365723,0.32123661041259766,False,False,34.49
to_Berlin,country,21,10,8,2.0,8.755575180053711,0.19075685739517212,3.005953476531431e-05, Tokyo,0.3920988440513611,9.526101112365723,0.7705259323120117,False,False,68.97
to_Berlin,country,22,1,1,0.0,9.526101112365723,0.18348456919193268,1.33803214339423e-05, Tokyo,0.40870580077171326,9.526101112365723,-0.0,False,False,0.00
to_Berlin,country,22,1,1,0.5,9.239371299743652,0.183388814330101,1.781413629942108e-05, Tokyo,0.40687546133995056,9.526101112365723,0.2867298126220703,False,False,26.49
to_Berlin,country,22,1,1,1.0,8.940640449523926,0.18214361369609833,2.3853002858231775e-05, Tokyo,0.4066561162471771,9.526101112365723,0.5854606628417969,False,False,52.99
to_Berlin,country,22,1,1,2.0,8.370894432067871,0.17540793120861053,4.060842184117064e-05, Tokyo,0.41312503814697266,9.526101112365723,1.1552066802978516,False,False,105.97
to_Berlin,country,22,5,3,0.0,9.526101112365723,0.18348456919193268,1.33803214339423e-05, Tokyo,0.40870580077171326,9.526101112365723,-0.0,False,False,0.00
to_Berlin,country,22,5,3,0.5,9.111043930053711,0.17516732215881348,1.934536157932598e-05, Tokyo,0.387969434261322,9.526101112365723,0.4150571823120117,False,False,34.17
to_Berlin,country,22,5,3,1.0,8.679967880249023,0.16573525965213776,2.8167798518552445e-05, Tokyo,0.37210091948509216,9.526101112365723,0.8461332321166992,False,False,68.35
to_Berlin,country,22,5,3,2.0,7.899623870849609,0.14621978998184204,5.4230426030699164e-05, Tokyo,0.354025661945343,9.526101112365723,1.6264772415161133,False,False,136.69
to_Berlin,country,22,10,3,0.0,9.526101112365723,0.18348456919193268,1.33803214339423e-05, Tokyo,0.40870580077171326,9.526101112365723,-0.0,False,False,0.00
to_Berlin,country,22,10,3,0.5,9.111043930053711,0.17516732215881348,1.934536157932598e-05, Tokyo,0.387969434261322,9.526101112365723,0.4150571823120117,False,False,34.17
to_Berlin,country,22,10,3,1.0,8.679967880249023,0.16573525965213776,2.8167798518552445e-05, Tokyo,0.37210091948509216,9.526101112365723,0.8461332321166992,False,False,68.35
to_Berlin,country,22,10,3,2.0,7.899623870849609,0.14621978998184204,5.4230426030699164e-05, Tokyo,0.354025661945343,9.526101112365723,1.6264772415161133,False,False,136.69
to_Berlin,country,23,1,1,0.0,9.526101112365723,0.18348456919193268,1.33803214339423e-05, Tokyo,0.40870580077171326,9.526101112365723,-0.0,False,False,0.00
to_Berlin,country,23,1,1,0.5,9.400964736938477,0.18923841416835785,1.5639481716789305e-05, Tokyo,0.4221510887145996,9.526101112365723,0.1251363754272461,False,False,23.20
to_Berlin,country,23,1,1,1.0,9.264959335327148,0.1948273926973343,1.844715552579146e-05, Tokyo,0.43527787923812866,9.526101112365723,0.2611417770385742,False,False,46.39
to_Berlin,country,23,1,1,2.0,8.981754302978516,0.2043401300907135,2.5681925762910396e-05, Tokyo,0.45584359765052795,9.526101112365723,0.544346809387207,False,False,92.78
to_Berlin,country,23,5,3,0.0,9.526101112365723,0.18348456919193268,1.33803214339423e-05, Tokyo,0.40870580077171326,9.526101112365723,-0.0,False,False,0.00
to_Berlin,country,23,5,3,0.5,9.356813430786133,0.1954987794160843,1.6886186131159775e-05, Tokyo,0.4164639413356781,9.526101112365723,0.16928768157958984,False,False,26.54
to_Berlin,country,23,5,3,1.0,9.19363784790039,0.20698188245296478,2.1046809706604108e-05, Tokyo,0.4210101068019867,9.526101112365723,0.33246326446533203,False,False,53.08
to_Berlin,country,23,5,3,2.0,8.91130542755127,0.2259872704744339,3.047565223823767e-05, Tokyo,0.4142281711101532,9.526101112365723,0.6147956848144531,False,False,106.16
to_Berlin,country,23,10,3,0.0,9.526101112365723,0.18348456919193268,1.33803214339423e-05, Tokyo,0.40870580077171326,9.526101112365723,-0.0,False,False,0.00
to_Berlin,country,23,10,3,0.5,9.356813430786133,0.1954987794160843,1.6886186131159775e-05, Tokyo,0.4164639413356781,9.526101112365723,0.16928768157958984,False,False,26.54
to_Berlin,country,23,10,3,1.0,9.19363784790039,0.20698188245296478,2.1046809706604108e-05, Tokyo,0.4210101068019867,9.526101112365723,0.33246326446533203,False,False,53.08
to_Berlin,country,23,10,3,2.0,8.91130542755127,0.2259872704744339,3.047565223823767e-05, Tokyo,0.4142281711101532,9.526101112365723,0.6147956848144531,False,False,106.16
to_Berlin,country,24,1,1,0.0,9.526101112365723,0.18348456919193268,1.33803214339423e-05, Tokyo,0.40870580077171326,9.526101112365723,-0.0,False,False,0.00
to_Berlin,country,24,1,1,0.5,9.497418403625488,0.18425926566123962,1.3827801012666896e-05, Tokyo,0.4229079484939575,9.526101112365723,0.028682708740234375,False,False,12.05
to_Berlin,country,24,1,1,1.0,9.467844009399414,0.18496572971343994,1.4297456800704822e-05, Tokyo,0.43727484345436096,9.526101112365723,0.058257102966308594,False,False,24.10
to_Berlin,country,24,1,1,2.0,9.40743350982666,0.18618617951869965,1.528800930827856e-05, Tokyo,0.46611568331718445,9.526101112365723,0.1186676025390625,False,False,48.20
to_Berlin,country,24,5,3,0.0,9.526101112365723,0.18348456919193268,1.33803214339423e-05, Tokyo,0.40870580077171326,9.526101112365723,-0.0,False,False,0.00
to_Berlin,country,24,5,3,0.5,9.494064331054688,0.18391837179660797,1.3848586604581214e-05, Tokyo,0.4153505563735962,9.526101112365723,0.032036781311035156,False,False,13.27
to_Berlin,country,24,5,3,1.0,9.461430549621582,0.18431761860847473,1.4339036169985775e-05, Tokyo,0.42217132449150085,9.526101112365723,0.06467056274414062,False,False,26.54
to_Berlin,country,24,5,3,2.0,9.395995140075684,0.1850244402885437,1.5367397281806916e-05, Tokyo,0.43599316477775574,9.526101112365723,0.13010597229003906,False,False,53.07
to_Berlin,country,24,10,3,0.0,9.526101112365723,0.18348456919193268,1.33803214339423e-05, Tokyo,0.40870580077171326,9.526101112365723,-0.0,False,False,0.00
to_Berlin,country,24,10,3,0.5,9.494064331054688,0.18391837179660797,1.3848586604581214e-05, Tokyo,0.4153505563735962,9.526101112365723,0.032036781311035156,False,False,13.27
to_Berlin,country,24,10,3,1.0,9.461430549621582,0.18431761860847473,1.4339036169985775e-05, Tokyo,0.42217132449150085,9.526101112365723,0.06467056274414062,False,False,26.54
to_Berlin,country,24,10,3,2.0,9.395995140075684,0.1850244402885437,1.5367397281806916e-05, Tokyo,0.43599316477775574,9.526101112365723,0.13010597229003906,False,False,53.07
to_Berlin,country,25,1,1,0.0,9.526101112365723,0.18348456919193268,1.33803214339423e-05, Tokyo,0.40870580077171326,9.526101112365723,-0.0,False,False,0.00
to_Berlin,country,25,1,1,0.5,9.506866455078125,0.1858595907688141,1.381672791467281e-05, Tokyo,0.39002975821495056,9.526101112365723,0.019234657287597656,False,False,14.25
to_Berlin,country,25,1,1,1.0,9.488197326660156,0.188291534781456,1.4261300748330541e-05, Tokyo,0.3707541227340698,9.526101112365723,0.037903785705566406,False,False,28.50
to_Berlin,country,25,1,1,2.0,9.452876091003418,0.1931912899017334,1.515847907285206e-05, Tokyo,0.33095455169677734,9.526101112365723,0.07322502136230469,False,False,56.99
to_Berlin,country,25,5,3,0.0,9.526101112365723,0.18348456919193268,1.33803214339423e-05, Tokyo,0.40870580077171326,9.526101112365723,-0.0,False,False,0.00
to_Berlin,country,25,5,3,0.5,9.497629165649414,0.18381863832473755,1.3791820492770057e-05, Tokyo,0.40223410725593567,9.526101112365723,0.028471946716308594,False,False,14.29
to_Berlin,country,25,5,3,1.0,9.468009948730469,0.18420787155628204,1.4236515198717825e-05, Tokyo,0.39579954743385315,9.526101112365723,0.058091163635253906,False,False,28.58
to_Berlin,country,25,5,3,2.0,9.406503677368164,0.18511588871479034,1.521426656836411e-05, Tokyo,0.3831135034561157,9.526101112365723,0.1195974349975586,False,False,57.15
to_Berlin,country,25,10,3,0.0,9.526101112365723,0.18348456919193268,1.33803214339423e-05, Tokyo,0.40870580077171326,9.526101112365723,-0.0,False,False,0.00
to_Berlin,country,25,10,3,0.5,9.497629165649414,0.18381863832473755,1.3791820492770057e-05, Tokyo,0.40223410725593567,9.526101112365723,0.028471946716308594,False,False,14.29
to_Berlin,country,25,10,3,1.0,9.468009948730469,0.18420787155628204,1.4236515198717825e-05, Tokyo,0.39579954743385315,9.526101112365723,0.058091163635253906,False,False,28.58
to_Berlin,country,25,10,3,2.0,9.406503677368164,0.18511588871479034,1.521426656836411e-05, Tokyo,0.3831135034561157,9.526101112365723,0.1195974349975586,False,False,57.15
to_Berlin,country,26,1,1,0.0,9.526101112365723,0.18348456919193268,1.33803214339423e-05, Tokyo,0.40870580077171326,9.526101112365723,-0.0,False,False,0.00
to_Berlin,country,26,1,1,0.5,9.523382186889648,0.18356677889823914,1.3422752999758814e-05, Tokyo,0.40985018014907837,9.526101112365723,0.0027189254760742188,False,False,3.12
to_Berlin,country,26,1,1,1.0,9.52066421508789,0.1836446225643158,1.3464999028656166e-05, Tokyo,0.41092076897621155,9.526101112365723,0.005436897277832031,False,False,6.24
to_Berlin,country,26,1,1,2.0,9.515247344970703,0.18378756940364838,1.354867526970338e-05, Tokyo,0.41284334659576416,9.526101112365723,0.010853767395019531,False,False,12.49
to_Berlin,country,26,5,5,0.0,9.526101112365723,0.18348456919193268,1.33803214339423e-05, Tokyo,0.40870580077171326,9.526101112365723,-0.0,False,False,0.00
to_Berlin,country,26,5,5,0.5,9.519418716430664,0.18333809077739716,1.3459272850013804e-05, Tokyo,0.41080442070961,9.526101112365723,0.006682395935058594,False,False,6.98
to_Berlin,country,26,5,5,1.0,9.512873649597168,0.18317247927188873,1.353542393189855e-05, Tokyo,0.4127064645290375,9.526101112365723,0.013227462768554688,False,False,13.97
to_Berlin,country,26,5,5,2.0,9.500268936157227,0.18279103934764862,1.3678568393515889e-05, Tokyo,0.4159281253814697,9.526101112365723,0.025832176208496094,False,False,27.93
to_Berlin,country,26,10,6,0.0,9.526101112365723,0.18348456919193268,1.33803214339423e-05, Tokyo,0.40870580077171326,9.526101112365723,-0.0,False,False,0.00
to_Berlin,country,26,10,6,0.5,9.519418716430664,0.18333832919597626,1.3459285582939629e-05, Tokyo,0.41080307960510254,9.526101112365723,0.006682395935058594,False,False,6.99
to_Berlin,country,26,10,6,1.0,9.512869834899902,0.18317268788814545,1.3535488506022375e-05, Tokyo,0.41270437836647034,9.526101112365723,0.013231277465820312,False,False,13.99
to_Berlin,country,26,10,6,2.0,9.500264167785645,0.18279151618480682,1.367867207591189e-05, Tokyo,0.4159216284751892,9.526101112365723,0.025836944580078125,False,False,27.97
to_Berlin,country,0+1,1,1+1,0.0,9.526101112365723,0.18348456919193268,1.33803214339423e-05, Tokyo,0.40870580077171326,9.526101112365723,-0.0,False,False,0.00+0.00
to_Berlin,country,0+1,1,1+1,0.5,9.213939666748047,0.17611002922058105,1.7547723473398946e-05, Tokyo,0.3988078236579895,9.526101112365723,0.3121614456176758,False,False,0.93+1.07
to_Berlin,country,0+1,1,1+1,1.0,8.869144439697266,0.17572250962257385,2.4717623091419227e-05, Tokyo,0.3889484107494354,9.526101112365723,0.656956672668457,False,False,1.86+2.09
to_Berlin,country,0+1,1,1+1,2.0,8.114518165588379,0.1830066591501236,5.4749034461565316e-05, Tokyo,0.3950718641281128,9.526101112365723,1.4115829467773438,False,False,3.72+3.91
to_Berlin,country,0+1,5,5+5,0.0,9.526101112365723,0.18348456919193268,1.33803214339423e-05, Tokyo,0.40870580077171326,9.526101112365723,-0.0,False,False,0.00+0.00
to_Berlin,country,0+1,5,5+5,0.5,8.913118362426758,0.17294181883335114,2.327994843653869e-05, Tokyo,0.41301122307777405,9.526101112365723,0.6129827499389648,False,False,1.27+1.62
to_Berlin,country,0+1,5,5+5,1.0,8.433143615722656,0.1686282902956009,3.668280260171741e-05, Tokyo,0.4077058732509613,9.526101112365723,1.0929574966430664,False,False,2.53+3.02
to_Berlin,country,0+1,5,5+5,2.0,7.7451863288879395,0.2241707593202591,9.702578245196491e-05, Tokyo,0.41934067010879517,9.526101112365723,1.7809147834777832,False,False,5.06+4.95
to_Berlin,country,0+1,10,10+6,0.0,9.526101112365723,0.18348456919193268,1.33803214339423e-05, Tokyo,0.40870580077171326,9.526101112365723,-0.0,False,False,0.00+0.00
to_Berlin,country,0+1,10,10+6,0.5,8.84990119934082,0.17165517807006836,2.4614639187348075e-05, Tokyo,0.40869876742362976,9.526101112365723,0.6761999130249023,False,False,1.43+1.59
to_Berlin,country,0+1,10,10+6,1.0,8.323385238647461,0.18245281279087067,4.429456021171063e-05, Tokyo,0.4056672751903534,9.526101112365723,1.2027158737182617,False,False,2.87+2.83
to_Berlin,country,0+1,10,10+6,2.0,6.804786682128906,0.24244126677513123,0.0002687355736270547, Tokyo,0.4411470592021942,9.526101112365723,2.7213144302368164,False,False,5.73+4.29
to_Berlin,country,1+2,1,1+1,0.0,9.526101112365723,0.18348456919193268,1.33803214339423e-05, Tokyo,0.40870580077171326,9.526101112365723,-0.0,False,False,0.00+0.00
to_Berlin,country,1+2,1,1+1,0.5,9.325204849243164,0.16986523568630219,1.5143263226491399e-05, Tokyo,0.39393702149391174,9.526101112365723,0.2008962631225586,False,False,1.10+0.30
to_Berlin,country,1+2,1,1+1,1.0,9.060140609741211,0.15348246693611145,1.7835673133959062e-05, a,0.3788836896419525,9.526101112365723,0.4659605026245117,False,False,2.20+0.75
to_Berlin,country,1+2,1,1+1,2.0,8.560310363769531,0.1425412893295288,2.7305175535730086e-05, a,0.3448319733142853,9.526101112365723,0.9657907485961914,False,False,4.40+2.04
to_Berlin,country,1+2,5,5+5,0.0,9.526101112365723,0.18348456919193268,1.33803214339423e-05, Tokyo,0.40870580077171326,9.526101112365723,-0.0,False,False,0.00+0.00
to_Berlin,country,1+2,5,5+5,0.5,9.088115692138672,0.17346005141735077,1.9601120584411547e-05, Tokyo,0.3939325511455536,9.526101112365723,0.4379854202270508,False,False,1.76+1.16
to_Berlin,country,1+2,5,5+5,1.0,8.618303298950195,0.14143557846546173,2.5566851036273874e-05, a,0.39065036177635193,9.526101112365723,0.9077978134155273,False,False,3.52+2.44
to_Berlin,country,1+2,5,5+5,2.0,9.209024429321289,0.21041905879974365,2.106962347170338e-05, Tokyo,0.4854948818683624,9.526101112365723,0.3170766830444336,False,False,7.05+5.15
to_Berlin,country,1+2,10,6+8,0.0,9.526101112365723,0.18348456919193268,1.33803214339423e-05, Tokyo,0.40870580077171326,9.526101112365723,-0.0,False,False,0.00+0.00
to_Berlin,country,1+2,10,6+8,0.5,9.08287239074707,0.1728510856628418,1.9634982891147956e-05, Tokyo,0.3938181698322296,9.526101112365723,0.44322872161865234,False,False,1.76+1.16
to_Berlin,country,1+2,10,6+8,1.0,8.605249404907227,0.1397550106048584,2.5595003535272554e-05, a,0.3905107378959656,9.526101112365723,0.9208517074584961,False,False,3.52+2.44
to_Berlin,country,1+2,10,6+8,2.0,9.053497314453125,0.19228024780750275,2.249316639790777e-05, Tokyo,0.48495757579803467,9.526101112365723,0.47260379791259766,False,False,7.05+5.13
to_Berlin,country,2+3,1,1+1,0.0,9.526101112365723,0.18348456919193268,1.33803214339423e-05, Tokyo,0.40870580077171326,9.526101112365723,-0.0,False,False,0.00+0.00
to_Berlin,country,2+3,1,1+1,0.5,9.29032039642334,0.16909284889698029,1.560954660817515e-05, Tokyo,0.4072645604610443,9.526101112365723,0.2357807159423828,False,False,0.22+1.36
to_Berlin,country,2+3,1,1+1,1.0,9.081668853759766,0.15119752287864685,1.7195950931636617e-05, Tokyo,0.4064122140407562,9.526101112365723,0.44443225860595703,False,False,0.44+2.72
to_Berlin,country,2+3,1,1+1,2.0,8.805944442749023,0.11888454109430313,1.781360879249405e-05, a,0.4111262261867523,9.526101112365723,0.7201566696166992,False,False,0.89+5.44
to_Berlin,country,2+3,5,5+5,0.0,9.526101112365723,0.18348456919193268,1.33803214339423e-05, Tokyo,0.40870580077171326,9.526101112365723,-0.0,False,False,0.00+0.00
to_Berlin,country,2+3,5,5+5,0.5,8.857354164123535,0.13153934478759766,1.872215034381952e-05, a,0.40312567353248596,9.526101112365723,0.6687469482421875,False,False,1.11+2.31
to_Berlin,country,2+3,5,5+5,1.0,8.448905944824219,0.10454738885164261,2.2387210265151225e-05, a,0.4084380269050598,9.526101112365723,1.077195167541504,False,False,2.21+4.38
to_Berlin,country,2+3,5,5+5,2.0,8.20232105255127,0.10489646345376968,2.8743390430463478e-05, a,0.41401252150535583,9.526101112365723,1.3237800598144531,False,False,4.42+8.09
to_Berlin,country,2+3,10,8+10,0.0,9.526101112365723,0.18348456919193268,1.33803214339423e-05, Tokyo,0.40870580077171326,9.526101112365723,-0.0,False,False,0.00+0.00
to_Berlin,country,2+3,10,8+10,0.5,8.860061645507812,0.13224104046821594,1.877113572845701e-05, a,0.40332579612731934,9.526101112365723,0.6660394668579102,False,False,1.10+2.31
to_Berlin,country,2+3,10,8+10,1.0,8.459980010986328,0.10588517785072327,2.242396294604987e-05, a,0.4086833894252777,9.526101112365723,1.0661211013793945,False,False,2.20+4.38
to_Berlin,country,2+3,10,8+10,2.0,8.234617233276367,0.10814429074525833,2.8691572879324667e-05, a,0.41420766711235046,9.526101112365723,1.2914838790893555,False,False,4.40+8.07
to_Berlin,country,3+4,1,1+1,0.0,9.526101112365723,0.18348456919193268,1.33803214339423e-05, Tokyo,0.40870580077171326,9.526101112365723,-0.0,False,False,0.00+0.00
to_Berlin,country,3+4,1,1+1,0.5,9.118328094482422,0.13242334127426147,1.451860589440912e-05, a,0.39904162287712097,9.526101112365723,0.4077730178833008,False,False,1.36+1.47
to_Berlin,country,3+4,1,1+1,1.0,8.808483123779297,0.09529107809066772,1.4242177712731063e-05, a,0.3898202180862427,9.526101112365723,0.7176179885864258,False,False,2.72+2.83
to_Berlin,country,3+4,1,1+1,2.0,8.381843566894531,0.04690515249967575,1.0740691323007923e-05, a,0.39347144961357117,9.526101112365723,1.1442575454711914,False,False,5.44+5.19
to_Berlin,country,3+4,5,5+5,0.0,9.526101112365723,0.18348456919193268,1.33803214339423e-05, Tokyo,0.40870580077171326,9.526101112365723,-0.0,False,False,0.00+0.00
to_Berlin,country,3+4,5,5+5,0.5,8.445180892944336,0.07362361997365952,1.582419645274058e-05, a,0.40404704213142395,9.526101112365723,1.0809202194213867,False,False,2.42+2.49
to_Berlin,country,3+4,5,5+5,1.0,7.9539265632629395,0.04962873458862305,1.743358006933704e-05, a,0.42939192056655884,9.526101112365723,1.5721745491027832,False,False,4.85+4.51
to_Berlin,country,3+4,5,5+5,2.0,7.9604668617248535,0.06103399395942688,2.130028406099882e-05, a,0.5166230797767639,9.526101112365723,1.5656342506408691,False,False,9.69+7.63
to_Berlin,country,3+4,10,10+10,0.0,9.526101112365723,0.18348456919193268,1.33803214339423e-05, Tokyo,0.40870580077171326,9.526101112365723,-0.0,False,False,0.00+0.00
to_Berlin,country,3+4,10,10+10,0.5,8.505478858947754,0.08925225585699081,1.8060791262541898e-05, a,0.4042142331600189,9.526101112365723,1.0206222534179688,False,False,2.42+2.85
to_Berlin,country,3+4,10,10+10,1.0,8.083151817321777,0.08290142565965652,2.559139102231711e-05, a,0.4375884532928467,9.526101112365723,1.4429492950439453,False,False,4.85+5.35
to_Berlin,country,3+4,10,10+10,2.0,6.676560401916504,0.06848766654729843,8.630161755718291e-05, located,0.5327507853507996,9.526101112365723,2.8495407104492188,False,False,9.69+9.80
to_Berlin,country,4+5,1,1+1,0.0,9.526101112365723,0.18348456919193268,1.33803214339423e-05, Tokyo,0.40870580077171326,9.526101112365723,-0.0,False,False,0.00+0.00
to_Berlin,country,4+5,1,1+1,0.5,9.16225528717041,0.10238668322563171,1.0743026905402075e-05, a,0.39501747488975525,9.526101112365723,0.3638458251953125,False,False,1.51+1.85
to_Berlin,country,4+5,1,1+1,1.0,8.882366180419922,0.053175609558820724,7.381582236121176e-06, a,0.382243812084198,9.526101112365723,0.6437349319458008,False,False,3.01+3.70
to_Berlin,country,4+5,1,1+1,2.0,8.402860641479492,0.01631442829966545,3.6581020594894653e-06, a,0.3616691529750824,9.526101112365723,1.1232404708862305,False,False,6.02+7.40
to_Berlin,country,4+5,5,5+3,0.0,9.526101112365723,0.18348456919193268,1.33803214339423e-05, Tokyo,0.40870580077171326,9.526101112365723,-0.0,False,False,0.00+0.00
to_Berlin,country,4+5,5,5+3,0.5,8.695540428161621,0.062284160405397415,1.0422037121315952e-05, a,0.39483779668807983,9.526101112365723,0.8305606842041016,False,False,2.71+2.56
to_Berlin,country,4+5,5,5+3,1.0,7.993492126464844,0.022948039695620537,7.748471944069024e-06, a,0.4027364253997803,9.526101112365723,1.532608985900879,False,False,5.41+5.02
to_Berlin,country,4+5,5,5+3,2.0,7.022583961486816,0.004318178631365299,3.849738277494907e-06, a,0.3883090019226074,9.526101112365723,2.5035171508789062,False,False,10.82+10.18
to_Berlin,country,4+5,10,10+3,0.0,9.526101112365723,0.18348456919193268,1.33803214339423e-05, Tokyo,0.40870580077171326,9.526101112365723,-0.0,False,False,0.00+0.00
to_Berlin,country,4+5,10,10+3,0.5,8.669656753540039,0.07492468506097794,1.2865938515460584e-05, a,0.38782522082328796,9.526101112365723,0.8564443588256836,False,False,3.14+2.59
to_Berlin,country,4+5,10,10+3,1.0,8.238496780395508,0.056411027908325195,1.4908375305822119e-05, a,0.40009868144989014,9.526101112365723,1.2876043319702148,False,False,6.29+5.11
to_Berlin,country,4+5,10,10+3,2.0,8.012133598327637,0.08970852196216583,2.973092887259554e-05, a,0.4605999290943146,9.526101112365723,1.513967514038086,False,False,12.57+10.02
to_Berlin,country,5+6,1,1+1,0.0,9.526101112365723,0.18348456919193268,1.33803214339423e-05, Tokyo,0.40870580077171326,9.526101112365723,-0.0,False,False,0.00+0.00
to_Berlin,country,5+6,1,1+1,0.5,9.29525375366211,0.12391746789216995,1.1382956472516526e-05, a,0.3990812599658966,9.526101112365723,0.23084735870361328,False,False,1.85+1.21
to_Berlin,country,5+6,1,1+1,1.0,9.080052375793457,0.08165808022022247,9.302130820287857e-06, a,0.3940313160419464,9.526101112365723,0.4460487365722656,False,False,3.70+2.43
to_Berlin,country,5+6,1,1+1,2.0,8.608274459838867,0.036413174122571945,6.648636826867005e-06, a,0.38911646604537964,9.526101112365723,0.9178266525268555,False,False,7.40+4.85
to_Berlin,country,5+6,5,3+5,0.0,9.526101112365723,0.18348456919193268,1.33803214339423e-05, Tokyo,0.40870580077171326,9.526101112365723,-0.0,False,False,0.00+0.00
to_Berlin,country,5+6,5,3+5,0.5,9.08565902709961,0.08916828036308289,1.010088362818351e-05, a,0.3966105878353119,9.526101112365723,0.4404420852661133,False,False,2.62+2.30
to_Berlin,country,5+6,5,3+5,1.0,8.73841667175293,0.04572498798370361,7.330056632781634e-06, a,0.41046857833862305,9.526101112365723,0.787684440612793,False,False,5.25+4.49
to_Berlin,country,5+6,5,3+5,2.0,8.158653259277344,0.017704397439956665,5.067841811978724e-06, a,0.45804110169410706,9.526101112365723,1.367447853088379,False,False,10.49+8.55
to_Berlin,country,5+6,10,3+5,0.0,9.526101112365723,0.18348456919193268,1.33803214339423e-05, Tokyo,0.40870580077171326,9.526101112365723,-0.0,False,False,0.00+0.00
to_Berlin,country,5+6,10,3+5,0.5,9.08565902709961,0.08916828036308289,1.010088362818351e-05, a,0.3966105878353119,9.526101112365723,0.4404420852661133,False,False,2.62+2.30
to_Berlin,country,5+6,10,3+5,1.0,8.73841667175293,0.04572498798370361,7.330056632781634e-06, a,0.41046857833862305,9.526101112365723,0.787684440612793,False,False,5.25+4.49
to_Berlin,country,5+6,10,3+5,2.0,8.158653259277344,0.017704397439956665,5.067841811978724e-06, a,0.45804110169410706,9.526101112365723,1.367447853088379,False,False,10.49+8.55
to_Berlin,country,6+7,1,1+1,0.0,9.526101112365723,0.18348456919193268,1.33803214339423e-05, Tokyo,0.40870580077171326,9.526101112365723,-0.0,False,False,0.00+0.00
to_Berlin,country,6+7,1,1+1,0.5,9.05679702758789,0.18865859508514404,2.1996809664415196e-05, Tokyo,0.40899035334587097,9.526101112365723,0.46930408477783203,False,False,1.21+1.91
to_Berlin,country,6+7,1,1+1,1.0,8.366375923156738,0.177162304520607,4.1200302803190425e-05, Tokyo,0.41367271542549133,9.526101112365723,1.1597251892089844,False,False,2.43+3.83
to_Berlin,country,6+7,1,1+1,2.0,6.52740478515625,0.11022133380174637,0.00016123142268043011, a,0.4271000623703003,9.526101112365723,2.9986963272094727,False,False,4.85+7.66
to_Berlin,country,6+7,5,5+5,0.0,9.526101112365723,0.18348456919193268,1.33803214339423e-05, Tokyo,0.40870580077171326,9.526101112365723,-0.0,False,False,0.00+0.00
to_Berlin,country,6+7,5,5+5,0.5,8.40669059753418,0.1251104325056076,2.7945636247750372e-05, a,0.40586158633232117,9.526101112365723,1.119410514831543,False,False,2.35+3.36
to_Berlin,country,6+7,5,5+5,1.0,6.489973068237305,0.06482677161693573,9.844531450653449e-05, a,0.4051836133003235,9.526101112365723,3.036128044128418,False,False,4.70+6.84
to_Berlin,country,6+7,5,5+5,2.0,1.674652099609375,0.006489960011094809,0.0012160454643890262, a,0.40646088123321533,9.526101112365723,7.851449012756348,False,False,9.40+13.98
to_Berlin,country,6+7,10,5+5,0.0,9.526101112365723,0.18348456919193268,1.33803214339423e-05, Tokyo,0.40870580077171326,9.526101112365723,-0.0,False,False,0.00+0.00
to_Berlin,country,6+7,10,5+5,0.5,8.40669059753418,0.1251104325056076,2.7945636247750372e-05, a,0.40586158633232117,9.526101112365723,1.119410514831543,False,False,2.35+3.36
to_Berlin,country,6+7,10,5+5,1.0,6.489973068237305,0.06482677161693573,9.844531450653449e-05, a,0.4051836133003235,9.526101112365723,3.036128044128418,False,False,4.70+6.84
to_Berlin,country,6+7,10,5+5,2.0,1.674652099609375,0.006489960011094809,0.0012160454643890262, a,0.40646088123321533,9.526101112365723,7.851449012756348,False,False,9.40+13.98
to_Berlin,country,7+8,1,1+1,0.0,9.526101112365723,0.18348456919193268,1.33803214339423e-05, Tokyo,0.40870580077171326,9.526101112365723,-0.0,False,False,0.00+0.00
to_Berlin,country,7+8,1,1+1,0.5,9.056879043579102,0.18351778388023376,2.139564458047971e-05, Tokyo,0.3996155858039856,9.526101112365723,0.4692220687866211,False,False,1.91+0.95
to_Berlin,country,7+8,1,1+1,1.0,8.418561935424805,0.17858238518238068,3.941883551306091e-05, Tokyo,0.3941539227962494,9.526101112365723,1.107539176940918,False,False,3.83+1.78
to_Berlin,country,7+8,1,1+1,2.0,6.615578651428223,0.1472552865743637,0.0001972248574020341, a,0.39146146178245544,9.526101112365723,2.9105224609375,False,False,7.66+3.02
to_Berlin,country,7+8,5,5+5,0.0,9.526101112365723,0.18348456919193268,1.33803214339423e-05, Tokyo,0.40870580077171326,9.526101112365723,-0.0,False,False,0.00+0.00
to_Berlin,country,7+8,5,5+5,0.5,8.443626403808594,0.12312024086713791,2.650385613378603e-05, a,0.4016837179660797,9.526101112365723,1.082474708557129,False,False,3.28+2.20
to_Berlin,country,7+8,5,5+5,1.0,6.764647960662842,0.06891381740570068,7.951645238790661e-05, a,0.38761165738105774,9.526101112365723,2.761453151702881,False,False,6.56+4.00
to_Berlin,country,7+8,5,5+5,2.0,2.9721479415893555,0.01488589495420456,0.0007620570831932127, a,0.34273719787597656,9.526101112365723,6.553953170776367,False,False,13.13+6.47
to_Berlin,country,7+8,10,5+6,0.0,9.526101112365723,0.18348456919193268,1.33803214339423e-05, Tokyo,0.40870580077171326,9.526101112365723,-0.0,False,False,0.00+0.00
to_Berlin,country,7+8,10,5+6,0.5,8.408447265625,0.12030413001775742,2.6824918677448295e-05, a,0.41118064522743225,9.526101112365723,1.1176538467407227,False,False,3.28+2.86
to_Berlin,country,7+8,10,5+6,1.0,6.652228832244873,0.05757986754179001,7.43436612538062e-05, a,0.39755669236183167,9.526101112365723,2.8738722801208496,False,False,6.56+5.28
to_Berlin,country,7+8,10,5+6,2.0,3.093256950378418,0.010689960792660713,0.00048483244609087706, a,0.31443509459495544,9.526101112365723,6.432844161987305,False,False,13.13+8.59
to_Berlin,country,8+9,1,1+1,0.0,9.526101112365723,0.18348456919193268,1.33803214339423e-05, Tokyo,0.40870580077171326,9.526101112365723,-0.0,False,False,0.00+0.00
to_Berlin,country,8+9,1,1+1,0.5,9.184789657592773,0.15221525728702545,1.561545650474727e-05, Tokyo,0.3930014967918396,9.526101112365723,0.3413114547729492,False,False,1.01+2.00
to_Berlin,country,8+9,1,1+1,1.0,8.870409965515137,0.12374971061944962,1.738498394843191e-05, a,0.37641575932502747,9.526101112365723,0.6556911468505859,False,False,2.03+4.00
to_Berlin,country,8+9,1,1+1,2.0,8.323296546936035,0.07830682396888733,1.9012448319699615e-05, a,0.34715044498443604,9.526101112365723,1.2028045654296875,False,False,4.06+8.01
to_Berlin,country,8+9,5,5+5,0.0,9.526101112365723,0.18348456919193268,1.33803214339423e-05, Tokyo,0.40870580077171326,9.526101112365723,-0.0,False,False,0.00+0.00
to_Berlin,country,8+9,5,5+5,0.5,8.747903823852539,0.09302407503128052,1.477166370023042e-05, a,0.39271923899650574,9.526101112365723,0.7781972885131836,False,False,2.37+3.17
to_Berlin,country,8+9,5,5+5,1.0,8.043464660644531,0.039547644555568695,1.2702470485237427e-05, a,0.3684103488922119,9.526101112365723,1.4826364517211914,False,False,4.75+6.44
to_Berlin,country,8+9,5,5+5,2.0,7.012484550476074,0.006706064101308584,6.0392653722374234e-06, a,0.29884135723114014,9.526101112365723,2.5136165618896484,False,False,9.49+12.82
to_Berlin,country,8+9,10,6+8,0.0,9.526101112365723,0.18348456919193268,1.33803214339423e-05, Tokyo,0.40870580077171326,9.526101112365723,-0.0,False,False,0.00+0.00
to_Berlin,country,8+9,10,6+8,0.5,8.714269638061523,0.09031365066766739,1.483179676142754e-05, a,0.40119504928588867,9.526101112365723,0.8118314743041992,False,False,3.05+3.11
to_Berlin,country,8+9,10,6+8,1.0,7.917171955108643,0.03224039077758789,1.1749421901185997e-05, a,0.37916064262390137,9.526101112365723,1.60892915725708,False,False,6.10+6.38
to_Berlin,country,8+9,10,6+8,2.0,6.705662727355957,0.0035779746249318123,4.379302481538616e-06, a,0.28010571002960205,9.526101112365723,2.8204383850097656,False,False,12.20+13.02
to_Berlin,country,9+10,1,1+1,0.0,9.526101112365723,0.18348456919193268,1.33803214339423e-05, Tokyo,0.40870580077171326,9.526101112365723,-0.0,False,False,0.00+0.00
to_Berlin,country,9+10,1,1+1,0.5,8.933394432067871,0.20199105143547058,2.6644534955266863e-05, Tokyo,0.41478851437568665,9.526101112365723,0.5927066802978516,False,False,2.00+3.75
to_Berlin,country,9+10,1,1+1,1.0,8.095354080200195,0.19842277467250824,6.0509544709930196e-05, Tokyo,0.41786903142929077,9.526101112365723,1.4307470321655273,False,False,4.00+7.50
to_Berlin,country,9+10,1,1+1,2.0,5.59550666809082,0.1290830373764038,0.000479481095680967, Tokyo,0.41879919171333313,9.526101112365723,3.9305944442749023,False,False,8.01+14.46
to_Berlin,country,9+10,5,5+5,0.0,9.526101112365723,0.18348456919193268,1.33803214339423e-05, Tokyo,0.40870580077171326,9.526101112365723,-0.0,False,False,0.00+0.00
to_Berlin,country,9+10,5,5+5,0.5,8.550270080566406,0.15986783802509308,3.093326449743472e-05, Tokyo,0.42319557070732117,9.526101112365723,0.9758310317993164,False,False,3.04+3.89
to_Berlin,country,9+10,5,5+5,1.0,7.344882011413574,0.12342210859060287,7.971705781528726e-05, a,0.4319627583026886,9.526101112365723,2.1812191009521484,False,False,6.08+7.87
to_Berlin,country,9+10,5,5+5,2.0,4.863556861877441,0.056287992745637894,0.0004347102076280862, a,0.45981961488723755,9.526101112365723,4.662544250488281,False,False,12.17+14.69
to_Berlin,country,9+10,10,8+6,0.0,9.526101112365723,0.18348456919193268,1.33803214339423e-05, Tokyo,0.40870580077171326,9.526101112365723,-0.0,False,False,0.00+0.00
to_Berlin,country,9+10,10,8+6,0.5,8.520727157592773,0.1562747359275818,3.1144674721872434e-05, Tokyo,0.4204406142234802,9.526101112365723,1.0053739547729492,False,False,3.01+3.91
to_Berlin,country,9+10,10,8+6,1.0,7.290871620178223,0.1163589358329773,7.932580774649978e-05, a,0.42520034313201904,9.526101112365723,2.2352294921875,False,False,6.01+7.87
to_Berlin,country,9+10,10,8+6,2.0,4.869078636169434,0.04933846369385719,0.00037894101114943624, a,0.4475839138031006,9.526101112365723,4.657022476196289,False,False,12.02+14.55
to_Berlin,country,10+11,1,1+1,0.0,9.526101112365723,0.18348456919193268,1.33803214339423e-05, Tokyo,0.40870580077171326,9.526101112365723,-0.0,False,False,0.00+0.00
to_Berlin,country,10+11,1,1+1,0.5,9.161683082580566,0.20095111429691315,2.109706838382408e-05, Tokyo,0.42507386207580566,9.526101112365723,0.36441802978515625,False,False,3.75+2.27
to_Berlin,country,10+11,1,1+1,1.0,8.646379470825195,0.2036430984735489,3.5792709240922704e-05, Tokyo,0.44062814116477966,9.526101112365723,0.8797216415405273,False,False,7.50+4.41
to_Berlin,country,10+11,1,1+1,2.0,6.953232765197754,0.17683161795139313,0.00016896989836823195, Tokyo,0.47442469000816345,9.526101112365723,2.5728683471679688,False,False,15.00+8.25
to_Berlin,country,10+11,5,5+5,0.0,9.526101112365723,0.18348456919193268,1.33803214339423e-05, Tokyo,0.40870580077171326,9.526101112365723,-0.0,False,False,0.00+0.00
to_Berlin,country,10+11,5,5+5,0.5,9.078041076660156,0.20655369758605957,2.357706216571387e-05, Tokyo,0.42555007338523865,9.526101112365723,0.4480600357055664,False,False,3.87+2.16
to_Berlin,country,10+11,5,5+5,1.0,8.477738380432129,0.21320965886116028,4.435797018231824e-05, Tokyo,0.4338235855102539,9.526101112365723,1.0483627319335938,False,False,7.74+4.23
to_Berlin,country,10+11,5,5+5,2.0,6.713258266448975,0.19790948927402496,0.00024040050629992038, Tokyo,0.4532272517681122,9.526101112365723,2.812842845916748,False,False,15.48+7.79
to_Berlin,country,10+11,10,6+6,0.0,9.526101112365723,0.18348456919193268,1.33803214339423e-05, Tokyo,0.40870580077171326,9.526101112365723,-0.0,False,False,0.00+0.00
to_Berlin,country,10+11,10,6+6,0.5,9.07514762878418,0.2070050835609436,2.369705543969758e-05, Tokyo,0.4243362247943878,9.526101112365723,0.45095348358154297,False,False,3.92+2.20
to_Berlin,country,10+11,10,6+6,1.0,8.473077774047852,0.21476779878139496,4.489090861170553e-05, Tokyo,0.4315630793571472,9.526101112365723,1.053023338317871,False,False,7.84+4.40
to_Berlin,country,10+11,10,6+6,2.0,6.691228866577148,0.19459044933319092,0.0002416338975308463, Tokyo,0.4439108669757843,9.526101112365723,2.834872245788574,False,False,15.69+9.24
to_Berlin,country,11+12,1,1+1,0.0,9.526101112365723,0.18348456919193268,1.33803214339423e-05, Tokyo,0.40870580077171326,9.526101112365723,-0.0,False,False,0.00+0.00
to_Berlin,country,11+12,1,1+1,0.5,9.451339721679688,0.1674642264842987,1.3160046364646405e-05, Tokyo,0.41860368847846985,9.526101112365723,0.07476139068603516,False,False,2.32+1.57
to_Berlin,country,11+12,1,1+1,1.0,9.368629455566406,0.15186186134815216,1.2962977052666247e-05, Tokyo,0.4286996126174927,9.526101112365723,0.1574716567993164,False,False,4.64+3.15
to_Berlin,country,11+12,1,1+1,2.0,9.162145614624023,0.1214601993560791,1.2745729691232555e-05, a,0.4482213258743286,9.526101112365723,0.3639554977416992,False,False,9.28+6.30
to_Berlin,country,11+12,5,5+5,0.0,9.526101112365723,0.18348456919193268,1.33803214339423e-05, Tokyo,0.40870580077171326,9.526101112365723,-0.0,False,False,0.00+0.00
to_Berlin,country,11+12,5,5+5,0.5,9.385400772094727,0.1684688776731491,1.414138841937529e-05, Tokyo,0.4162156283855438,9.526101112365723,0.1407003402709961,False,False,2.22+2.05
to_Berlin,country,11+12,5,5+5,1.0,9.246225357055664,0.15343217551708221,1.4802390978729818e-05, Tokyo,0.42312175035476685,9.526101112365723,0.2798757553100586,False,False,4.45+4.03
to_Berlin,country,11+12,5,5+5,2.0,8.96745491027832,0.12487584352493286,1.592069565958809e-05, a,0.43465498089790344,9.526101112365723,0.5586462020874023,False,False,8.89+7.91
to_Berlin,country,11+12,10,6+5,0.0,9.526101112365723,0.18348456919193268,1.33803214339423e-05, Tokyo,0.40870580077171326,9.526101112365723,-0.0,False,False,0.00+0.00
to_Berlin,country,11+12,10,6+5,0.5,9.381892204284668,0.16770756244659424,1.4126952009974048e-05, Tokyo,0.4153553545475006,9.526101112365723,0.1442089080810547,False,False,2.25+2.09
to_Berlin,country,11+12,10,6+5,1.0,9.239683151245117,0.1517428606748581,1.473550310038263e-05, Tokyo,0.4212401211261749,9.526101112365723,0.28641796112060547,False,False,4.49+4.19
to_Berlin,country,11+12,10,6+5,2.0,8.955193519592285,0.12138883769512177,1.566706851008348e-05, a,0.4310862123966217,9.526101112365723,0.5709075927734375,False,False,8.98+8.54
to_Berlin,country,12+13,1,1+1,0.0,9.526101112365723,0.18348456919193268,1.33803214339423e-05, Tokyo,0.40870580077171326,9.526101112365723,-0.0,False,False,0.00+0.00
to_Berlin,country,12+13,1,1+1,0.5,9.460941314697266,0.17142179608345032,1.3342323654796928e-05, Tokyo,0.41070860624313354,9.526101112365723,0.06515979766845703,False,False,1.57+0.56
to_Berlin,country,12+13,1,1+1,1.0,9.393774032592773,0.15999311208724976,1.33179419208318e-05, Tokyo,0.41272225975990295,9.526101112365723,0.13232707977294922,False,False,3.15+1.15
to_Berlin,country,12+13,1,1+1,2.0,9.256321907043457,0.1394015997648239,1.3313687304616906e-05, a,0.4165612757205963,9.526101112365723,0.2697792053222656,False,False,6.30+2.44
to_Berlin,country,12+13,5,5+5,0.0,9.526101112365723,0.18348456919193268,1.33803214339423e-05, Tokyo,0.40870580077171326,9.526101112365723,-0.0,False,False,0.00+0.00
to_Berlin,country,12+13,5,5+5,0.5,9.41550064086914,0.16247735917568207,1.3234050129540265e-05, Tokyo,0.4087558090686798,9.526101112365723,0.11060047149658203,False,False,2.08+0.78
to_Berlin,country,12+13,5,5+5,1.0,9.307181358337402,0.14438726007938385,1.3106040569255129e-05, a,0.4094315767288208,9.526101112365723,0.2189197540283203,False,False,4.16+1.54
to_Berlin,country,12+13,5,5+5,2.0,9.101325988769531,0.11614421755075455,1.2952164070156869e-05, a,0.41256457567214966,9.526101112365723,0.4247751235961914,False,False,8.33+2.94
to_Berlin,country,12+13,10,5+7,0.0,9.526101112365723,0.18348456919193268,1.33803214339423e-05, Tokyo,0.40870580077171326,9.526101112365723,-0.0,False,False,0.00+0.00
to_Berlin,country,12+13,10,5+7,0.5,9.41549301147461,0.1624259054660797,1.3229961950855795e-05, Tokyo,0.40873923897743225,9.526101112365723,0.11060810089111328,False,False,2.08+0.78
to_Berlin,country,12+13,10,5+7,1.0,9.30898380279541,0.1432667225599289,1.2980901374248788e-05, a,0.409394234418869,9.526101112365723,0.2171173095703125,False,False,4.16+1.60
to_Berlin,country,12+13,10,5+7,2.0,9.113673210144043,0.11271488666534424,1.2415473975124769e-05, a,0.41314688324928284,9.526101112365723,0.4124279022216797,False,False,8.33+3.92
to_Berlin,country,13+14,1,1+1,0.0,9.526101112365723,0.18348456919193268,1.33803214339423e-05, Tokyo,0.40870580077171326,9.526101112365723,-0.0,False,False,0.00+0.00
to_Berlin,country,13+14,1,1+1,0.5,9.432618141174316,0.17291627824306488,1.3845285138813779e-05, Tokyo,0.40733933448791504,9.526101112365723,0.09348297119140625,False,False,0.54+1.43
to_Berlin,country,13+14,1,1+1,1.0,9.338262557983398,0.1628972738981247,1.4333690160128754e-05, Tokyo,0.40585559606552124,9.526101112365723,0.18783855438232422,False,False,1.08+2.86
to_Berlin,country,13+14,1,1+1,2.0,9.147594451904297,0.14442816376686096,1.5378083844552748e-05, a,0.4030904769897461,9.526101112365723,0.3785066604614258,False,False,2.15+5.73
to_Berlin,country,13+14,5,5+4,0.0,9.526101112365723,0.18348456919193268,1.33803214339423e-05, Tokyo,0.40870580077171326,9.526101112365723,-0.0,False,False,0.00+0.00
to_Berlin,country,13+14,5,5+4,0.5,9.39961051940918,0.16737604141235352,1.385142604704015e-05, Tokyo,0.40551629662513733,9.526101112365723,0.12649059295654297,False,False,0.79+1.41
to_Berlin,country,13+14,5,5+4,1.0,9.269196510314941,0.15183323621749878,1.4315479347715154e-05, Tokyo,0.40224936604499817,9.526101112365723,0.25690460205078125,False,False,1.57+2.82
to_Berlin,country,13+14,5,5+4,2.0,9.000904083251953,0.12354970723390579,1.5233460544550326e-05, a,0.3967059552669525,9.526101112365723,0.5251970291137695,False,False,3.14+5.68
to_Berlin,country,13+14,10,7+4,0.0,9.526101112365723,0.18348456919193268,1.33803214339423e-05, Tokyo,0.40870580077171326,9.526101112365723,-0.0,False,False,0.00+0.00
to_Berlin,country,13+14,10,7+4,0.5,9.398387908935547,0.16809090971946716,1.3927590771345422e-05, Tokyo,0.4055185616016388,9.526101112365723,0.12771320343017578,False,False,0.83+1.42
to_Berlin,country,13+14,10,7+4,1.0,9.266794204711914,0.15316452085971832,1.4475733223662246e-05, Tokyo,0.4022690951824188,9.526101112365723,0.2593069076538086,False,False,1.66+2.83
to_Berlin,country,13+14,10,7+4,2.0,8.995986938476562,0.12575583159923553,1.5581912521156482e-05, a,0.3966958820819855,9.526101112365723,0.5301141738891602,False,False,3.32+5.71
to_Berlin,country,14+15,1,1+1,0.0,9.526101112365723,0.18348456919193268,1.33803214339423e-05, Tokyo,0.40870580077171326,9.526101112365723,-0.0,False,False,0.00+0.00
to_Berlin,country,14+15,1,1+1,0.5,9.42049789428711,0.175755113363266,1.4244187696021982e-05, Tokyo,0.4039928913116455,9.526101112365723,0.10560321807861328,False,False,1.43+1.99
to_Berlin,country,14+15,1,1+1,1.0,9.309733390808105,0.1676723062992096,1.5180828995653428e-05, Tokyo,0.3986480236053467,9.526101112365723,0.2163677215576172,False,False,2.85+3.98
to_Berlin,country,14+15,1,1+1,2.0,9.074692726135254,0.15087731182575226,1.727965718600899e-05, Tokyo,0.3880217969417572,9.526101112365723,0.45140838623046875,False,False,5.70+7.97
to_Berlin,country,14+15,5,4+5,0.0,9.526101112365723,0.18348456919193268,1.33803214339423e-05, Tokyo,0.40870580077171326,9.526101112365723,-0.0,False,False,0.00+0.00
to_Berlin,country,14+15,5,4+5,0.5,9.389772415161133,0.17321915924549103,1.447670001653023e-05, Tokyo,0.4044184684753418,9.526101112365723,0.13632869720458984,False,False,1.42+2.23
to_Berlin,country,14+15,5,4+5,1.0,9.245141983032227,0.1621250957250595,1.565798811498098e-05, Tokyo,0.3992847800254822,9.526101112365723,0.2809591293334961,False,False,2.85+4.59
to_Berlin,country,14+15,5,4+5,2.0,8.92535400390625,0.13834770023822784,1.8396680388832465e-05, a,0.3905658721923828,9.526101112365723,0.6007471084594727,False,False,5.69+9.73
to_Berlin,country,14+15,10,4+7,0.0,9.526101112365723,0.18348456919193268,1.33803214339423e-05, Tokyo,0.40870580077171326,9.526101112365723,-0.0,False,False,0.00+0.00
to_Berlin,country,14+15,10,4+7,0.5,9.388359069824219,0.17284996807575226,1.4466279935732018e-05, Tokyo,0.40363508462905884,9.526101112365723,0.1377420425415039,False,False,1.42+2.28
to_Berlin,country,14+15,10,4+7,1.0,9.242085456848145,0.16142643988132477,1.563824298500549e-05, Tokyo,0.3978547751903534,9.526101112365723,0.2840156555175781,False,False,2.85+4.68
to_Berlin,country,14+15,10,4+7,2.0,8.917834281921387,0.13715332746505737,1.8375551007920876e-05, a,0.3884274959564209,9.526101112365723,0.6082668304443359,False,False,5.69+9.92
to_Berlin,country,15+16,1,1+1,0.0,9.526101112365723,0.18348456919193268,1.33803214339423e-05, Tokyo,0.40870580077171326,9.526101112365723,-0.0,False,False,0.00+0.00
to_Berlin,country,15+16,1,1+1,0.5,8.996338844299316,0.18299999833106995,2.2666834411211312e-05, Tokyo,0.41759955883026123,9.526101112365723,0.5297622680664062,False,False,1.99+8.26
to_Berlin,country,15+16,1,1+1,1.0,8.357183456420898,0.1797620952129364,4.2190979002043605e-05, Tokyo,0.4286269545555115,9.526101112365723,1.1689176559448242,False,False,3.98+16.52
to_Berlin,country,15+16,1,1+1,2.0,6.648434162139893,0.16006740927696228,0.00020745530491694808, Tokyo,0.4567856192588806,9.526101112365723,2.87766695022583,False,False,7.97+33.04
to_Berlin,country,15+16,5,5+5,0.0,9.526101112365723,0.18348456919193268,1.33803214339423e-05, Tokyo,0.40870580077171326,9.526101112365723,-0.0,False,False,0.00+0.00
to_Berlin,country,15+16,5,5+5,0.5,7.640259265899658,0.14836770296096802,7.132093014661223e-05, Tokyo,0.4360046088695526,9.526101112365723,1.8858418464660645,False,False,2.18+13.88
to_Berlin,country,15+16,5,5+5,1.0,3.7061119079589844,0.07168888300657272,0.001761601772159338, a,0.46281343698501587,9.526101112365723,5.819989204406738,False,False,4.36+27.76
to_Berlin,country,15+16,5,5+5,2.0,-3.4540796279907227,0.0020521257538348436,0.0649070143699646, a,0.5311588048934937,9.526101112365723,12.980180740356445,True,False,8.71+55.49
to_Berlin,country,15+16,10,7+10,0.0,9.526101112365723,0.18348456919193268,1.33803214339423e-05, Tokyo,0.40870580077171326,9.526101112365723,-0.0,False,False,0.00+0.00
to_Berlin,country,15+16,10,7+10,0.5,7.360058307647705,0.13507024943828583,8.592647645855322e-05, a,0.42950302362442017,9.526101112365723,2.1660428047180176,False,False,2.22+15.13
to_Berlin,country,15+16,10,7+10,1.0,2.35939884185791,0.03979772329330444,0.0037599694915115833, a,0.4516202211380005,9.526101112365723,7.1667022705078125,False,False,4.44+30.28
to_Berlin,country,15+16,10,7+10,2.0,-6.369101047515869,0.00014056672807782888,0.08202534914016724, a,0.5322860479354858,9.526101112365723,15.895202159881592,True,False,8.89+60.53
to_Berlin,country,16+17,1,1+1,0.0,9.526101112365723,0.18348456919193268,1.33803214339423e-05, Tokyo,0.40870580077171326,9.526101112365723,-0.0,False,False,0.00+0.00
to_Berlin,country,16+17,1,1+1,0.5,8.937775611877441,0.18571139872074127,2.4390012185904197e-05, Tokyo,0.40252286195755005,9.526101112365723,0.5883255004882812,False,False,8.26+4.57
to_Berlin,country,16+17,1,1+1,1.0,8.222917556762695,0.1841760277748108,4.943852763972245e-05, Tokyo,0.4011611342430115,9.526101112365723,1.3031835556030273,False,False,16.52+6.91
to_Berlin,country,16+17,1,1+1,2.0,6.499919891357422,0.16326788067817688,0.0002454830682836473, Tokyo,0.4284150004386902,9.526101112365723,3.026181221008301,False,False,33.04+5.76
to_Berlin,country,16+17,5,5+4,0.0,9.526101112365723,0.18348456919193268,1.33803214339423e-05, Tokyo,0.40870580077171326,9.526101112365723,-0.0,False,False,0.00+0.00
to_Berlin,country,16+17,5,5+4,0.5,7.5346360206604,0.15066242218017578,8.049229654716328e-05, Tokyo,0.4182851314544678,9.526101112365723,1.9914650917053223,False,False,13.87+4.00
to_Berlin,country,16+17,5,5+4,1.0,3.532486915588379,0.07108572870492935,0.002077987650409341, a,0.43593668937683105,9.526101112365723,5.993614196777344,False,False,27.75+4.81
to_Berlin,country,16+17,5,5+4,2.0,-3.3942975997924805,0.0022090852726250887,0.06581687182188034, a,0.5142796635627747,9.526101112365723,12.920398712158203,True,False,55.50+6.51
to_Berlin,country,16+17,10,10+4,0.0,9.526101112365723,0.18348456919193268,1.33803214339423e-05, Tokyo,0.40870580077171326,9.526101112365723,-0.0,False,False,0.00+0.00
to_Berlin,country,16+17,10,10+4,0.5,7.232915878295898,0.13776236772537231,9.952105756383389e-05, a,0.41041234135627747,9.526101112365723,2.293185234069824,False,False,15.11+4.30
to_Berlin,country,16+17,10,10+4,1.0,2.1505298614501953,0.03936173766851425,0.00458259042352438, a,0.4189630150794983,9.526101112365723,7.375571250915527,False,False,30.21+5.91
to_Berlin,country,16+17,10,10+4,2.0,-6.4605817794799805,0.0001405739749316126,0.08988765627145767, a,0.49176856875419617,9.526101112365723,15.986682891845703,True,False,60.43+7.35
to_Berlin,country,17+18,1,1+1,0.0,9.526101112365723,0.18348456919193268,1.33803214339423e-05, Tokyo,0.40870580077171326,9.526101112365723,-0.0,False,False,0.00+0.00
to_Berlin,country,17+18,1,1+1,0.5,9.388019561767578,0.18736132979393005,1.5686100596212782e-05, Tokyo,0.3972754180431366,9.526101112365723,0.13808155059814453,False,False,4.60+5.60
to_Berlin,country,17+18,1,1+1,1.0,9.227705001831055,0.19075517356395721,1.8747128706309013e-05, Tokyo,0.3836286962032318,9.526101112365723,0.29839611053466797,False,False,9.19+11.19
to_Berlin,country,17+18,1,1+1,2.0,8.836599349975586,0.19574660062789917,2.8445145289879292e-05, Tokyo,0.35004156827926636,9.526101112365723,0.6895017623901367,False,False,18.39+22.38
to_Berlin,country,17+18,5,4+5,0.0,9.526101112365723,0.18348456919193268,1.33803214339423e-05, Tokyo,0.40870580077171326,9.526101112365723,-0.0,False,False,0.00+0.00
to_Berlin,country,17+18,5,4+5,0.5,9.333988189697266,0.18880188465118408,1.6684252841514535e-05, Tokyo,0.39471691846847534,9.526101112365723,0.19211292266845703,False,False,4.73+7.65
to_Berlin,country,17+18,5,4+5,1.0,9.109502792358398,0.1942724585533142,2.1488420316018164e-05, Tokyo,0.3807806670665741,9.526101112365723,0.4165983200073242,False,False,9.47+15.32
to_Berlin,country,17+18,5,4+5,2.0,8.58703327178955,0.2054622769355774,3.832048241747543e-05, Tokyo,0.3525620102882385,9.526101112365723,0.9390678405761719,False,False,18.94+30.81
to_Berlin,country,17+18,10,4+5,0.0,9.526101112365723,0.18348456919193268,1.33803214339423e-05, Tokyo,0.40870580077171326,9.526101112365723,-0.0,False,False,0.00+0.00
to_Berlin,country,17+18,10,4+5,0.5,9.333988189697266,0.18880188465118408,1.6684252841514535e-05, Tokyo,0.39471691846847534,9.526101112365723,0.19211292266845703,False,False,4.73+7.65
to_Berlin,country,17+18,10,4+5,1.0,9.109502792358398,0.1942724585533142,2.1488420316018164e-05, Tokyo,0.3807806670665741,9.526101112365723,0.4165983200073242,False,False,9.47+15.32
to_Berlin,country,17+18,10,4+5,2.0,8.58703327178955,0.2054622769355774,3.832048241747543e-05, Tokyo,0.3525620102882385,9.526101112365723,0.9390678405761719,False,False,18.94+30.81
to_Berlin,country,18+19,1,1+1,0.0,9.526101112365723,0.18348456919193268,1.33803214339423e-05, Tokyo,0.40870580077171326,9.526101112365723,-0.0,False,False,0.00+0.00
to_Berlin,country,18+19,1,1+1,0.5,9.114546775817871,0.18700242042541504,2.0580211639753543e-05, Tokyo,0.41351789236068726,9.526101112365723,0.41155433654785156,False,False,5.60+13.22
to_Berlin,country,18+19,1,1+1,1.0,8.550336837768555,0.1875607669353485,3.628923514042981e-05, Tokyo,0.4160274565219879,9.526101112365723,0.975764274597168,False,False,11.19+26.45
to_Berlin,country,18+19,1,1+1,2.0,7.091712474822998,0.17779819667339325,0.00014792295405641198, Tokyo,0.4156763553619385,9.526101112365723,2.4343886375427246,False,False,22.38+52.89
to_Berlin,country,18+19,5,5+4,0.0,9.526101112365723,0.18348456919193268,1.33803214339423e-05, Tokyo,0.40870580077171326,9.526101112365723,-0.0,False,False,0.00+0.00
to_Berlin,country,18+19,5,5+4,0.5,8.987133026123047,0.1832871437072754,2.2912359781912528e-05, Tokyo,0.42340460419654846,9.526101112365723,0.5389680862426758,False,False,7.65+14.82
to_Berlin,country,18+19,5,5+4,1.0,8.22021770477295,0.17889001965522766,4.814938802155666e-05, Tokyo,0.43589964509010315,9.526101112365723,1.3058834075927734,False,False,15.30+29.62
to_Berlin,country,18+19,5,5+4,2.0,6.437949180603027,0.1553228795528412,0.0002484674914740026, Tokyo,0.4518972337245941,9.526101112365723,3.0881519317626953,False,False,30.60+56.54
to_Berlin,country,18+19,10,5+4,0.0,9.526101112365723,0.18348456919193268,1.33803214339423e-05, Tokyo,0.40870580077171326,9.526101112365723,-0.0,False,False,0.00+0.00
to_Berlin,country,18+19,10,5+4,0.5,8.987133026123047,0.1832871437072754,2.2912359781912528e-05, Tokyo,0.42340460419654846,9.526101112365723,0.5389680862426758,False,False,7.65+14.82
to_Berlin,country,18+19,10,5+4,1.0,8.22021770477295,0.17889001965522766,4.814938802155666e-05, Tokyo,0.43589964509010315,9.526101112365723,1.3058834075927734,False,False,15.30+29.62
to_Berlin,country,18+19,10,5+4,2.0,6.437949180603027,0.1553228795528412,0.0002484674914740026, Tokyo,0.4518972337245941,9.526101112365723,3.0881519317626953,False,False,30.60+56.54
to_Berlin,country,19+20,1,1+1,0.0,9.526101112365723,0.18348456919193268,1.33803214339423e-05, Tokyo,0.40870580077171326,9.526101112365723,-0.0,False,False,0.00+0.00
to_Berlin,country,19+20,1,1+1,0.5,8.824116706848145,0.17446251213550568,2.5670660761534236e-05, Tokyo,0.4124261736869812,9.526101112365723,0.7019844055175781,False,False,13.22+14.39
to_Berlin,country,19+20,1,1+1,1.0,8.056724548339844,0.16557863354682922,5.248233719612472e-05, Tokyo,0.4116963744163513,9.526101112365723,1.469376564025879,False,False,26.45+23.39
to_Berlin,country,19+20,1,1+1,2.0,6.664509296417236,0.15244755148887634,0.00019442879420239478, Tokyo,0.409941166639328,9.526101112365723,2.8615918159484863,False,False,52.89+23.50
to_Berlin,country,19+20,5,4+5,0.0,9.526101112365723,0.18348456919193268,1.33803214339423e-05, Tokyo,0.40870580077171326,9.526101112365723,-0.0,False,False,0.00+0.00
to_Berlin,country,19+20,5,4+5,0.5,8.529987335205078,0.1724293828010559,3.40474616677966e-05, Tokyo,0.42474883794784546,9.526101112365723,0.9961137771606445,False,False,14.82+19.30
to_Berlin,country,19+20,5,4+5,1.0,7.254429817199707,0.15574334561824799,0.00011011607421096414, Tokyo,0.4339180886745453,9.526101112365723,2.2716712951660156,False,False,29.65+34.60
to_Berlin,country,19+20,5,4+5,2.0,4.947614669799805,0.11810425668954849,0.0008385786204598844, a,0.45233994722366333,9.526101112365723,4.578486442565918,False,False,59.29+45.89
to_Berlin,country,19+20,10,4+8,0.0,9.526101112365723,0.18348456919193268,1.33803214339423e-05, Tokyo,0.40870580077171326,9.526101112365723,-0.0,False,False,0.00+0.00
to_Berlin,country,19+20,10,4+8,0.5,8.52656364440918,0.1723281294107437,3.414416642044671e-05, Tokyo,0.42789068818092346,9.526101112365723,0.999537467956543,False,False,14.82+19.32
to_Berlin,country,19+20,10,4+8,1.0,7.263016223907471,0.15603891015052795,0.0001093817554647103, Tokyo,0.44247251749038696,9.526101112365723,2.263084888458252,False,False,29.65+34.44
to_Berlin,country,19+20,10,4+8,2.0,4.996576309204102,0.12041926383972168,0.0008141614962369204, a,0.4793340265750885,9.526101112365723,4.529524803161621,False,False,59.29+45.53
to_Berlin,country,20+21,1,1+1,0.0,9.526101112365723,0.18348456919193268,1.33803214339423e-05, Tokyo,0.40870580077171326,9.526101112365723,-0.0,False,False,0.00+0.00
to_Berlin,country,20+21,1,1+1,0.5,9.135171890258789,0.17827585339546204,1.9219305613660254e-05, Tokyo,0.40395063161849976,9.526101112365723,0.3909292221069336,False,False,14.39+12.44
to_Berlin,country,20+21,1,1+1,1.0,8.766012191772461,0.17164596915245056,2.6767191229737364e-05, Tokyo,0.39706018567085266,9.526101112365723,0.7600889205932617,False,False,28.79+20.73
to_Berlin,country,20+21,1,1+1,2.0,8.128103256225586,0.1574033796787262,4.6454049879685044e-05, Tokyo,0.3822742700576782,9.526101112365723,1.3979978561401367,False,False,57.58+26.03
to_Berlin,country,20+21,5,5+5,0.0,9.526101112365723,0.18348456919193268,1.33803214339423e-05, Tokyo,0.40870580077171326,9.526101112365723,-0.0,False,False,0.00+0.00
to_Berlin,country,20+21,5,5+5,0.5,8.907859802246094,0.18012385070323944,2.4374570784857497e-05, Tokyo,0.4027941823005676,9.526101112365723,0.6182413101196289,False,False,19.65+13.40
to_Berlin,country,20+21,5,5+5,1.0,8.286945343017578,0.17196610569953918,4.329803414293565e-05, Tokyo,0.39627131819725037,9.526101112365723,1.2391557693481445,False,False,39.30+21.01
to_Berlin,country,20+21,5,5+5,2.0,7.152839183807373,0.15477386116981506,0.00012113207048969343, Tokyo,0.3863648772239685,9.526101112365723,2.3732619285583496,False,False,78.60+24.01
to_Berlin,country,20+21,10,8+8,0.0,9.526101112365723,0.18348456919193268,1.33803214339423e-05, Tokyo,0.40870580077171326,9.526101112365723,-0.0,False,False,0.00+0.00
to_Berlin,country,20+21,10,8+8,0.5,8.872480392456055,0.1781817376613617,2.4980097805382684e-05, Tokyo,0.40992045402526855,9.526101112365723,0.653620719909668,False,False,19.78+14.59
to_Berlin,country,20+21,10,8+8,1.0,8.204753875732422,0.16808277368545532,4.5945605961605906e-05, Tokyo,0.3992989659309387,9.526101112365723,1.3213472366333008,False,False,39.56+22.28
to_Berlin,country,20+21,10,8+8,2.0,7.054696559906006,0.15022604167461395,0.00012969685485586524, Tokyo,0.35002124309539795,9.526101112365723,2.471404552459717,False,False,79.13+26.32
to_Berlin,country,21+22,1,1+1,0.0,9.526101112365723,0.18348456919193268,1.33803214339423e-05, Tokyo,0.40870580077171326,9.526101112365723,-0.0,False,False,0.00+0.00
to_Berlin,country,21+22,1,1+1,0.5,9.171128273010254,0.18767787516117096,1.9518334738677368e-05, Tokyo,0.3980129361152649,9.526101112365723,0.35497283935546875,False,False,12.59+26.49
to_Berlin,country,21+22,1,1+1,1.0,8.818231582641602,0.18991360068321228,2.8109083359595388e-05, Tokyo,0.3862587511539459,9.526101112365723,0.7078695297241211,False,False,25.17+52.99
to_Berlin,country,21+22,1,1+1,2.0,8.285920143127441,0.18825893104076385,4.744889884022996e-05, Tokyo,0.36475011706352234,9.526101112365723,1.2401809692382812,False,False,50.34+101.39
to_Berlin,country,21+22,5,5+3,0.0,9.526101112365723,0.18348456919193268,1.33803214339423e-05, Tokyo,0.40870580077171326,9.526101112365723,-0.0,False,False,0.00+0.00
to_Berlin,country,21+22,5,5+3,0.5,8.970138549804688,0.17888379096984863,2.2745180103811435e-05, Tokyo,0.37532955408096313,9.526101112365723,0.5559625625610352,False,False,14.94+34.17
to_Berlin,country,21+22,5,5+3,1.0,8.372747421264648,0.17107965052127838,3.953305713366717e-05, Tokyo,0.3484368622303009,9.526101112365723,1.1533536911010742,False,False,29.87+68.34
to_Berlin,country,21+22,5,5+3,2.0,7.511052131652832,0.15583133697509766,8.524055010639131e-05, Tokyo,0.3123885691165924,9.526101112365723,2.0150489807128906,False,False,59.75+125.99
to_Berlin,country,21+22,10,8+3,0.0,9.526101112365723,0.18348456919193268,1.33803214339423e-05, Tokyo,0.40870580077171326,9.526101112365723,-0.0,False,False,0.00+0.00
to_Berlin,country,21+22,10,8+3,0.5,8.939069747924805,0.17733095586299896,2.3259266527020372e-05, Tokyo,0.3857935965061188,9.526101112365723,0.587031364440918,False,False,17.24+34.18
to_Berlin,country,21+22,10,8+3,1.0,8.26967716217041,0.16760513186454773,4.2935076635330915e-05, Tokyo,0.36848321557044983,9.526101112365723,1.2564239501953125,False,False,34.49+68.36
to_Berlin,country,21+22,10,8+3,2.0,7.314857006072998,0.14993053674697876,9.979020251194015e-05, Tokyo,0.3405117988586426,9.526101112365723,2.2112441062927246,False,False,68.97+121.32
to_Berlin,country,22+23,1,1+1,0.0,9.526101112365723,0.18348456919193268,1.33803214339423e-05, Tokyo,0.40870580077171326,9.526101112365723,-0.0,False,False,0.00+0.00
to_Berlin,country,22+23,1,1+1,0.5,9.10792350769043,0.18879865109920502,2.0915966160828248e-05, Tokyo,0.42078477144241333,9.526101112365723,0.41817760467529297,False,False,26.49+22.47
to_Berlin,country,22+23,1,1+1,1.0,8.673118591308594,0.19199171662330627,3.285451020929031e-05, Tokyo,0.43421754240989685,9.526101112365723,0.8529825210571289,False,False,52.99+43.19
to_Berlin,country,22+23,1,1+1,2.0,7.923409461975098,0.19192779064178467,6.950963870622218e-05, Tokyo,0.4559969902038574,9.526101112365723,1.602691650390625,False,False,105.97+78.10
to_Berlin,country,22+23,5,3+3,0.0,9.526101112365723,0.18348456919193268,1.33803214339423e-05, Tokyo,0.40870580077171326,9.526101112365723,-0.0,False,False,0.00+0.00
to_Berlin,country,22+23,5,3+3,0.5,8.946964263916016,0.18684102594852448,2.4313929316122085e-05, Tokyo,0.3940763473510742,9.526101112365723,0.579136848449707,False,False,34.17+25.73
to_Berlin,country,22+23,5,3+3,1.0,8.400849342346191,0.18700745701789856,4.2016152292490005e-05, Tokyo,0.3775179982185364,9.526101112365723,1.1252517700195312,False,False,68.35+48.67
to_Berlin,country,22+23,5,3+3,2.0,7.5900092124938965,0.17647098004817963,8.920193067751825e-05, Tokyo,0.3422394394874573,9.526101112365723,1.9360918998718262,False,False,136.69+82.99
to_Berlin,country,22+23,10,3+3,0.0,9.526101112365723,0.18348456919193268,1.33803214339423e-05, Tokyo,0.40870580077171326,9.526101112365723,-0.0,False,False,0.00+0.00
to_Berlin,country,22+23,10,3+3,0.5,8.946964263916016,0.18684102594852448,2.4313929316122085e-05, Tokyo,0.3940763473510742,9.526101112365723,0.579136848449707,False,False,34.17+25.73
to_Berlin,country,22+23,10,3+3,1.0,8.400849342346191,0.18700745701789856,4.2016152292490005e-05, Tokyo,0.3775179982185364,9.526101112365723,1.1252517700195312,False,False,68.35+48.67
to_Berlin,country,22+23,10,3+3,2.0,7.5900092124938965,0.17647098004817963,8.920193067751825e-05, Tokyo,0.3422394394874573,9.526101112365723,1.9360918998718262,False,False,136.69+82.99
to_Berlin,country,23+24,1,1+1,0.0,9.526101112365723,0.18348456919193268,1.33803214339423e-05, Tokyo,0.40870580077171326,9.526101112365723,-0.0,False,False,0.00+0.00
to_Berlin,country,23+24,1,1+1,0.5,9.375272750854492,0.18993063271045685,1.6105184840853326e-05, Tokyo,0.435266375541687,9.526101112365723,0.15082836151123047,False,False,23.20+11.36
to_Berlin,country,23+24,1,1+1,1.0,9.22064208984375,0.19594210386276245,1.9393390175537206e-05, Tokyo,0.4588398039340973,9.526101112365723,0.30545902252197266,False,False,46.39+21.23
to_Berlin,country,23+24,1,1+1,2.0,8.926462173461914,0.20562002062797546,2.7311920348438434e-05, Tokyo,0.49058932065963745,9.526101112365723,0.5996389389038086,False,False,92.78+36.03
to_Berlin,country,23+24,5,3+3,0.0,9.526101112365723,0.18348456919193268,1.33803214339423e-05, Tokyo,0.40870580077171326,9.526101112365723,-0.0,False,False,0.00+0.00
to_Berlin,country,23+24,5,3+3,0.5,9.328804969787598,0.19577649235725403,1.7390506400261074e-05, Tokyo,0.4228973388671875,9.526101112365723,0.197296142578125,False,False,26.54+12.62
to_Berlin,country,23+24,5,3+3,1.0,9.146072387695312,0.2071543186903,2.2090485799708404e-05, Tokyo,0.4328809082508087,9.526101112365723,0.38002872467041016,False,False,53.08+23.82
to_Berlin,country,23+24,5,3+3,2.0,8.847187995910645,0.22517497837543488,3.2376909075537696e-05, Tokyo,0.43236976861953735,9.526101112365723,0.6789131164550781,False,False,106.16+41.39
to_Berlin,country,23+24,10,3+3,0.0,9.526101112365723,0.18348456919193268,1.33803214339423e-05, Tokyo,0.40870580077171326,9.526101112365723,-0.0,False,False,0.00+0.00
to_Berlin,country,23+24,10,3+3,0.5,9.328804969787598,0.19577649235725403,1.7390506400261074e-05, Tokyo,0.4228973388671875,9.526101112365723,0.197296142578125,False,False,26.54+12.62
to_Berlin,country,23+24,10,3+3,1.0,9.146072387695312,0.2071543186903,2.2090485799708404e-05, Tokyo,0.4328809082508087,9.526101112365723,0.38002872467041016,False,False,53.08+23.82
to_Berlin,country,23+24,10,3+3,2.0,8.847187995910645,0.22517497837543488,3.2376909075537696e-05, Tokyo,0.43236976861953735,9.526101112365723,0.6789131164550781,False,False,106.16+41.39
to_Berlin,country,24+25,1,1+1,0.0,9.526101112365723,0.18348456919193268,1.33803214339423e-05, Tokyo,0.40870580077171326,9.526101112365723,-0.0,False,False,0.00+0.00
to_Berlin,country,24+25,1,1+1,0.5,9.479043960571289,0.18661774694919586,1.4264497622207273e-05, Tokyo,0.40384647250175476,9.526101112365723,0.047057151794433594,False,False,12.05+14.25
to_Berlin,country,24+25,1,1+1,1.0,9.433408737182617,0.18968094885349274,1.5175618500506971e-05, Tokyo,0.39765024185180664,9.526101112365723,0.09269237518310547,False,False,24.10+28.50
to_Berlin,country,24+25,1,1+1,2.0,9.347939491271973,0.1953313797712326,1.702211557130795e-05, Tokyo,0.3808099329471588,9.526101112365723,0.17816162109375,False,False,48.20+56.99
to_Berlin,country,24+25,5,3+3,0.0,9.526101112365723,0.18348456919193268,1.33803214339423e-05, Tokyo,0.40870580077171326,9.526101112365723,-0.0,False,False,0.00+0.00
to_Berlin,country,24+25,5,3+3,0.5,9.466470718383789,0.18429702520370483,1.4265341633290518e-05, Tokyo,0.4088553190231323,9.526101112365723,0.059630393981933594,False,False,13.27+14.29
to_Berlin,country,24+25,5,3+3,1.0,9.40717601776123,0.1852041631937027,1.5211292520689312e-05, Tokyo,0.40903711318969727,9.526101112365723,0.11892509460449219,False,False,26.54+28.56
to_Berlin,country,24+25,5,3+3,2.0,9.29388427734375,0.18718606233596802,1.7218317225342616e-05, Tokyo,0.4084945321083069,9.526101112365723,0.23221683502197266,False,False,53.07+57.00
to_Berlin,country,24+25,10,3+3,0.0,9.526101112365723,0.18348456919193268,1.33803214339423e-05, Tokyo,0.40870580077171326,9.526101112365723,-0.0,False,False,0.00+0.00
to_Berlin,country,24+25,10,3+3,0.5,9.466470718383789,0.18429702520370483,1.4265341633290518e-05, Tokyo,0.4088553190231323,9.526101112365723,0.059630393981933594,False,False,13.27+14.29
to_Berlin,country,24+25,10,3+3,1.0,9.40717601776123,0.1852041631937027,1.5211292520689312e-05, Tokyo,0.40903711318969727,9.526101112365723,0.11892509460449219,False,False,26.54+28.56
to_Berlin,country,24+25,10,3+3,2.0,9.29388427734375,0.18718606233596802,1.7218317225342616e-05, Tokyo,0.4084945321083069,9.526101112365723,0.23221683502197266,False,False,53.07+57.00
to_Berlin,country,25+26,1,1+1,0.0,9.526101112365723,0.18348456919193268,1.33803214339423e-05, Tokyo,0.40870580077171326,9.526101112365723,-0.0,False,False,0.00+0.00
to_Berlin,country,25+26,1,1+1,0.5,9.50534725189209,0.1859099268913269,1.3841481631970964e-05, Tokyo,0.3907599151134491,9.526101112365723,0.020753860473632812,False,False,14.25+1.77
to_Berlin,country,25+26,1,1+1,1.0,9.487417221069336,0.18831923604011536,1.4274526620283723e-05, Tokyo,0.3711758852005005,9.526101112365723,0.03868389129638672,False,False,28.50+0.93
to_Berlin,country,25+26,1,1+1,2.0,9.459354400634766,0.19292199611663818,1.5039596291899215e-05, Tokyo,0.3264600336551666,9.526101112365723,0.06674671173095703,False,False,56.99+8.10
to_Berlin,country,25+26,5,3+5,0.0,9.526101112365723,0.18348456919193268,1.33803214339423e-05, Tokyo,0.40870580077171326,9.526101112365723,-0.0,False,False,0.00+0.00
to_Berlin,country,25+26,5,3+5,0.5,9.491455078125,0.18367238342761993,1.3866188965039328e-05, Tokyo,0.4051661193370819,9.526101112365723,0.034646034240722656,False,False,14.29+6.21
to_Berlin,country,25+26,5,3+5,1.0,9.456945419311523,0.18390828371047974,1.437149603589205e-05, Tokyo,0.4029046297073364,9.526101112365723,0.06915569305419922,False,False,28.58+11.12
to_Berlin,country,25+26,5,3+5,2.0,9.391044616699219,0.1846027374267578,1.5408457329613157e-05, Tokyo,0.3998126983642578,9.526101112365723,0.1350564956665039,False,False,57.15+17.85
to_Berlin,country,25+26,10,3+6,0.0,9.526101112365723,0.18348456919193268,1.33803214339423e-05, Tokyo,0.40870580077171326,9.526101112365723,-0.0,False,False,0.00+0.00
to_Berlin,country,25+26,10,3+6,0.5,9.49146842956543,0.183668315410614,1.3865700566384476e-05, Tokyo,0.40518295764923096,9.526101112365723,0.03463268280029297,False,False,14.29+6.06
to_Berlin,country,25+26,10,3+6,1.0,9.456949234008789,0.18389563262462616,1.437045466445852e-05, Tokyo,0.40299883484840393,9.526101112365723,0.0691518783569336,False,False,28.58+10.65
to_Berlin,country,25+26,10,3+6,2.0,9.390708923339844,0.1845710277557373,1.5410983905894682e-05, Tokyo,0.4002947509288788,9.526101112365723,0.1353921890258789,False,False,57.15+17.50
to_Tokyo,is,0,1,1,0.0,-9.172065734863281,2.6233399694319814e-05,0.252483069896698, Berlin,0.6005579829216003,-9.172065734863281,0.0,False,False,0.00
to_Tokyo,is,0,1,1,0.5,-9.156423568725586,2.639951890159864e-05,0.2501383423805237, Berlin,0.6005579829216003,-9.172065734863281,0.015642166137695312,False,False,0.08
to_Tokyo,is,0,1,1,1.0,-9.140132904052734,2.657074401213322e-05,0.24769246578216553, Berlin,0.6005579829216003,-9.172065734863281,0.031932830810546875,False,False,0.16
to_Tokyo,is,0,1,1,2.0,-9.105640411376953,2.6928444640361704e-05,0.24251613020896912, Berlin,0.6005579829216003,-9.172065734863281,0.06642532348632812,False,False,0.32
to_Tokyo,is,0,5,2,0.0,-9.172065734863281,2.6233399694319814e-05,0.252483069896698, Berlin,0.6005579829216003,-9.172065734863281,0.0,False,False,0.00
to_Tokyo,is,0,5,2,0.5,-9.156323432922363,2.6400803108117543e-05,0.2501254677772522, Berlin,0.6005579829216003,-9.172065734863281,0.01574230194091797,False,False,0.08
to_Tokyo,is,0,5,2,1.0,-9.139925956726074,2.6573377908789553e-05,0.24766594171524048, Berlin,0.6005579829216003,-9.172065734863281,0.03213977813720703,False,False,0.16
to_Tokyo,is,0,5,2,2.0,-9.105180740356445,2.6934016204904765e-05,0.24245496094226837, Berlin,0.6005579829216003,-9.172065734863281,0.06688499450683594,False,False,0.32
to_Tokyo,is,0,10,2,0.0,-9.172065734863281,2.6233399694319814e-05,0.252483069896698, Berlin,0.6005579829216003,-9.172065734863281,0.0,False,False,0.00
to_Tokyo,is,0,10,2,0.5,-9.156323432922363,2.6400803108117543e-05,0.2501254677772522, Berlin,0.6005579829216003,-9.172065734863281,0.01574230194091797,False,False,0.08
to_Tokyo,is,0,10,2,1.0,-9.139925956726074,2.6573377908789553e-05,0.24766594171524048, Berlin,0.6005579829216003,-9.172065734863281,0.03213977813720703,False,False,0.16
to_Tokyo,is,0,10,2,2.0,-9.105180740356445,2.6934016204904765e-05,0.24245496094226837, Berlin,0.6005579829216003,-9.172065734863281,0.06688499450683594,False,False,0.32
to_Tokyo,is,1,1,1,0.0,-9.172065734863281,2.6233399694319814e-05,0.252483069896698, Berlin,0.6005579829216003,-9.172065734863281,0.0,False,False,0.00
to_Tokyo,is,1,1,1,0.5,-9.156669616699219,2.6359040930401534e-05,0.24981628358364105, Berlin,0.6005579829216003,-9.172065734863281,0.0153961181640625,False,False,0.03
to_Tokyo,is,1,1,1,1.0,-9.141228675842285,2.6484523914405145e-05,0.24715951085090637, Berlin,0.6005579829216003,-9.172065734863281,0.030837059020996094,False,False,0.07
to_Tokyo,is,1,1,1,2.0,-9.110200881958008,2.6734638595371507e-05,0.2418712079524994, Berlin,0.6005579829216003,-9.172065734863281,0.06186485290527344,False,False,0.13
to_Tokyo,is,1,5,5,0.0,-9.172065734863281,2.6233399694319814e-05,0.252483069896698, Berlin,0.6005579829216003,-9.172065734863281,0.0,False,False,0.00
to_Tokyo,is,1,5,5,0.5,-9.14793586730957,2.6432469894643873e-05,0.24833379685878754, Berlin,0.6005579829216003,-9.172065734863281,0.024129867553710938,False,False,0.30
to_Tokyo,is,1,5,5,1.0,-9.133550643920898,2.652302100614179e-05,0.24562568962574005, Berlin,0.6005579829216003,-9.172065734863281,0.03851509094238281,False,False,0.60
to_Tokyo,is,1,5,5,2.0,-9.135971069335938,2.6362033167970367e-05,0.2447262853384018, Berlin,0.6005579829216003,-9.172065734863281,0.03609466552734375,False,False,1.21
to_Tokyo,is,1,10,10,0.0,-9.172065734863281,2.6233399694319814e-05,0.252483069896698, Berlin,0.6005579829216003,-9.172065734863281,0.0,False,False,0.00
to_Tokyo,is,1,10,10,0.5,-9.143304824829102,2.6491648895898834e-05,0.24773985147476196, Berlin,0.6005579829216003,-9.172065734863281,0.028760910034179688,False,False,0.30
to_Tokyo,is,1,10,10,1.0,-9.124144554138184,2.664476414793171e-05,0.24444295465946198, Berlin,0.6005579829216003,-9.172065734863281,0.047921180725097656,False,False,0.61
to_Tokyo,is,1,10,10,2.0,-9.11680793762207,2.661233338585589e-05,0.24236083030700684, Berlin,0.6005579829216003,-9.172065734863281,0.05525779724121094,False,False,1.21
to_Tokyo,is,2,1,1,0.0,-9.172065734863281,2.6233399694319814e-05,0.252483069896698, Berlin,0.6005579829216003,-9.172065734863281,0.0,False,False,0.00
to_Tokyo,is,2,1,1,0.5,-9.153047561645508,2.64006775978487e-05,0.24930615723133087, Berlin,0.6005579829216003,-9.172065734863281,0.019018173217773438,False,False,0.08
to_Tokyo,is,2,1,1,1.0,-9.133589744567871,2.6571173293632455e-05,0.24608121812343597, Berlin,0.6005579829216003,-9.172065734863281,0.038475990295410156,False,False,0.16
to_Tokyo,is,2,1,1,2.0,-9.093343734741211,2.6922129109152593e-05,0.23949620127677917, Berlin,0.6005579829216003,-9.172065734863281,0.07872200012207031,False,False,0.33
to_Tokyo,is,2,5,5,0.0,-9.172065734863281,2.6233399694319814e-05,0.252483069896698, Berlin,0.6005579829216003,-9.172065734863281,0.0,False,False,0.00
to_Tokyo,is,2,5,5,0.5,-9.148298263549805,2.6474448532098904e-05,0.24881833791732788, Berlin,0.6005579829216003,-9.172065734863281,0.023767471313476562,False,False,0.22
to_Tokyo,is,2,5,5,1.0,-9.12918472290039,2.6677460482460447e-05,0.24597951769828796, Berlin,0.6005579829216003,-9.172065734863281,0.042881011962890625,False,False,0.45
to_Tokyo,is,2,5,5,2.0,-9.104582786560059,2.6969591999659315e-05,0.24262993037700653, Berlin,0.6005579829216003,-9.172065734863281,0.06748294830322266,False,False,0.89
to_Tokyo,is,2,10,6,0.0,-9.172065734863281,2.6233399694319814e-05,0.252483069896698, Berlin,0.6005579829216003,-9.172065734863281,0.0,False,False,0.00
to_Tokyo,is,2,10,6,0.5,-9.147006034851074,2.6483312467462383e-05,0.24858027696609497, Berlin,0.6005579829216003,-9.172065734863281,0.02505970001220703,False,False,0.22
to_Tokyo,is,2,10,6,1.0,-9.126542091369629,2.669550485734362e-05,0.24549639225006104, Berlin,0.6005579829216003,-9.172065734863281,0.045523643493652344,False,False,0.45
to_Tokyo,is,2,10,6,2.0,-9.099103927612305,2.7007194148609415e-05,0.24164070188999176, Berlin,0.6005579829216003,-9.172065734863281,0.07296180725097656,False,False,0.90
to_Tokyo,is,3,1,1,0.0,-9.172065734863281,2.6233399694319814e-05,0.252483069896698, Berlin,0.6005579829216003,-9.172065734863281,0.0,False,False,0.00
to_Tokyo,is,3,1,1,0.5,-9.133728981018066,2.6501529646338895e-05,0.24547038972377777, Berlin,0.6005579829216003,-9.172065734863281,0.038336753845214844,False,False,0.11
to_Tokyo,is,3,1,1,1.0,-9.093778610229492,2.6780493499245495e-05,0.23833969235420227, Berlin,0.6005579829216003,-9.172065734863281,0.07828712463378906,False,False,0.23
to_Tokyo,is,3,1,1,2.0,-9.008655548095703,2.7374348064768128e-05,0.22374489903450012, Berlin,0.6005579829216003,-9.172065734863281,0.16341018676757812,False,False,0.46
to_Tokyo,is,3,5,5,0.0,-9.172065734863281,2.6233399694319814e-05,0.252483069896698, Berlin,0.6005579829216003,-9.172065734863281,0.0,False,False,0.00
to_Tokyo,is,3,5,5,0.5,-9.086653709411621,2.6898595024249516e-05,0.2376912236213684, Berlin,0.6005579829216003,-9.172065734863281,0.08541202545166016,False,False,0.29
to_Tokyo,is,3,5,5,1.0,-8.997106552124023,2.761144787655212e-05,0.22309136390686035, Berlin,0.6005579829216003,-9.172065734863281,0.1749591827392578,False,False,0.57
to_Tokyo,is,3,5,5,2.0,-8.803844451904297,2.921522354881745e-05,0.19456744194030762, Berlin,0.6005579829216003,-9.172065734863281,0.3682212829589844,False,False,1.14
to_Tokyo,is,3,10,7,0.0,-9.172065734863281,2.6233399694319814e-05,0.252483069896698, Berlin,0.6005579829216003,-9.172065734863281,0.0,False,False,0.00
to_Tokyo,is,3,10,7,0.5,-9.086047172546387,2.690557266760152e-05,0.23760876059532166, Berlin,0.6005579829216003,-9.172065734863281,0.08601856231689453,False,False,0.29
to_Tokyo,is,3,10,7,1.0,-8.995828628540039,2.762630356301088e-05,0.2229263037443161, Berlin,0.6005579829216003,-9.172065734863281,0.1762371063232422,False,False,0.57
to_Tokyo,is,3,10,7,2.0,-8.800960540771484,2.925015360233374e-05,0.19423916935920715, Berlin,0.6005579829216003,-9.172065734863281,0.3711051940917969,False,False,1.15
to_Tokyo,is,4,1,1,0.0,-9.172065734863281,2.6233399694319814e-05,0.252483069896698, Berlin,0.6005579829216003,-9.172065734863281,0.0,False,False,0.00
to_Tokyo,is,4,1,1,0.5,-9.155014991760254,2.6299056116840802e-05,0.24883563816547394, Berlin,0.6005579829216003,-9.172065734863281,0.017050743103027344,False,False,0.13
to_Tokyo,is,4,1,1,1.0,-9.136889457702637,2.63713864114834e-05,0.2450380176305771, Berlin,0.6005579829216003,-9.172065734863281,0.03517627716064453,False,False,0.26
to_Tokyo,is,4,1,1,2.0,-9.097248077392578,2.6537265512160957e-05,0.23699596524238586, Berlin,0.6005579829216003,-9.172065734863281,0.07481765747070312,False,False,0.51
to_Tokyo,is,4,5,5,0.0,-9.172065734863281,2.6233399694319814e-05,0.252483069896698, Berlin,0.6005579829216003,-9.172065734863281,0.0,False,False,0.00
to_Tokyo,is,4,5,5,0.5,-9.124263763427734,2.64635200437624e-05,0.24280913174152374, Berlin,0.6005579829216003,-9.172065734863281,0.047801971435546875,False,False,0.23
to_Tokyo,is,4,5,5,1.0,-9.076761245727539,2.6687741410569288e-05,0.23350666463375092, Berlin,0.6005579829216003,-9.172065734863281,0.09530448913574219,False,False,0.47
to_Tokyo,is,4,5,5,2.0,-8.982898712158203,2.711535489652306e-05,0.2159924954175949, Berlin,0.6005579829216003,-9.172065734863281,0.18916702270507812,False,False,0.93
to_Tokyo,is,4,10,8,0.0,-9.172065734863281,2.6233399694319814e-05,0.252483069896698, Berlin,0.6005579829216003,-9.172065734863281,0.0,False,False,0.00
to_Tokyo,is,4,10,8,0.5,-9.121976852416992,2.648177178343758e-05,0.24242152273654938, Berlin,0.6005579829216003,-9.172065734863281,0.05008888244628906,False,False,0.24
to_Tokyo,is,4,10,8,1.0,-9.071830749511719,2.6726454962044954e-05,0.23269520699977875, Berlin,0.6005579829216003,-9.172065734863281,0.1002349853515625,False,False,0.48
to_Tokyo,is,4,10,8,2.0,-8.97158432006836,2.7201602279092185e-05,0.21424169838428497, Berlin,0.6005579829216003,-9.172065734863281,0.20048141479492188,False,False,0.95
to_Tokyo,is,5,1,1,0.0,-9.172065734863281,2.6233399694319814e-05,0.252483069896698, Berlin,0.6005579829216003,-9.172065734863281,0.0,False,False,0.00
to_Tokyo,is,5,1,1,0.5,-8.944360733032227,2.8151953301858157e-05,0.21577188372612, Berlin,0.6005579829216003,-9.172065734863281,0.2277050018310547,False,False,0.24
to_Tokyo,is,5,1,1,1.0,-8.683231353759766,3.037212991330307e-05,0.17928940057754517, Berlin,0.6005579829216003,-9.172065734863281,0.4888343811035156,False,False,0.47
to_Tokyo,is,5,1,1,2.0,-8.04299545288086,3.603279765229672e-05,0.11213118582963943, Berlin,0.6005579829216003,-9.172065734863281,1.1290702819824219,False,False,0.95
to_Tokyo,is,5,5,4,0.0,-9.172065734863281,2.6233399694319814e-05,0.252483069896698, Berlin,0.6005579829216003,-9.172065734863281,0.0,False,False,0.00
to_Tokyo,is,5,5,4,0.5,-8.874858856201172,2.8819145882152952e-05,0.20605513453483582, Berlin,0.6005579829216003,-9.172065734863281,0.2972068786621094,False,False,0.31
to_Tokyo,is,5,5,4,1.0,-8.530271530151367,3.1912302802084014e-05,0.16166196763515472, Berlin,0.6005579829216003,-9.172065734863281,0.6417942047119141,False,False,0.62
to_Tokyo,is,5,5,4,2.0,-7.687001705169678,4.003779758932069e-05,0.08727552741765976, located,0.6005579829216003,-9.172065734863281,1.4850640296936035,False,False,1.23
to_Tokyo,is,5,10,4,0.0,-9.172065734863281,2.6233399694319814e-05,0.252483069896698, Berlin,0.6005579829216003,-9.172065734863281,0.0,False,False,0.00
to_Tokyo,is,5,10,4,0.5,-8.874858856201172,2.8819145882152952e-05,0.20605513453483582, Berlin,0.6005579829216003,-9.172065734863281,0.2972068786621094,False,False,0.31
to_Tokyo,is,5,10,4,1.0,-8.530271530151367,3.1912302802084014e-05,0.16166196763515472, Berlin,0.6005579829216003,-9.172065734863281,0.6417942047119141,False,False,0.62
to_Tokyo,is,5,10,4,2.0,-7.687001705169678,4.003779758932069e-05,0.08727552741765976, located,0.6005579829216003,-9.172065734863281,1.4850640296936035,False,False,1.23
to_Tokyo,is,6,1,1,0.0,-9.172065734863281,2.6233399694319814e-05,0.252483069896698, Berlin,0.6005579829216003,-9.172065734863281,0.0,False,False,0.00
to_Tokyo,is,6,1,1,0.5,-9.140832901000977,2.6533114578342065e-05,0.2475149929523468, Berlin,0.6005579829216003,-9.172065734863281,0.031232833862304688,False,False,0.12
to_Tokyo,is,6,1,1,1.0,-9.109393119812012,2.683727871044539e-05,0.2426038533449173, Berlin,0.6005579829216003,-9.172065734863281,0.06267261505126953,False,False,0.24
to_Tokyo,is,6,1,1,2.0,-9.04598617553711,2.7459560442366637e-05,0.2329781949520111, Berlin,0.6005579829216003,-9.172065734863281,0.12607955932617188,False,False,0.48
to_Tokyo,is,6,5,4,0.0,-9.172065734863281,2.6233399694319814e-05,0.252483069896698, Berlin,0.6005579829216003,-9.172065734863281,0.0,False,False,0.00
to_Tokyo,is,6,5,4,0.5,-9.119649887084961,2.6677587811718695e-05,0.24364659190177917, Berlin,0.6005579829216003,-9.172065734863281,0.05241584777832031,False,False,0.15
to_Tokyo,is,6,5,4,1.0,-9.065839767456055,2.713475623750128e-05,0.23483896255493164, Berlin,0.6005579829216003,-9.172065734863281,0.10622596740722656,False,False,0.29
to_Tokyo,is,6,5,4,2.0,-8.953790664672852,2.809236139000859e-05,0.2173551470041275, Berlin,0.6005579829216003,-9.172065734863281,0.2182750701904297,False,False,0.59
to_Tokyo,is,6,10,4,0.0,-9.172065734863281,2.6233399694319814e-05,0.252483069896698, Berlin,0.6005579829216003,-9.172065734863281,0.0,False,False,0.00
to_Tokyo,is,6,10,4,0.5,-9.119649887084961,2.6677587811718695e-05,0.24364659190177917, Berlin,0.6005579829216003,-9.172065734863281,0.05241584777832031,False,False,0.15
to_Tokyo,is,6,10,4,1.0,-9.065839767456055,2.713475623750128e-05,0.23483896255493164, Berlin,0.6005579829216003,-9.172065734863281,0.10622596740722656,False,False,0.29
to_Tokyo,is,6,10,4,2.0,-8.953790664672852,2.809236139000859e-05,0.2173551470041275, Berlin,0.6005579829216003,-9.172065734863281,0.2182750701904297,False,False,0.59
to_Tokyo,is,7,1,1,0.0,-9.172065734863281,2.6233399694319814e-05,0.252483069896698, Berlin,0.6005579829216003,-9.172065734863281,0.0,False,False,0.00
to_Tokyo,is,7,1,1,0.5,-9.170366287231445,2.6152341888519004e-05,0.2512754797935486, Berlin,0.6005579829216003,-9.172065734863281,0.0016994476318359375,False,False,0.07
to_Tokyo,is,7,1,1,1.0,-9.168608665466309,2.607218084449414e-05,0.250065416097641, Berlin,0.6005579829216003,-9.172065734863281,0.0034570693969726562,False,False,0.14
to_Tokyo,is,7,1,1,2.0,-9.164888381958008,2.5914792786352336e-05,0.2476329207420349, Berlin,0.6005579829216003,-9.172065734863281,0.0071773529052734375,False,False,0.27
to_Tokyo,is,7,5,2,0.0,-9.172065734863281,2.6233399694319814e-05,0.252483069896698, Berlin,0.6005579829216003,-9.172065734863281,0.0,False,False,0.00
to_Tokyo,is,7,5,2,0.5,-9.169795989990234,2.614323966554366e-05,0.25104475021362305, Berlin,0.6005579829216003,-9.172065734863281,0.002269744873046875,False,False,0.07
to_Tokyo,is,7,5,2,1.0,-9.167433738708496,2.605445661174599e-05,0.24960190057754517, Berlin,0.6005579829216003,-9.172065734863281,0.004631996154785156,False,False,0.15
to_Tokyo,is,7,5,2,2.0,-9.16241455078125,2.5880586690618657e-05,0.2466949075460434, Berlin,0.6005579829216003,-9.172065734863281,0.00965118408203125,False,False,0.29
to_Tokyo,is,7,10,2,0.0,-9.172065734863281,2.6233399694319814e-05,0.252483069896698, Berlin,0.6005579829216003,-9.172065734863281,0.0,False,False,0.00
to_Tokyo,is,7,10,2,0.5,-9.169795989990234,2.614323966554366e-05,0.25104475021362305, Berlin,0.6005579829216003,-9.172065734863281,0.002269744873046875,False,False,0.07
to_Tokyo,is,7,10,2,1.0,-9.167433738708496,2.605445661174599e-05,0.24960190057754517, Berlin,0.6005579829216003,-9.172065734863281,0.004631996154785156,False,False,0.15
to_Tokyo,is,7,10,2,2.0,-9.16241455078125,2.5880586690618657e-05,0.2466949075460434, Berlin,0.6005579829216003,-9.172065734863281,0.00965118408203125,False,False,0.29
to_Tokyo,is,8,1,1,0.0,-9.172065734863281,2.6233399694319814e-05,0.252483069896698, Berlin,0.6005579829216003,-9.172065734863281,0.0,False,False,0.00
to_Tokyo,is,8,1,1,0.5,-9.005008697509766,2.7085865440312773e-05,0.22058109939098358, Berlin,0.6005579829216003,-9.172065734863281,0.16705703735351562,False,False,0.58
to_Tokyo,is,8,1,1,1.0,-8.77193832397461,2.871933247661218e-05,0.18525882065296173, Berlin,0.6005579829216003,-9.172065734863281,0.4001274108886719,False,False,1.16
to_Tokyo,is,8,1,1,2.0,-8.07093620300293,3.586966704460792e-05,0.11478633433580399, Berlin,0.6005579829216003,-9.172065734863281,1.1011295318603516,False,False,2.33
to_Tokyo,is,8,5,5,0.0,-9.172065734863281,2.6233399694319814e-05,0.252483069896698, Berlin,0.6005579829216003,-9.172065734863281,0.0,False,False,0.00
to_Tokyo,is,8,5,5,0.5,-8.945690155029297,2.6940362658933736e-05,0.20676031708717346, Berlin,0.6005579829216003,-9.172065734863281,0.22637557983398438,False,False,0.78
to_Tokyo,is,8,5,5,1.0,-8.630338668823242,2.8554839445860125e-05,0.15987789630889893, Berlin,0.6005579829216003,-9.172065734863281,0.5417270660400391,False,False,1.56
to_Tokyo,is,8,5,5,2.0,-7.730372428894043,3.6107685446040705e-05,0.08219733089208603, a,0.6005579829216003,-9.172065734863281,1.4416933059692383,False,False,3.12
to_Tokyo,is,8,10,8,0.0,-9.172065734863281,2.6233399694319814e-05,0.252483069896698, Berlin,0.6005579829216003,-9.172065734863281,0.0,False,False,0.00
to_Tokyo,is,8,10,8,0.5,-8.939693450927734,2.7000729460269213e-05,0.20598475635051727, Berlin,0.6005579829216003,-9.172065734863281,0.23237228393554688,False,False,0.78
to_Tokyo,is,8,10,8,1.0,-8.616783142089844,2.8706408556899987e-05,0.15856237709522247, Berlin,0.6005579829216003,-9.172065734863281,0.5552825927734375,False,False,1.56
to_Tokyo,is,8,10,8,2.0,-7.702181339263916,3.654491592897102e-05,0.08088012039661407, a,0.6005579829216003,-9.172065734863281,1.4698843955993652,False,False,3.13
to_Tokyo,is,9,1,1,0.0,-9.172065734863281,2.6233399694319814e-05,0.252483069896698, Berlin,0.6005579829216003,-9.172065734863281,0.0,False,False,0.00
to_Tokyo,is,9,1,1,0.5,-9.0736083984375,2.7111838790006004e-05,0.23647058010101318, Berlin,0.6005579829216003,-9.172065734863281,0.09845733642578125,False,False,0.40
to_Tokyo,is,9,1,1,1.0,-8.968673706054688,2.806298653013073e-05,0.22038359940052032, Berlin,0.6005579829216003,-9.172065734863281,0.20339202880859375,False,False,0.79
to_Tokyo,is,9,1,1,2.0,-8.738770484924316,3.021447810169775e-05,0.1885448843240738, Berlin,0.6005579829216003,-9.172065734863281,0.43329524993896484,False,False,1.59
to_Tokyo,is,9,5,4,0.0,-9.172065734863281,2.6233399694319814e-05,0.252483069896698, Berlin,0.6005579829216003,-9.172065734863281,0.0,False,False,0.00
to_Tokyo,is,9,5,4,0.5,-9.044313430786133,2.7238491384196095e-05,0.23071643710136414, Berlin,0.6005579829216003,-9.172065734863281,0.12775230407714844,False,False,0.44
to_Tokyo,is,9,5,4,1.0,-8.907781600952148,2.8338597985566594e-05,0.20940090715885162, Berlin,0.6005579829216003,-9.172065734863281,0.2642841339111328,False,False,0.87
to_Tokyo,is,9,5,4,2.0,-8.608175277709961,3.086701690335758e-05,0.169035404920578, Berlin,0.6005579829216003,-9.172065734863281,0.5638904571533203,False,False,1.75
to_Tokyo,is,9,10,4,0.0,-9.172065734863281,2.6233399694319814e-05,0.252483069896698, Berlin,0.6005579829216003,-9.172065734863281,0.0,False,False,0.00
to_Tokyo,is,9,10,4,0.5,-9.044313430786133,2.7238491384196095e-05,0.23071643710136414, Berlin,0.6005579829216003,-9.172065734863281,0.12775230407714844,False,False,0.44
to_Tokyo,is,9,10,4,1.0,-8.907781600952148,2.8338597985566594e-05,0.20940090715885162, Berlin,0.6005579829216003,-9.172065734863281,0.2642841339111328,False,False,0.87
to_Tokyo,is,9,10,4,2.0,-8.608175277709961,3.086701690335758e-05,0.169035404920578, Berlin,0.6005579829216003,-9.172065734863281,0.5638904571533203,False,False,1.75
to_Tokyo,is,10,1,1,0.0,-9.172065734863281,2.6233399694319814e-05,0.252483069896698, Berlin,0.6005579829216003,-9.172065734863281,0.0,False,False,0.00
to_Tokyo,is,10,1,1,0.5,-9.122342109680176,2.649720772751607e-05,0.24265150725841522, Berlin,0.6005579829216003,-9.172065734863281,0.04972362518310547,False,False,0.41
to_Tokyo,is,10,1,1,1.0,-9.070622444152832,2.6762774723465554e-05,0.23273010551929474, Berlin,0.6005579829216003,-9.172065734863281,0.10144329071044922,False,False,0.81
to_Tokyo,is,10,1,1,2.0,-8.960883140563965,2.729655898292549e-05,0.212701216340065, Berlin,0.6005579829216003,-9.172065734863281,0.2111825942993164,False,False,1.63
to_Tokyo,is,10,5,5,0.0,-9.172065734863281,2.6233399694319814e-05,0.252483069896698, Berlin,0.6005579829216003,-9.172065734863281,0.0,False,False,0.00
to_Tokyo,is,10,5,5,0.5,-9.06336498260498,2.6893821996054612e-05,0.2321784943342209, Berlin,0.6005579829216003,-9.172065734863281,0.10870075225830078,False,False,0.57
to_Tokyo,is,10,5,5,1.0,-8.948863983154297,2.7565141863306053e-05,0.21222789585590363, Berlin,0.6005579829216003,-9.172065734863281,0.22320175170898438,False,False,1.15
to_Tokyo,is,10,5,5,2.0,-8.701038360595703,2.894493991334457e-05,0.17393435537815094, Berlin,0.6005579829216003,-9.172065734863281,0.4710273742675781,False,False,2.29
to_Tokyo,is,10,10,8,0.0,-9.172065734863281,2.6233399694319814e-05,0.252483069896698, Berlin,0.6005579829216003,-9.172065734863281,0.0,False,False,0.00
to_Tokyo,is,10,10,8,0.5,-9.062285423278809,2.692192174436059e-05,0.23217031359672546, Berlin,0.6005579829216003,-9.172065734863281,0.10978031158447266,False,False,0.57
to_Tokyo,is,10,10,8,1.0,-8.946928024291992,2.7618452804745175e-05,0.21222709119319916, Berlin,0.6005579829216003,-9.172065734863281,0.22513771057128906,False,False,1.14
to_Tokyo,is,10,10,8,2.0,-8.698226928710938,2.903817039623391e-05,0.17400477826595306, Berlin,0.6005579829216003,-9.172065734863281,0.47383880615234375,False,False,2.27
to_Tokyo,is,11,1,1,0.0,-9.172065734863281,2.6233399694319814e-05,0.252483069896698, Berlin,0.6005579829216003,-9.172065734863281,0.0,False,False,0.00
to_Tokyo,is,11,1,1,0.5,-9.147847175598145,2.669283094292041e-05,0.25075772404670715, Berlin,0.6005579829216003,-9.172065734863281,0.02421855926513672,False,False,0.67
to_Tokyo,is,11,1,1,1.0,-9.124734878540039,2.7140837119077332e-05,0.2491411417722702, Berlin,0.6005579829216003,-9.172065734863281,0.04733085632324219,False,False,1.34
to_Tokyo,is,11,1,1,2.0,-9.080570220947266,2.8013413611915894e-05,0.2460409700870514, Berlin,0.6005579829216003,-9.172065734863281,0.09149551391601562,False,False,2.67
to_Tokyo,is,11,5,3,0.0,-9.172065734863281,2.6233399694319814e-05,0.252483069896698, Berlin,0.6005579829216003,-9.172065734863281,0.0,False,False,0.00
to_Tokyo,is,11,5,3,0.5,-9.13412857055664,2.6753587007988244e-05,0.24790401756763458, Berlin,0.6005579829216003,-9.172065734863281,0.037937164306640625,False,False,0.66
to_Tokyo,is,11,5,3,1.0,-9.096573829650879,2.727680839598179e-05,0.24343641102313995, Berlin,0.6005579829216003,-9.172065734863281,0.07549190521240234,False,False,1.32
to_Tokyo,is,11,5,3,2.0,-9.021846771240234,2.833797589119058e-05,0.23469683527946472, Berlin,0.6005579829216003,-9.172065734863281,0.15021896362304688,False,False,2.63
to_Tokyo,is,11,10,3,0.0,-9.172065734863281,2.6233399694319814e-05,0.252483069896698, Berlin,0.6005579829216003,-9.172065734863281,0.0,False,False,0.00
to_Tokyo,is,11,10,3,0.5,-9.13412857055664,2.6753587007988244e-05,0.24790401756763458, Berlin,0.6005579829216003,-9.172065734863281,0.037937164306640625,False,False,0.66
to_Tokyo,is,11,10,3,1.0,-9.096573829650879,2.727680839598179e-05,0.24343641102313995, Berlin,0.6005579829216003,-9.172065734863281,0.07549190521240234,False,False,1.32
to_Tokyo,is,11,10,3,2.0,-9.021846771240234,2.833797589119058e-05,0.23469683527946472, Berlin,0.6005579829216003,-9.172065734863281,0.15021896362304688,False,False,2.63
to_Tokyo,is,12,1,1,0.0,-9.172065734863281,2.6233399694319814e-05,0.252483069896698, Berlin,0.6005579829216003,-9.172065734863281,0.0,False,False,0.00
to_Tokyo,is,12,1,1,0.5,-9.077593803405762,2.7345777198206633e-05,0.23946352303028107, Berlin,0.6005579829216003,-9.172065734863281,0.09447193145751953,False,False,0.86
to_Tokyo,is,12,1,1,1.0,-8.96757698059082,2.8612359528779052e-05,0.22445164620876312, Berlin,0.6005579829216003,-9.172065734863281,0.20448875427246094,False,False,1.73
to_Tokyo,is,12,1,1,2.0,-8.698482513427734,3.165372254443355e-05,0.18972638249397278, Berlin,0.6005579829216003,-9.172065734863281,0.4735832214355469,False,False,3.45
to_Tokyo,is,12,5,5,0.0,-9.172065734863281,2.6233399694319814e-05,0.252483069896698, Berlin,0.6005579829216003,-9.172065734863281,0.0,False,False,0.00
to_Tokyo,is,12,5,5,0.5,-9.015183448791504,2.788363599393051e-05,0.22940018773078918, Berlin,0.6005579829216003,-9.172065734863281,0.15688228607177734,False,False,0.89
to_Tokyo,is,12,5,5,1.0,-8.839923858642578,2.9738215744146146e-05,0.20532655715942383, Berlin,0.6005579829216003,-9.172065734863281,0.3321418762207031,False,False,1.78
to_Tokyo,is,12,5,5,2.0,-8.4296236038208,3.416625258978456e-05,0.15650787949562073, Berlin,0.6005579829216003,-9.172065734863281,0.7424421310424805,False,False,3.56
to_Tokyo,is,12,10,8,0.0,-9.172065734863281,2.6233399694319814e-05,0.252483069896698, Berlin,0.6005579829216003,-9.172065734863281,0.0,False,False,0.00
to_Tokyo,is,12,10,8,0.5,-9.010217666625977,2.800008405756671e-05,0.22921721637248993, Berlin,0.6005579829216003,-9.172065734863281,0.1618480682373047,False,False,0.91
to_Tokyo,is,12,10,8,1.0,-8.828569412231445,3.000995457114186e-05,0.20486341416835785, Berlin,0.6005579829216003,-9.172065734863281,0.34349632263183594,False,False,1.82
to_Tokyo,is,12,10,8,2.0,-8.400976181030273,3.490810195216909e-05,0.15539023280143738, Berlin,0.6005579829216003,-9.172065734863281,0.7710895538330078,False,False,3.65
to_Tokyo,is,13,1,1,0.0,-9.172065734863281,2.6233399694319814e-05,0.252483069896698, Berlin,0.6005579829216003,-9.172065734863281,0.0,False,False,0.00
to_Tokyo,is,13,1,1,0.5,-9.135786056518555,2.6578651159070432e-05,0.24669149518013, Berlin,0.6005579829216003,-9.172065734863281,0.03627967834472656,False,False,0.22
to_Tokyo,is,13,1,1,1.0,-9.09920597076416,2.69266984105343e-05,0.24094505608081818, Berlin,0.6005579829216003,-9.172065734863281,0.0728597640991211,False,False,0.44
to_Tokyo,is,13,1,1,2.0,-9.02514934539795,2.7631467673927546e-05,0.2296023666858673, Berlin,0.6005579829216003,-9.172065734863281,0.14691638946533203,False,False,0.88
to_Tokyo,is,13,5,5,0.0,-9.172065734863281,2.6233399694319814e-05,0.252483069896698, Berlin,0.6005579829216003,-9.172065734863281,0.0,False,False,0.00
to_Tokyo,is,13,5,5,0.5,-9.045286178588867,2.7469855922390707e-05,0.23290251195430756, Berlin,0.6005579829216003,-9.172065734863281,0.12677955627441406,False,False,0.65
to_Tokyo,is,13,5,5,1.0,-8.912940979003906,2.877929546230007e-05,0.2137574851512909, Berlin,0.6005579829216003,-9.172065734863281,0.259124755859375,False,False,1.29
to_Tokyo,is,13,5,5,2.0,-8.632560729980469,3.162068242090754e-05,0.1774372011423111, Berlin,0.6005579829216003,-9.172065734863281,0.5395050048828125,False,False,2.59
to_Tokyo,is,13,10,8,0.0,-9.172065734863281,2.6233399694319814e-05,0.252483069896698, Berlin,0.6005579829216003,-9.172065734863281,0.0,False,False,0.00
to_Tokyo,is,13,10,8,0.5,-9.039228439331055,2.750463863776531e-05,0.23178906738758087, Berlin,0.6005579829216003,-9.172065734863281,0.13283729553222656,False,False,0.66
to_Tokyo,is,13,10,8,1.0,-8.900093078613281,2.8852640753029846e-05,0.21156643331050873, Berlin,0.6005579829216003,-9.172065734863281,0.27197265625,False,False,1.33
to_Tokyo,is,13,10,8,2.0,-8.604080200195312,3.178282349836081e-05,0.17333927750587463, Berlin,0.6005579829216003,-9.172065734863281,0.5679855346679688,False,False,2.66
to_Tokyo,is,14,1,1,0.0,-9.172065734863281,2.6233399694319814e-05,0.252483069896698, Berlin,0.6005579829216003,-9.172065734863281,0.0,False,False,0.00
to_Tokyo,is,14,1,1,0.5,-9.109508514404297,2.676354233699385e-05,0.241965189576149, Berlin,0.6005579829216003,-9.172065734863281,0.06255722045898438,False,False,0.75
to_Tokyo,is,14,1,1,1.0,-9.044910430908203,2.7322708774590865e-05,0.23156796395778656, Berlin,0.6005579829216003,-9.172065734863281,0.12715530395507812,False,False,1.51
to_Tokyo,is,14,1,1,2.0,-8.91049575805664,2.8530452254926786e-05,0.21139158308506012, Berlin,0.6005579829216003,-9.172065734863281,0.2615699768066406,False,False,3.02
to_Tokyo,is,14,5,5,0.0,-9.172065734863281,2.6233399694319814e-05,0.252483069896698, Berlin,0.6005579829216003,-9.172065734863281,0.0,False,False,0.00
to_Tokyo,is,14,5,5,0.5,-9.02656364440918,2.6557267119642347e-05,0.22098875045776367, Berlin,0.6005579829216003,-9.172065734863281,0.14550209045410156,False,False,1.13
to_Tokyo,is,14,5,5,1.0,-8.875333786010742,2.6778681785799563e-05,0.1915569007396698, Berlin,0.6005579829216003,-9.172065734863281,0.29673194885253906,False,False,2.25
to_Tokyo,is,14,5,5,2.0,-8.561073303222656,2.6885591069003567e-05,0.14045798778533936, Berlin,0.6005579829216003,-9.172065734863281,0.610992431640625,False,False,4.51
to_Tokyo,is,14,10,9,0.0,-9.172065734863281,2.6233399694319814e-05,0.252483069896698, Berlin,0.6005579829216003,-9.172065734863281,0.0,False,False,0.00
to_Tokyo,is,14,10,9,0.5,-9.01315975189209,2.6721027097664773e-05,0.2193908840417862, Berlin,0.6005579829216003,-9.172065734863281,0.1589059829711914,False,False,1.18
to_Tokyo,is,14,10,9,1.0,-8.851008415222168,2.7080543077317998e-05,0.18906089663505554, Berlin,0.6005579829216003,-9.172065734863281,0.3210573196411133,False,False,2.35
to_Tokyo,is,14,10,9,2.0,-8.52169418334961,2.7414713258622214e-05,0.13769195973873138, Berlin,0.6005579829216003,-9.172065734863281,0.6503715515136719,False,False,4.71
to_Tokyo,is,15,1,1,0.0,-9.172065734863281,2.6233399694319814e-05,0.252483069896698, Berlin,0.6005579829216003,-9.172065734863281,0.0,False,False,0.00
to_Tokyo,is,15,1,1,0.5,-9.14510726928711,2.6622996301739477e-05,0.24941736459732056, Berlin,0.6005579829216003,-9.172065734863281,0.026958465576171875,False,False,0.43
to_Tokyo,is,15,1,1,1.0,-9.117826461791992,2.7024225346394815e-05,0.24636276066303253, Berlin,0.6005579829216003,-9.172065734863281,0.05423927307128906,False,False,0.86
to_Tokyo,is,15,1,1,2.0,-9.062399864196777,2.7860563932335936e-05,0.24029238522052765, Berlin,0.6005579829216003,-9.172065734863281,0.1096658706665039,False,False,1.73
to_Tokyo,is,15,5,5,0.0,-9.172065734863281,2.6233399694319814e-05,0.252483069896698, Berlin,0.6005579829216003,-9.172065734863281,0.0,False,False,0.00
to_Tokyo,is,15,5,5,0.5,-9.131229400634766,2.6848516426980495e-05,0.24806353449821472, Berlin,0.6005579829216003,-9.172065734863281,0.040836334228515625,False,False,0.45
to_Tokyo,is,15,5,5,1.0,-9.090189933776855,2.7479705750010908e-05,0.2436865270137787, Berlin,0.6005579829216003,-9.172065734863281,0.08187580108642578,False,False,0.90
to_Tokyo,is,15,5,5,2.0,-9.00759506225586,2.878939631045796e-05,0.235061377286911, Berlin,0.6005579829216003,-9.172065734863281,0.16447067260742188,False,False,1.80
to_Tokyo,is,15,10,6,0.0,-9.172065734863281,2.6233399694319814e-05,0.252483069896698, Berlin,0.6005579829216003,-9.172065734863281,0.0,False,False,0.00
to_Tokyo,is,15,10,6,0.5,-9.131229400634766,2.6848516426980495e-05,0.24806353449821472, Berlin,0.6005579829216003,-9.172065734863281,0.040836334228515625,False,False,0.45
to_Tokyo,is,15,10,6,1.0,-9.090189933776855,2.7479705750010908e-05,0.2436865270137787, Berlin,0.6005579829216003,-9.172065734863281,0.08187580108642578,False,False,0.90
to_Tokyo,is,15,10,6,2.0,-9.00759506225586,2.878939631045796e-05,0.235061377286911, Berlin,0.6005579829216003,-9.172065734863281,0.16447067260742188,False,False,1.80
to_Tokyo,is,16,1,1,0.0,-9.172065734863281,2.6233399694319814e-05,0.252483069896698, Berlin,0.6005579829216003,-9.172065734863281,0.0,False,False,0.00
to_Tokyo,is,16,1,1,0.5,-9.162836074829102,2.6218718630843796e-05,0.25002339482307434, Berlin,0.6005579829216003,-9.172065734863281,0.009229660034179688,False,False,0.31
to_Tokyo,is,16,1,1,1.0,-9.153613090515137,2.6203493689536117e-05,0.2475842386484146, Berlin,0.6005579829216003,-9.172065734863281,0.01845264434814453,False,False,0.63
to_Tokyo,is,16,1,1,2.0,-9.135172843933105,2.6171952413278632e-05,0.24276794493198395, Berlin,0.6005579829216003,-9.172065734863281,0.03689289093017578,False,False,1.25
to_Tokyo,is,16,5,2,0.0,-9.172065734863281,2.6233399694319814e-05,0.252483069896698, Berlin,0.6005579829216003,-9.172065734863281,0.0,False,False,0.00
to_Tokyo,is,16,5,2,0.5,-9.162164688110352,2.6228946808259934e-05,0.24995297193527222, Berlin,0.6005579829216003,-9.172065734863281,0.009901046752929688,False,False,0.32
to_Tokyo,is,16,5,2,1.0,-9.152311325073242,2.6223320674034767e-05,0.24744915962219238, Berlin,0.6005579829216003,-9.172065734863281,0.019754409790039062,False,False,0.65
to_Tokyo,is,16,5,2,2.0,-9.132752418518066,2.620874329295475e-05,0.24252156913280487, Berlin,0.6005579829216003,-9.172065734863281,0.039313316345214844,False,False,1.30
to_Tokyo,is,16,10,2,0.0,-9.172065734863281,2.6233399694319814e-05,0.252483069896698, Berlin,0.6005579829216003,-9.172065734863281,0.0,False,False,0.00
to_Tokyo,is,16,10,2,0.5,-9.162164688110352,2.6228946808259934e-05,0.24995297193527222, Berlin,0.6005579829216003,-9.172065734863281,0.009901046752929688,False,False,0.32
to_Tokyo,is,16,10,2,1.0,-9.152311325073242,2.6223320674034767e-05,0.24744915962219238, Berlin,0.6005579829216003,-9.172065734863281,0.019754409790039062,False,False,0.65
to_Tokyo,is,16,10,2,2.0,-9.132752418518066,2.620874329295475e-05,0.24252156913280487, Berlin,0.6005579829216003,-9.172065734863281,0.039313316345214844,False,False,1.30
to_Tokyo,is,17,1,1,0.0,-9.172065734863281,2.6233399694319814e-05,0.252483069896698, Berlin,0.6005579829216003,-9.172065734863281,0.0,False,False,0.00
to_Tokyo,is,17,1,1,0.5,-9.067282676696777,2.7729667635867372e-05,0.2403341829776764, Berlin,0.6005579829216003,-9.172065734863281,0.1047830581665039,False,False,3.50
to_Tokyo,is,17,1,1,1.0,-8.93038272857666,2.9657978302566335e-05,0.2241596132516861, Berlin,0.6005579829216003,-9.172065734863281,0.2416830062866211,False,False,7.01
to_Tokyo,is,17,1,1,2.0,-8.544431686401367,3.5479708458296955e-05,0.18229706585407257, Berlin,0.6005579829216003,-9.172065734863281,0.6276340484619141,False,False,14.01
to_Tokyo,is,17,5,5,0.0,-9.172065734863281,2.6233399694319814e-05,0.252483069896698, Berlin,0.6005579829216003,-9.172065734863281,0.0,False,False,0.00
to_Tokyo,is,17,5,5,0.5,-9.0184326171875,2.761581890808884e-05,0.22793640196323395, Berlin,0.6005579829216003,-9.172065734863281,0.15363311767578125,False,False,3.69
to_Tokyo,is,17,5,5,1.0,-8.823446273803711,2.9496100978576578e-05,0.200326606631279, Berlin,0.6005579829216003,-9.172065734863281,0.3486194610595703,False,False,7.37
to_Tokyo,is,17,5,5,2.0,-8.282872200012207,3.5538363590603694e-05,0.14057332277297974, Berlin,0.6005579829216003,-9.172065734863281,0.8891935348510742,False,False,14.75
to_Tokyo,is,17,10,5,0.0,-9.172065734863281,2.6233399694319814e-05,0.252483069896698, Berlin,0.6005579829216003,-9.172065734863281,0.0,False,False,0.00
to_Tokyo,is,17,10,5,0.5,-9.0184326171875,2.761581890808884e-05,0.22793640196323395, Berlin,0.6005579829216003,-9.172065734863281,0.15363311767578125,False,False,3.69
to_Tokyo,is,17,10,5,1.0,-8.823446273803711,2.9496100978576578e-05,0.200326606631279, Berlin,0.6005579829216003,-9.172065734863281,0.3486194610595703,False,False,7.37
to_Tokyo,is,17,10,5,2.0,-8.282872200012207,3.5538363590603694e-05,0.14057332277297974, Berlin,0.6005579829216003,-9.172065734863281,0.8891935348510742,False,False,14.75
to_Tokyo,is,18,1,1,0.0,-9.172065734863281,2.6233399694319814e-05,0.252483069896698, Berlin,0.6005579829216003,-9.172065734863281,0.0,False,False,0.00
to_Tokyo,is,18,1,1,0.5,-9.122560501098633,2.657074401213322e-05,0.2433779239654541, Berlin,0.6005579829216003,-9.172065734863281,0.04950523376464844,False,False,1.04
to_Tokyo,is,18,1,1,1.0,-9.070381164550781,2.6924721169052646e-05,0.23408184945583344, Berlin,0.6005579829216003,-9.172065734863281,0.1016845703125,False,False,2.09
to_Tokyo,is,18,1,1,2.0,-8.957826614379883,2.767830665106885e-05,0.215017631649971, Berlin,0.6005579829216003,-9.172065734863281,0.21423912048339844,False,False,4.18
to_Tokyo,is,18,5,5,0.0,-9.172065734863281,2.6233399694319814e-05,0.252483069896698, Berlin,0.6005579829216003,-9.172065734863281,0.0,False,False,0.00
to_Tokyo,is,18,5,5,0.5,-9.082094192504883,2.7055737518821843e-05,0.23799218237400055, Berlin,0.6005579829216003,-9.172065734863281,0.08997154235839844,False,False,1.34
to_Tokyo,is,18,5,5,1.0,-8.988130569458008,2.7915642931475304e-05,0.2235337495803833, Berlin,0.6005579829216003,-9.172065734863281,0.18393516540527344,False,False,2.69
to_Tokyo,is,18,5,5,2.0,-8.78810977935791,2.9745875508524477e-05,0.19500884413719177, Berlin,0.6005579829216003,-9.172065734863281,0.3839559555053711,False,False,5.38
to_Tokyo,is,18,10,10,0.0,-9.172065734863281,2.6233399694319814e-05,0.252483069896698, Berlin,0.6005579829216003,-9.172065734863281,0.0,False,False,0.00
to_Tokyo,is,18,10,10,0.5,-9.066941261291504,2.7274780222796835e-05,0.23631080985069275, Berlin,0.6005579829216003,-9.172065734863281,0.10512447357177734,False,False,1.68
to_Tokyo,is,18,10,10,1.0,-8.958284378051758,2.833089638443198e-05,0.22018814086914062, Berlin,0.6005579829216003,-9.172065734863281,0.21378135681152344,False,False,3.35
to_Tokyo,is,18,10,10,2.0,-8.730289459228516,3.046269375772681e-05,0.18848848342895508, Berlin,0.6005579829216003,-9.172065734863281,0.4417762756347656,False,False,6.71
to_Tokyo,is,19,1,1,0.0,-9.172065734863281,2.6233399694319814e-05,0.252483069896698, Berlin,0.6005579829216003,-9.172065734863281,0.0,False,False,0.00
to_Tokyo,is,19,1,1,0.5,-9.055116653442383,2.6377145331935026e-05,0.22584743797779083, Berlin,0.6005579829216003,-9.172065734863281,0.11694908142089844,False,False,3.35
to_Tokyo,is,19,1,1,1.0,-8.936542510986328,2.6276065909769386e-05,0.19982580840587616, Berlin,0.6005579829216003,-9.172065734863281,0.23552322387695312,False,False,6.71
to_Tokyo,is,19,1,1,2.0,-8.692632675170898,2.529196353862062e-05,0.15071092545986176, Berlin,0.6005579829216003,-9.172065734863281,0.4794330596923828,False,False,13.41
to_Tokyo,is,19,5,5,0.0,-9.172065734863281,2.6233399694319814e-05,0.252483069896698, Berlin,0.6005579829216003,-9.172065734863281,0.0,False,False,0.00
to_Tokyo,is,19,5,5,0.5,-9.01812744140625,2.6724315830506384e-05,0.2205105572938919, Berlin,0.6005579829216003,-9.172065734863281,0.15393829345703125,False,False,3.70
to_Tokyo,is,19,5,5,1.0,-8.862676620483398,2.6948071536025964e-05,0.19034405052661896, Berlin,0.6005579829216003,-9.172065734863281,0.3093891143798828,False,False,7.41
to_Tokyo,is,19,5,5,2.0,-8.545299530029297,2.6563699066173285e-05,0.1366044580936432, Berlin,0.6005579829216003,-9.172065734863281,0.6267662048339844,False,False,14.81
to_Tokyo,is,19,10,7,0.0,-9.172065734863281,2.6233399694319814e-05,0.252483069896698, Berlin,0.6005579829216003,-9.172065734863281,0.0,False,False,0.00
to_Tokyo,is,19,10,7,0.5,-9.016850471496582,2.673173185030464e-05,0.22029027342796326, Berlin,0.6005579829216003,-9.172065734863281,0.15521526336669922,False,False,3.71
to_Tokyo,is,19,10,7,1.0,-8.861272811889648,2.6918225557892583e-05,0.1898665428161621, Berlin,0.6005579829216003,-9.172065734863281,0.3107929229736328,False,False,7.42
to_Tokyo,is,19,10,7,2.0,-8.547880172729492,2.6324600185034797e-05,0.13572467863559723, Berlin,0.6005579829216003,-9.172065734863281,0.6241855621337891,False,False,14.84
to_Tokyo,is,20,1,1,0.0,-9.172065734863281,2.6233399694319814e-05,0.252483069896698, Berlin,0.6005579829216003,-9.172065734863281,0.0,False,False,0.00
to_Tokyo,is,20,1,1,0.5,-8.876495361328125,3.7911035178694874e-05,0.27150556445121765, Berlin,0.6005579829216003,-9.172065734863281,0.29557037353515625,False,False,11.08
to_Tokyo,is,20,1,1,1.0,-8.559364318847656,5.592147499555722e-05,0.2916509211063385, Berlin,0.6005579829216003,-9.172065734863281,0.612701416015625,False,False,22.16
to_Tokyo,is,20,1,1,2.0,-6.691333770751953,0.00039446624577976763,0.3177014887332916, Berlin,0.6005579829216003,-9.172065734863281,2.480731964111328,False,False,44.31
to_Tokyo,is,20,5,5,0.0,-9.172065734863281,2.6233399694319814e-05,0.252483069896698, Berlin,0.6005579829216003,-9.172065734863281,0.0,False,False,0.00
to_Tokyo,is,20,5,5,0.5,-8.668598175048828,4.5638600568054244e-05,0.26549509167671204, Berlin,0.6005579829216003,-9.172065734863281,0.5034675598144531,False,False,13.40
to_Tokyo,is,20,5,5,1.0,-8.083622932434082,8.587601041654125e-05,0.2783201038837433, Berlin,0.6005579829216003,-9.172065734863281,1.0884428024291992,False,False,26.79
to_Tokyo,is,20,5,5,2.0,-5.029841423034668,0.0016369776567444205,0.25030815601348877, Berlin,0.6005579829216003,-9.172065734863281,4.142224311828613,False,False,53.58
to_Tokyo,is,20,10,10,0.0,-9.172065734863281,2.6233399694319814e-05,0.252483069896698, Berlin,0.6005579829216003,-9.172065734863281,0.0,False,False,0.00
to_Tokyo,is,20,10,10,0.5,-8.631696701049805,4.30748077633325e-05,0.24150243401527405, Berlin,0.6005579829216003,-9.172065734863281,0.5403690338134766,False,False,16.48
to_Tokyo,is,20,10,10,1.0,-8.034320831298828,7.368447404587641e-05,0.22731976211071014, Berlin,0.6005579829216003,-9.172065734863281,1.1377449035644531,False,False,32.96
to_Tokyo,is,20,10,10,2.0,-5.267597198486328,0.0008293050341308117,0.16084319353103638, Berlin,0.6005579829216003,-9.172065734863281,3.904468536376953,False,False,65.92
to_Tokyo,is,21,1,1,0.0,-9.172065734863281,2.6233399694319814e-05,0.252483069896698, Berlin,0.6005579829216003,-9.172065734863281,0.0,False,False,0.00
to_Tokyo,is,21,1,1,0.5,-7.985989570617676,8.205240010283887e-05,0.24119170010089874, Berlin,0.6005579829216003,-9.172065734863281,1.1860761642456055,False,False,22.10
to_Tokyo,is,21,1,1,1.0,-6.423366546630859,0.00034902594052255154,0.21502567827701569, Berlin,0.6005579829216003,-9.172065734863281,2.748699188232422,False,False,44.20
to_Tokyo,is,21,1,1,2.0,-3.6557397842407227,0.003599304473027587,0.13927918672561646, Berlin,0.6005579829216003,-9.172065734863281,5.516325950622559,False,False,88.40
to_Tokyo,is,21,5,4,0.0,-9.172065734863281,2.6233399694319814e-05,0.252483069896698, Berlin,0.6005579829216003,-9.172065734863281,0.0,False,False,0.00
to_Tokyo,is,21,5,4,0.5,-7.939641952514648,8.812058513285592e-05,0.2472977340221405, Berlin,0.6005579829216003,-9.172065734863281,1.2324237823486328,False,False,22.25
to_Tokyo,is,21,5,4,1.0,-6.351241111755371,0.0003953545237891376,0.226618692278862, Berlin,0.6005579829216003,-9.172065734863281,2.82082462310791,False,False,44.49
to_Tokyo,is,21,5,4,2.0,-3.562671661376953,0.004485337994992733,0.15814076364040375, Berlin,0.6005579829216003,-9.172065734863281,5.609394073486328,False,False,88.98
to_Tokyo,is,21,10,4,0.0,-9.172065734863281,2.6233399694319814e-05,0.252483069896698, Berlin,0.6005579829216003,-9.172065734863281,0.0,False,False,0.00
to_Tokyo,is,21,10,4,0.5,-7.939641952514648,8.812058513285592e-05,0.2472977340221405, Berlin,0.6005579829216003,-9.172065734863281,1.2324237823486328,False,False,22.25
to_Tokyo,is,21,10,4,1.0,-6.351241111755371,0.0003953545237891376,0.226618692278862, Berlin,0.6005579829216003,-9.172065734863281,2.82082462310791,False,False,44.49
to_Tokyo,is,21,10,4,2.0,-3.562671661376953,0.004485337994992733,0.15814076364040375, Berlin,0.6005579829216003,-9.172065734863281,5.609394073486328,False,False,88.98
to_Tokyo,is,22,1,1,0.0,-9.172065734863281,2.6233399694319814e-05,0.252483069896698, Berlin,0.6005579829216003,-9.172065734863281,0.0,False,False,0.00
to_Tokyo,is,22,1,1,0.5,-8.770423889160156,3.659499634522945e-05,0.23570477962493896, Berlin,0.6005579829216003,-9.172065734863281,0.401641845703125,False,False,43.03
to_Tokyo,is,22,1,1,1.0,-8.012825012207031,5.932322528678924e-05,0.17912259697914124, Berlin,0.6005579829216003,-9.172065734863281,1.15924072265625,False,False,86.06
to_Tokyo,is,22,1,1,2.0,-5.239174842834473,0.00023889256408438087,0.04503468796610832, the,0.6005579829216003,-9.172065734863281,3.9328908920288086,False,False,172.11
to_Tokyo,is,22,5,5,0.0,-9.172065734863281,2.6233399694319814e-05,0.252483069896698, Berlin,0.6005579829216003,-9.172065734863281,0.0,False,False,0.00
to_Tokyo,is,22,5,5,0.5,-8.505220413208008,4.4464955863077193e-05,0.21967874467372894, Berlin,0.6005579829216003,-9.172065734863281,0.6668453216552734,False,False,46.85
to_Tokyo,is,22,5,5,1.0,-7.483154773712158,8.39477579575032e-05,0.14924569427967072, Berlin,0.6005579829216003,-9.172065734863281,1.688910961151123,False,False,93.71
to_Tokyo,is,22,5,5,2.0,-4.303292274475098,0.00038931157905608416,0.028786802664399147, the,0.6005579829216003,-9.172065734863281,4.868773460388184,False,False,187.42
to_Tokyo,is,22,10,6,0.0,-9.172065734863281,2.6233399694319814e-05,0.252483069896698, Berlin,0.6005579829216003,-9.172065734863281,0.0,False,False,0.00
to_Tokyo,is,22,10,6,0.5,-8.494796752929688,4.518680361798033e-05,0.22093020379543304, Berlin,0.6005579829216003,-9.172065734863281,0.6772689819335938,False,False,46.93
to_Tokyo,is,22,10,6,1.0,-7.457152366638184,8.724966028239578e-05,0.15113455057144165, Berlin,0.6005579829216003,-9.172065734863281,1.7149133682250977,False,False,93.85
to_Tokyo,is,22,10,6,2.0,-4.220093727111816,0.000429009844083339,0.02918977104127407, the,0.6005579829216003,-9.172065734863281,4.951972007751465,False,False,187.71
to_Tokyo,is,23,1,1,0.0,-9.172065734863281,2.6233399694319814e-05,0.252483069896698, Berlin,0.6005579829216003,-9.172065734863281,0.0,False,False,0.00
to_Tokyo,is,23,1,1,0.5,-7.203405380249023,0.00015356547373812646,0.20639193058013916, Berlin,0.6005579829216003,-9.172065734863281,1.9686603546142578,False,False,36.69
to_Tokyo,is,23,1,1,1.0,-5.314519882202148,0.0007254338124766946,0.14745666086673737, Berlin,0.6005579829216003,-9.172065734863281,3.857545852661133,False,False,73.38
to_Tokyo,is,23,1,1,2.0,-1.8390932083129883,0.007228030823171139,0.04547032341361046, a,0.6005579829216003,-9.172065734863281,7.332972526550293,False,False,146.75
to_Tokyo,is,23,5,5,0.0,-9.172065734863281,2.6233399694319814e-05,0.252483069896698, Berlin,0.6005579829216003,-9.172065734863281,0.0,False,False,0.00
to_Tokyo,is,23,5,5,0.5,-6.9547624588012695,0.00020183318702038378,0.21154731512069702, Berlin,0.6005579829216003,-9.172065734863281,2.2173032760620117,False,False,41.29
to_Tokyo,is,23,5,5,1.0,-4.851375579833984,0.0011467242147773504,0.14668463170528412, Berlin,0.6005579829216003,-9.172065734863281,4.320690155029297,False,False,82.57
to_Tokyo,is,23,5,5,2.0,-1.0685796737670898,0.012559471651911736,0.03656366094946861, a,0.6005579829216003,-9.172065734863281,8.103486061096191,False,False,165.15
to_Tokyo,is,23,10,10,0.0,-9.172065734863281,2.6233399694319814e-05,0.252483069896698, Berlin,0.6005579829216003,-9.172065734863281,0.0,False,False,0.00
to_Tokyo,is,23,10,10,0.5,-6.914581775665283,0.00020332870190031826,0.20472151041030884, Berlin,0.6005579829216003,-9.172065734863281,2.257483959197998,False,False,41.85
to_Tokyo,is,23,10,10,1.0,-4.778351783752441,0.0011598642449826002,0.13791736960411072, Berlin,0.6005579829216003,-9.172065734863281,4.39371395111084,False,False,83.71
to_Tokyo,is,23,10,10,2.0,-0.9753866195678711,0.012760916724801064,0.033844415098428726, a,0.6005579829216003,-9.172065734863281,8.19667911529541,False,False,167.41
to_Tokyo,is,24,1,1,0.0,-9.172065734863281,2.6233399694319814e-05,0.252483069896698, Berlin,0.6005579829216003,-9.172065734863281,0.0,False,False,0.00
to_Tokyo,is,24,1,1,0.5,-9.040221214294434,2.9085229471093044e-05,0.24535249173641205, Berlin,0.6005579829216003,-9.172065734863281,0.13184452056884766,False,False,10.49
to_Tokyo,is,24,1,1,1.0,-8.899139404296875,3.238302087993361e-05,0.23722726106643677, Berlin,0.6005579829216003,-9.172065734863281,0.27292633056640625,False,False,20.98
to_Tokyo,is,24,1,1,2.0,-8.592317581176758,4.053498196299188e-05,0.2184872329235077, Berlin,0.6005579829216003,-9.172065734863281,0.5797481536865234,False,False,41.96
to_Tokyo,is,24,5,5,0.0,-9.172065734863281,2.6233399694319814e-05,0.252483069896698, Berlin,0.6005579829216003,-9.172065734863281,0.0,False,False,0.00
to_Tokyo,is,24,5,5,0.5,-9.010443687438965,2.8676991860265844e-05,0.23481158912181854, Berlin,0.6005579829216003,-9.172065734863281,0.1616220474243164,False,False,13.41
to_Tokyo,is,24,5,5,1.0,-8.839223861694336,3.1423449399881065e-05,0.216810405254364, Berlin,0.6005579829216003,-9.172065734863281,0.3328418731689453,False,False,26.82
to_Tokyo,is,24,5,5,2.0,-8.47325325012207,3.782725252676755e-05,0.181005597114563, Berlin,0.6005579829216003,-9.172065734863281,0.6988124847412109,False,False,53.65
to_Tokyo,is,24,10,6,0.0,-9.172065734863281,2.6233399694319814e-05,0.252483069896698, Berlin,0.6005579829216003,-9.172065734863281,0.0,False,False,0.00
to_Tokyo,is,24,10,6,0.5,-9.010255813598633,2.8681341063929722e-05,0.23480306565761566, Berlin,0.6005579829216003,-9.172065734863281,0.16180992126464844,False,False,13.41
to_Tokyo,is,24,10,6,1.0,-8.838829040527344,3.1433581170858815e-05,0.2167946994304657, Berlin,0.6005579829216003,-9.172065734863281,0.3332366943359375,False,False,26.82
to_Tokyo,is,24,10,6,2.0,-8.47238540649414,3.7854930269531906e-05,0.18098078668117523, Berlin,0.6005579829216003,-9.172065734863281,0.6996803283691406,False,False,53.65
to_Tokyo,is,25,1,1,0.0,-9.172065734863281,2.6233399694319814e-05,0.252483069896698, Berlin,0.6005579829216003,-9.172065734863281,0.0,False,False,0.00
to_Tokyo,is,25,1,1,0.5,-9.00113296508789,2.9202965379226953e-05,0.23690225183963776, Berlin,0.6005579829216003,-9.172065734863281,0.17093276977539062,False,False,15.59
to_Tokyo,is,25,1,1,1.0,-8.814596176147461,3.267879947088659e-05,0.21998678147792816, Berlin,0.6005579829216003,-9.172065734863281,0.3574695587158203,False,False,31.19
to_Tokyo,is,25,1,1,2.0,-8.401870727539062,4.144565900787711e-05,0.1846567690372467, Berlin,0.6005579829216003,-9.172065734863281,0.7701950073242188,False,False,62.37
to_Tokyo,is,25,5,5,0.0,-9.172065734863281,2.6233399694319814e-05,0.252483069896698, Berlin,0.6005579829216003,-9.172065734863281,0.0,False,False,0.00
to_Tokyo,is,25,5,5,0.5,-8.827224731445312,3.2535539503442124e-05,0.22180593013763428, Berlin,0.6005579829216003,-9.172065734863281,0.34484100341796875,False,False,24.31
to_Tokyo,is,25,5,5,1.0,-8.452871322631836,4.054762757732533e-05,0.19010818004608154, Berlin,0.6005579829216003,-9.172065734863281,0.7191944122314453,False,False,48.63
to_Tokyo,is,25,5,5,2.0,-7.648369312286377,6.290041346801445e-05,0.13191619515419006, Berlin,0.6005579829216003,-9.172065734863281,1.5236964225769043,False,False,97.25
to_Tokyo,is,25,10,8,0.0,-9.172065734863281,2.6233399694319814e-05,0.252483069896698, Berlin,0.6005579829216003,-9.172065734863281,0.0,False,False,0.00
to_Tokyo,is,25,10,8,0.5,-8.822222709655762,3.196697434759699e-05,0.21684235334396362, Berlin,0.6005579829216003,-9.172065734863281,0.34984302520751953,False,False,24.60
to_Tokyo,is,25,10,8,1.0,-8.442758560180664,3.899732109857723e-05,0.1809997856616974, Berlin,0.6005579829216003,-9.172065734863281,0.7293071746826172,False,False,49.20
to_Tokyo,is,25,10,8,2.0,-7.629495620727539,5.73930810787715e-05,0.11811565607786179, Berlin,0.6005579829216003,-9.172065734863281,1.5425701141357422,False,False,98.40
to_Tokyo,is,26,1,1,0.0,-9.172065734863281,2.6233399694319814e-05,0.252483069896698, Berlin,0.6005579829216003,-9.172065734863281,0.0,False,False,0.00
to_Tokyo,is,26,1,1,0.5,-9.008377075195312,3.1110386771615595e-05,0.25421077013015747, Berlin,0.6005579829216003,-9.172065734863281,0.16368865966796875,False,False,18.90
to_Tokyo,is,26,1,1,1.0,-8.842463493347168,3.662240123958327e-05,0.25350114703178406, Berlin,0.6005579829216003,-9.172065734863281,0.3296022415161133,False,False,37.79
to_Tokyo,is,26,1,1,2.0,-8.507013320922852,4.9623169616097584e-05,0.24560293555259705, Berlin,0.6005579829216003,-9.172065734863281,0.6650524139404297,False,False,75.59
to_Tokyo,is,26,5,5,0.0,-9.172065734863281,2.6233399694319814e-05,0.252483069896698, Berlin,0.6005579829216003,-9.172065734863281,0.0,False,False,0.00
to_Tokyo,is,26,5,5,0.5,-8.901278495788574,3.514108175295405e-05,0.25798317790031433, Berlin,0.6005579829216003,-9.172065734863281,0.27078723907470703,False,False,25.21
to_Tokyo,is,26,5,5,1.0,-8.640253067016602,4.577874642563984e-05,0.25886794924736023, Berlin,0.6005579829216003,-9.172065734863281,0.5318126678466797,False,False,50.41
to_Tokyo,is,26,5,5,2.0,-8.152811050415039,7.167302828747779e-05,0.24892960488796234, Berlin,0.6005579829216003,-9.172065734863281,1.0192546844482422,False,False,100.82
to_Tokyo,is,26,10,7,0.0,-9.172065734863281,2.6233399694319814e-05,0.252483069896698, Berlin,0.6005579829216003,-9.172065734863281,0.0,False,False,0.00
to_Tokyo,is,26,10,7,0.5,-8.888092041015625,3.590025880839676e-05,0.2601040005683899, Berlin,0.6005579829216003,-9.172065734863281,0.28397369384765625,False,False,27.44
to_Tokyo,is,26,10,7,1.0,-8.61836051940918,4.730914224637672e-05,0.2617287337779999, Berlin,0.6005579829216003,-9.172065734863281,0.5537052154541016,False,False,54.88
to_Tokyo,is,26,10,7,2.0,-8.127849578857422,7.395713328151032e-05,0.2505303919315338, Berlin,0.6005579829216003,-9.172065734863281,1.0442161560058594,False,False,109.77
to_Tokyo,is,27,1,1,0.0,-9.172065734863281,2.6233399694319814e-05,0.252483069896698, Berlin,0.6005579829216003,-9.172065734863281,0.0,False,False,0.00
to_Tokyo,is,27,1,1,0.5,-8.919755935668945,3.107074735453352e-05,0.23235519230365753, Berlin,0.6005579829216003,-9.172065734863281,0.25230979919433594,False,False,16.21
to_Tokyo,is,27,1,1,1.0,-8.674373626708984,3.642400406533852e-05,0.21311801671981812, Berlin,0.6005579829216003,-9.172065734863281,0.4976921081542969,False,False,32.43
to_Tokyo,is,27,1,1,2.0,-8.205083847045898,4.8532121581956744e-05,0.17760364711284637, Berlin,0.6005579829216003,-9.172065734863281,0.9669818878173828,False,False,64.85
to_Tokyo,is,27,5,5,0.0,-9.172065734863281,2.6233399694319814e-05,0.252483069896698, Berlin,0.6005579829216003,-9.172065734863281,0.0,False,False,0.00
to_Tokyo,is,27,5,5,0.5,-8.884563446044922,3.172210927004926e-05,0.22902297973632812, Berlin,0.6005579829216003,-9.172065734863281,0.2875022888183594,False,False,16.71
to_Tokyo,is,27,5,5,1.0,-8.602360725402832,3.7842259189346805e-05,0.20603200793266296, Berlin,0.6005579829216003,-9.172065734863281,0.5697050094604492,False,False,33.42
to_Tokyo,is,27,5,5,2.0,-8.056229591369629,5.158625208423473e-05,0.16267091035842896, Berlin,0.6005579829216003,-9.172065734863281,1.1158361434936523,False,False,66.83
to_Tokyo,is,27,10,6,0.0,-9.172065734863281,2.6233399694319814e-05,0.252483069896698, Berlin,0.6005579829216003,-9.172065734863281,0.0,False,False,0.00
to_Tokyo,is,27,10,6,0.5,-8.884563446044922,3.172210927004926e-05,0.22902297973632812, Berlin,0.6005579829216003,-9.172065734863281,0.2875022888183594,False,False,16.71
to_Tokyo,is,27,10,6,1.0,-8.602360725402832,3.7842259189346805e-05,0.20603200793266296, Berlin,0.6005579829216003,-9.172065734863281,0.5697050094604492,False,False,33.42
to_Tokyo,is,27,10,6,2.0,-8.056229591369629,5.158625208423473e-05,0.16267091035842896, Berlin,0.6005579829216003,-9.172065734863281,1.1158361434936523,False,False,66.83
to_Tokyo,country,0,1,1,0.0,-9.172065734863281,2.6233399694319814e-05,0.252483069896698, Berlin,0.6005579829216003,-9.172065734863281,0.0,False,False,0.00
to_Tokyo,country,0,1,1,0.5,-9.043252944946289,2.8699425456579775e-05,0.2428332269191742, Berlin,0.600218653678894,-9.172065734863281,0.1288127899169922,False,False,0.40
to_Tokyo,country,0,1,1,1.0,-8.910139083862305,3.147927054669708e-05,0.23315730690956116, Berlin,0.5995082259178162,-9.172065734863281,0.26192665100097656,False,False,0.79
to_Tokyo,country,0,1,1,2.0,-8.62984848022461,3.822933285846375e-05,0.21394020318984985, Berlin,0.5965282320976257,-9.172065734863281,0.5422172546386719,False,False,1.58
to_Tokyo,country,0,5,5,0.0,-9.172065734863281,2.6233399694319814e-05,0.252483069896698, Berlin,0.6005579829216003,-9.172065734863281,0.0,False,False,0.00
to_Tokyo,country,0,5,5,0.5,-8.724884033203125,3.6334422475192696e-05,0.22360804677009583, Berlin,0.6104236841201782,-9.172065734863281,0.44718170166015625,False,False,1.26
to_Tokyo,country,0,5,5,1.0,-8.291943550109863,5.061763295088895e-05,0.20204460620880127, Berlin,0.6213814616203308,-9.172065734863281,0.880122184753418,False,False,2.52
to_Tokyo,country,0,5,5,2.0,-7.18381929397583,0.0001375409192405641,0.18126952648162842, Berlin,0.6388255953788757,-9.172065734863281,1.9882464408874512,False,False,5.03
to_Tokyo,country,0,10,10,0.0,-9.172065734863281,2.6233399694319814e-05,0.252483069896698, Berlin,0.6005579829216003,-9.172065734863281,0.0,False,False,0.00
to_Tokyo,country,0,10,10,0.5,-8.527689933776855,4.236729728290811e-05,0.21407176554203033, Berlin,0.6122370958328247,-9.172065734863281,0.6443758010864258,False,False,1.56
to_Tokyo,country,0,10,10,1.0,-7.872053623199463,7.02387114870362e-05,0.18423232436180115, Berlin,0.6215997934341431,-9.172065734863281,1.3000121116638184,False,False,3.12
to_Tokyo,country,0,10,10,2.0,-6.058101654052734,0.0003360079135745764,0.14366456866264343, Berlin,0.6277133822441101,-9.172065734863281,3.113964080810547,False,False,6.24
to_Tokyo,country,1,1,1,0.0,-9.172065734863281,2.6233399694319814e-05,0.252483069896698, Berlin,0.6005579829216003,-9.172065734863281,0.0,False,False,0.00
to_Tokyo,country,1,1,1,0.5,-9.003849029541016,2.95518220809754e-05,0.24038441479206085, Berlin,0.5954897403717041,-9.172065734863281,0.16821670532226562,False,False,1.10
to_Tokyo,country,1,1,1,1.0,-8.794435501098633,3.3688367693684995e-05,0.2222566157579422, Berlin,0.5917595028877258,-9.172065734863281,0.37763023376464844,False,False,2.20
to_Tokyo,country,1,1,1,2.0,-8.333319664001465,4.382576298667118e-05,0.1823240965604782, Berlin,0.5881857872009277,-9.172065734863281,0.8387460708618164,False,False,4.40
to_Tokyo,country,1,5,5,0.0,-9.172065734863281,2.6233399694319814e-05,0.252483069896698, Berlin,0.6005579829216003,-9.172065734863281,0.0,False,False,0.00
to_Tokyo,country,1,5,5,0.5,-8.557950973510742,3.670390651677735e-05,0.19115379452705383, Berlin,0.6018234491348267,-9.172065734863281,0.6141147613525391,False,False,1.65
to_Tokyo,country,1,5,5,1.0,-7.886847019195557,5.207416324992664e-05,0.13862338662147522, Berlin,0.601433515548706,-9.172065734863281,1.2852187156677246,False,False,3.30
to_Tokyo,country,1,5,5,2.0,-7.187920093536377,8.028591400943696e-05,0.10624616593122482, Berlin,0.5948920249938965,-9.172065734863281,1.9841456413269043,False,False,6.59
to_Tokyo,country,1,10,9,0.0,-9.172065734863281,2.6233399694319814e-05,0.252483069896698, Berlin,0.6005579829216003,-9.172065734863281,0.0,False,False,0.00
to_Tokyo,country,1,10,9,0.5,-8.55803108215332,3.679393921629526e-05,0.19163811206817627, Berlin,0.6013206243515015,-9.172065734863281,0.6140346527099609,False,False,1.70
to_Tokyo,country,1,10,9,1.0,-7.894439220428467,5.19431741849985e-05,0.1393285095691681, Berlin,0.6011551022529602,-9.172065734863281,1.2776265144348145,False,False,3.41
to_Tokyo,country,1,10,9,2.0,-7.141364574432373,7.773782272124663e-05,0.09819456934928894, Berlin,0.5955959558486938,-9.172065734863281,2.030701160430908,False,False,6.81
to_Tokyo,country,2,1,1,0.0,-9.172065734863281,2.6233399694319814e-05,0.252483069896698, Berlin,0.6005579829216003,-9.172065734863281,0.0,False,False,0.00
to_Tokyo,country,2,1,1,0.5,-9.012474060058594,2.7427029635873623e-05,0.22503311932086945, Berlin,0.599274754524231,-9.172065734863281,0.1595916748046875,False,False,0.75
to_Tokyo,country,2,1,1,1.0,-8.831645011901855,2.8818762075388804e-05,0.19733759760856628, Berlin,0.5978200435638428,-9.172065734863281,0.3404207229614258,False,False,1.51
to_Tokyo,country,2,1,1,2.0,-8.399580001831055,3.210556315025315e-05,0.14271560311317444, Berlin,0.5928179025650024,-9.172065734863281,0.7724857330322266,False,False,3.02
to_Tokyo,country,2,5,5,0.0,-9.172065734863281,2.6233399694319814e-05,0.252483069896698, Berlin,0.6005579829216003,-9.172065734863281,0.0,False,False,0.00
to_Tokyo,country,2,5,5,0.5,-8.68344783782959,2.9233309760456905e-05,0.17260421812534332, Berlin,0.5935906767845154,-9.172065734863281,0.4886178970336914,False,False,1.24
to_Tokyo,country,2,5,5,1.0,-8.007747650146484,3.349180769873783e-05,0.10061408579349518, a,0.586124062538147,-9.172065734863281,1.1643180847167969,False,False,2.48
to_Tokyo,country,2,5,5,2.0,-6.348189830780029,4.327202623244375e-05,0.024728117510676384, a,0.5724935531616211,-9.172065734863281,2.823875904083252,False,False,4.96
to_Tokyo,country,2,10,8,0.0,-9.172065734863281,2.6233399694319814e-05,0.252483069896698, Berlin,0.6005579829216003,-9.172065734863281,0.0,False,False,0.00
to_Tokyo,country,2,10,8,0.5,-8.666991233825684,2.8822085369029082e-05,0.16739867627620697, Berlin,0.5930314064025879,-9.172065734863281,0.5050745010375977,False,False,1.29
to_Tokyo,country,2,10,8,1.0,-7.947638034820557,3.250316149205901e-05,0.09194767475128174, a,0.5844690799713135,-9.172065734863281,1.2244277000427246,False,False,2.58
to_Tokyo,country,2,10,8,2.0,-6.106854438781738,3.912759348168038e-05,0.017565330490469933, a,0.5653872489929199,-9.172065734863281,3.065211296081543,False,False,5.16
to_Tokyo,country,3,1,1,0.0,-9.172065734863281,2.6233399694319814e-05,0.252483069896698, Berlin,0.6005579829216003,-9.172065734863281,0.0,False,False,0.00
to_Tokyo,country,3,1,1,0.5,-9.002511024475098,2.734846384555567e-05,0.22216397523880005, Berlin,0.6018601655960083,-9.172065734863281,0.1695547103881836,False,False,1.06
to_Tokyo,country,3,1,1,1.0,-8.821598052978516,2.8111067877034657e-05,0.1905674785375595, Berlin,0.6051461696624756,-9.172065734863281,0.3504676818847656,False,False,2.11
to_Tokyo,country,3,1,1,2.0,-8.473270416259766,2.7505717298481613e-05,0.1316186785697937, Berlin,0.6157379746437073,-9.172065734863281,0.6987953186035156,False,False,4.22
to_Tokyo,country,3,5,5,0.0,-9.172065734863281,2.6233399694319814e-05,0.252483069896698, Berlin,0.6005579829216003,-9.172065734863281,0.0,False,False,0.00
to_Tokyo,country,3,5,5,0.5,-8.897953033447266,2.6036897907033563e-05,0.190511554479599, Berlin,0.6074727177619934,-9.172065734863281,0.2741127014160156,False,False,1.72
to_Tokyo,country,3,5,5,1.0,-8.525136947631836,2.5670320610515773e-05,0.12937526404857635, Berlin,0.6206811666488647,-9.172065734863281,0.6469287872314453,False,False,3.45
to_Tokyo,country,3,5,5,2.0,-7.671182155609131,2.4431752535747364e-05,0.05242115259170532, a,0.661705493927002,-9.172065734863281,1.5008835792541504,False,False,6.90
to_Tokyo,country,3,10,6,0.0,-9.172065734863281,2.6233399694319814e-05,0.252483069896698, Berlin,0.6005579829216003,-9.172065734863281,0.0,False,False,0.00
to_Tokyo,country,3,10,6,0.5,-8.897846221923828,2.6037791030830704e-05,0.19049768149852753, Berlin,0.6074758768081665,-9.172065734863281,0.2742195129394531,False,False,1.72
to_Tokyo,country,3,10,6,1.0,-8.52484130859375,2.567227784311399e-05,0.12934693694114685, Berlin,0.62068772315979,-9.172065734863281,0.6472244262695312,False,False,3.45
to_Tokyo,country,3,10,6,2.0,-7.670121669769287,2.443492121528834e-05,0.052372418344020844, a,0.6617288589477539,-9.172065734863281,1.5019440650939941,False,False,6.90
to_Tokyo,country,4,1,1,0.0,-9.172065734863281,2.6233399694319814e-05,0.252483069896698, Berlin,0.6005579829216003,-9.172065734863281,0.0,False,False,0.00
to_Tokyo,country,4,1,1,0.5,-8.944719314575195,2.9155740776332095e-05,0.22354578971862793, Berlin,0.601279616355896,-9.172065734863281,0.22734642028808594,False,False,1.39
to_Tokyo,country,4,1,1,1.0,-8.720369338989258,3.233636016375385e-05,0.1981068253517151, Berlin,0.5992822647094727,-9.172065734863281,0.45169639587402344,False,False,2.77
to_Tokyo,country,4,1,1,2.0,-8.251294136047363,4.015534068457782e-05,0.15389861166477203, Berlin,0.5848766565322876,-9.172065734863281,0.920771598815918,False,False,5.55
to_Tokyo,country,4,5,5,0.0,-9.172065734863281,2.6233399694319814e-05,0.252483069896698, Berlin,0.6005579829216003,-9.172065734863281,0.0,False,False,0.00
to_Tokyo,country,4,5,5,0.5,-8.540395736694336,3.501148967188783e-05,0.17916680872440338, Berlin,0.5858360528945923,-9.172065734863281,0.6316699981689453,False,False,2.80
to_Tokyo,country,4,5,5,1.0,-7.971836566925049,4.4714532123180106e-05,0.12959054112434387, Berlin,0.5650058388710022,-9.172065734863281,1.2002291679382324,False,False,5.60
to_Tokyo,country,4,5,5,2.0,-4.016232013702393,0.00020450973534025252,0.011348571628332138, a,0.4742076098918915,-9.172065734863281,5.155833721160889,False,False,11.21
to_Tokyo,country,4,10,9,0.0,-9.172065734863281,2.6233399694319814e-05,0.252483069896698, Berlin,0.6005579829216003,-9.172065734863281,0.0,False,False,0.00
to_Tokyo,country,4,10,9,0.5,-8.546188354492188,3.511133400024846e-05,0.18072153627872467, Berlin,0.5867668390274048,-9.172065734863281,0.6258773803710938,False,False,2.82
to_Tokyo,country,4,10,9,1.0,-7.999139308929443,4.467033068067394e-05,0.13304585218429565, Berlin,0.5668923854827881,-9.172065734863281,1.172926425933838,False,False,5.64
to_Tokyo,country,4,10,9,2.0,-4.206882953643799,0.00021493084204848856,0.014431949704885483, a,0.4807732105255127,-9.172065734863281,4.965182781219482,False,False,11.29
to_Tokyo,country,5,1,1,0.0,-9.172065734863281,2.6233399694319814e-05,0.252483069896698, Berlin,0.6005579829216003,-9.172065734863281,0.0,False,False,0.00
to_Tokyo,country,5,1,1,0.5,-8.898750305175781,2.9799964977428317e-05,0.218219593167305, Berlin,0.5966424345970154,-9.172065734863281,0.2733154296875,False,False,1.75
to_Tokyo,country,5,1,1,1.0,-8.598688125610352,3.429147182032466e-05,0.18601535260677338, Berlin,0.5928384065628052,-9.172065734863281,0.5733776092529297,False,False,3.49
to_Tokyo,country,5,1,1,2.0,-7.9740424156188965,4.686297324951738e-05,0.13611701130867004, Berlin,0.5859599709510803,-9.172065734863281,1.1980233192443848,False,False,6.99
to_Tokyo,country,5,5,5,0.0,-9.172065734863281,2.6233399694319814e-05,0.252483069896698, Berlin,0.6005579829216003,-9.172065734863281,0.0,False,False,0.00
to_Tokyo,country,5,5,5,0.5,-8.435752868652344,3.964371353504248e-05,0.1827155202627182, Berlin,0.5809747576713562,-9.172065734863281,0.7363128662109375,False,False,2.99
to_Tokyo,country,5,5,5,1.0,-7.7057600021362305,6.654894968960434e-05,0.147812157869339, Berlin,0.5574631690979004,-9.172065734863281,1.4663057327270508,False,False,5.98
to_Tokyo,country,5,5,5,2.0,-6.001452445983887,0.0003256603959016502,0.1315716803073883, Berlin,0.5142365097999573,-9.172065734863281,3.1706132888793945,False,False,11.95
to_Tokyo,country,5,10,6,0.0,-9.172065734863281,2.6233399694319814e-05,0.252483069896698, Berlin,0.6005579829216003,-9.172065734863281,0.0,False,False,0.00
to_Tokyo,country,5,10,6,0.5,-8.393403053283691,3.935554195777513e-05,0.17386598885059357, Berlin,0.5761143565177917,-9.172065734863281,0.7786626815795898,False,False,3.27
to_Tokyo,country,5,10,6,1.0,-7.573010444641113,6.497536378446966e-05,0.12637628614902496, Berlin,0.5513516068458557,-9.172065734863281,1.599055290222168,False,False,6.54
to_Tokyo,country,5,10,6,2.0,-6.065940856933594,0.00019876507576555014,0.0856534019112587, the,0.5157044529914856,-9.172065734863281,3.1061248779296875,False,False,13.09
to_Tokyo,country,6,1,1,0.0,-9.172065734863281,2.6233399694319814e-05,0.252483069896698, Berlin,0.6005579829216003,-9.172065734863281,0.0,False,False,0.00
to_Tokyo,country,6,1,1,0.5,-9.033284187316895,2.7431084163254127e-05,0.22979910671710968, Berlin,0.5986199378967285,-9.172065734863281,0.13878154754638672,False,False,0.88
to_Tokyo,country,6,1,1,1.0,-8.891698837280273,2.874259553209413e-05,0.2089977264404297, Berlin,0.5960652232170105,-9.172065734863281,0.2803668975830078,False,False,1.76
to_Tokyo,country,6,1,1,2.0,-8.610881805419922,3.174477751599625e-05,0.17431329190731049, Berlin,0.5894948840141296,-9.172065734863281,0.5611839294433594,False,False,3.52
to_Tokyo,country,6,5,4,0.0,-9.172065734863281,2.6233399694319814e-05,0.252483069896698, Berlin,0.6005579829216003,-9.172065734863281,0.0,False,False,0.00
to_Tokyo,country,6,5,4,0.5,-8.830537796020508,3.110498801106587e-05,0.21275702118873596, Berlin,0.5981278419494629,-9.172065734863281,0.34152793884277344,False,False,2.41
to_Tokyo,country,6,5,4,1.0,-8.495195388793945,3.7628316931659356e-05,0.1840481460094452, Berlin,0.5942956209182739,-9.172065734863281,0.6768703460693359,False,False,4.82
to_Tokyo,country,6,5,4,2.0,-7.94071626663208,5.688185046892613e-05,0.15980227291584015, Berlin,0.58571857213974,-9.172065734863281,1.2313494682312012,False,False,9.65
to_Tokyo,country,6,10,4,0.0,-9.172065734863281,2.6233399694319814e-05,0.252483069896698, Berlin,0.6005579829216003,-9.172065734863281,0.0,False,False,0.00
to_Tokyo,country,6,10,4,0.5,-8.830537796020508,3.110498801106587e-05,0.21275702118873596, Berlin,0.5981278419494629,-9.172065734863281,0.34152793884277344,False,False,2.41
to_Tokyo,country,6,10,4,1.0,-8.495195388793945,3.7628316931659356e-05,0.1840481460094452, Berlin,0.5942956209182739,-9.172065734863281,0.6768703460693359,False,False,4.82
to_Tokyo,country,6,10,4,2.0,-7.94071626663208,5.688185046892613e-05,0.15980227291584015, Berlin,0.58571857213974,-9.172065734863281,1.2313494682312012,False,False,9.65
to_Tokyo,country,7,1,1,0.0,-9.172065734863281,2.6233399694319814e-05,0.252483069896698, Berlin,0.6005579829216003,-9.172065734863281,0.0,False,False,0.00
to_Tokyo,country,7,1,1,0.5,-9.08935260772705,2.7023295842809603e-05,0.23943845927715302, Berlin,0.5976750254631042,-9.172065734863281,0.08271312713623047,False,False,1.91
to_Tokyo,country,7,1,1,1.0,-9.007503509521484,2.7403708372730762e-05,0.2237270027399063, Berlin,0.5908970832824707,-9.172065734863281,0.16456222534179688,False,False,3.83
to_Tokyo,country,7,1,1,2.0,-8.823936462402344,2.785482502076775e-05,0.18927231431007385, Berlin,0.563526451587677,-9.172065734863281,0.3481292724609375,False,False,7.66
to_Tokyo,country,7,5,5,0.0,-9.172065734863281,2.6233399694319814e-05,0.252483069896698, Berlin,0.6005579829216003,-9.172065734863281,0.0,False,False,0.00
to_Tokyo,country,7,5,5,0.5,-8.873515129089355,3.373408253537491e-05,0.24087268114089966, Berlin,0.5817553400993347,-9.172065734863281,0.2985506057739258,False,False,2.94
to_Tokyo,country,7,5,5,1.0,-8.494848251342773,4.6650540753034875e-05,0.22809848189353943, Berlin,0.552374541759491,-9.172065734863281,0.6772174835205078,False,False,5.88
to_Tokyo,country,7,5,5,2.0,-6.055942058563232,0.0002569239877630025,0.10961420834064484, Berlin,0.47999340295791626,-9.172065734863281,3.116123676300049,False,False,11.77
to_Tokyo,country,7,10,7,0.0,-9.172065734863281,2.6233399694319814e-05,0.252483069896698, Berlin,0.6005579829216003,-9.172065734863281,0.0,False,False,0.00
to_Tokyo,country,7,10,7,0.5,-8.859699249267578,3.363754876772873e-05,0.23688790202140808, Berlin,0.5798922181129456,-9.172065734863281,0.3123664855957031,False,False,2.97
to_Tokyo,country,7,10,7,1.0,-8.485930442810059,4.58864051324781e-05,0.22237025201320648, Berlin,0.5488086342811584,-9.172065734863281,0.6861352920532227,False,False,5.95
to_Tokyo,country,7,10,7,2.0,-6.158533573150635,0.00023162984871305525,0.10949936509132385, Berlin,0.4736891984939575,-9.172065734863281,3.0135321617126465,False,False,11.89
to_Tokyo,country,8,1,1,0.0,-9.172065734863281,2.6233399694319814e-05,0.252483069896698, Berlin,0.6005579829216003,-9.172065734863281,0.0,False,False,0.00
to_Tokyo,country,8,1,1,0.5,-8.988910675048828,2.5184133846778423e-05,0.20181876420974731, Berlin,0.5870082974433899,-9.172065734863281,0.18315505981445312,False,False,2.75
to_Tokyo,country,8,1,1,1.0,-8.74288558959961,2.357623088755645e-05,0.14772756397724152, Berlin,0.5713326930999756,-9.172065734863281,0.4291801452636719,False,False,5.49
to_Tokyo,country,8,1,1,2.0,-8.274906158447266,1.912669358716812e-05,0.0750560611486435, located,0.5440694093704224,-9.172065734863281,0.8971595764160156,False,False,10.98
to_Tokyo,country,8,5,5,0.0,-9.172065734863281,2.6233399694319814e-05,0.252483069896698, Berlin,0.6005579829216003,-9.172065734863281,0.0,False,False,0.00
to_Tokyo,country,8,5,5,0.5,-8.898054122924805,2.5696183001855388e-05,0.1880374550819397, Berlin,0.5818089246749878,-9.172065734863281,0.27401161193847656,False,False,2.61
to_Tokyo,country,8,5,5,1.0,-8.594911575317383,2.444130768708419e-05,0.13208304345607758, Berlin,0.5600008368492126,-9.172065734863281,0.5771541595458984,False,False,5.22
to_Tokyo,country,8,5,5,2.0,-8.144010543823242,2.132613917638082e-05,0.07341954112052917, located,0.5180516839027405,-9.172065734863281,1.028055191040039,False,False,10.44
to_Tokyo,country,8,10,6,0.0,-9.172065734863281,2.6233399694319814e-05,0.252483069896698, Berlin,0.6005579829216003,-9.172065734863281,0.0,False,False,0.00
to_Tokyo,country,8,10,6,0.5,-8.891473770141602,2.56403236562619e-05,0.18639804422855377, Berlin,0.5815402269363403,-9.172065734863281,0.2805919647216797,False,False,2.64
to_Tokyo,country,8,10,6,1.0,-8.580987930297852,2.4320075681316666e-05,0.12961062788963318, Berlin,0.5592920184135437,-9.172065734863281,0.5910778045654297,False,False,5.27
to_Tokyo,country,8,10,6,2.0,-8.131104469299316,2.1157189621590078e-05,0.071903757750988, located,0.5166152119636536,-9.172065734863281,1.0409612655639648,False,False,10.55
to_Tokyo,country,9,1,1,0.0,-9.172065734863281,2.6233399694319814e-05,0.252483069896698, Berlin,0.6005579829216003,-9.172065734863281,0.0,False,False,0.00
to_Tokyo,country,9,1,1,0.5,-8.798545837402344,3.095014108112082e-05,0.20503245294094086, Berlin,0.6012867093086243,-9.172065734863281,0.3735198974609375,False,False,2.39
to_Tokyo,country,9,1,1,1.0,-8.300962448120117,3.8733051042072475e-05,0.15600697696208954, Berlin,0.5972228050231934,-9.172065734863281,0.8711032867431641,False,False,4.77
to_Tokyo,country,9,1,1,2.0,-7.013601303100586,7.05590209690854e-05,0.0784369483590126, a,0.578399121761322,-9.172065734863281,2.1584644317626953,False,False,9.54
to_Tokyo,country,9,5,4,0.0,-9.172065734863281,2.6233399694319814e-05,0.252483069896698, Berlin,0.6005579829216003,-9.172065734863281,0.0,False,False,0.00
to_Tokyo,country,9,5,4,0.5,-8.740049362182617,3.1293657229980454e-05,0.19552922248840332, Berlin,0.6012956500053406,-9.172065734863281,0.43201637268066406,False,False,2.66
to_Tokyo,country,9,5,4,1.0,-8.179022789001465,3.982150519732386e-05,0.1419784128665924, Berlin,0.5954408049583435,-9.172065734863281,0.9930429458618164,False,False,5.31
to_Tokyo,country,9,5,4,2.0,-6.834053993225098,7.4051356932614e-05,0.06878994405269623, a,0.572825014591217,-9.172065734863281,2.3380117416381836,False,False,10.62
to_Tokyo,country,9,10,4,0.0,-9.172065734863281,2.6233399694319814e-05,0.252483069896698, Berlin,0.6005579829216003,-9.172065734863281,0.0,False,False,0.00
to_Tokyo,country,9,10,4,0.5,-8.740049362182617,3.1293657229980454e-05,0.19552922248840332, Berlin,0.6012956500053406,-9.172065734863281,0.43201637268066406,False,False,2.66
to_Tokyo,country,9,10,4,1.0,-8.179022789001465,3.982150519732386e-05,0.1419784128665924, Berlin,0.5954408049583435,-9.172065734863281,0.9930429458618164,False,False,5.31
to_Tokyo,country,9,10,4,2.0,-6.834053993225098,7.4051356932614e-05,0.06878994405269623, a,0.572825014591217,-9.172065734863281,2.3380117416381836,False,False,10.62
to_Tokyo,country,10,1,1,0.0,-9.172065734863281,2.6233399694319814e-05,0.252483069896698, Berlin,0.6005579829216003,-9.172065734863281,0.0,False,False,0.00
to_Tokyo,country,10,1,1,0.5,-8.834668159484863,4.0676251956028864e-05,0.2793756127357483, Berlin,0.5982148051261902,-9.172065734863281,0.33739757537841797,False,False,3.72
to_Tokyo,country,10,1,1,1.0,-8.39483642578125,6.554389256052673e-05,0.2899768352508545, Berlin,0.5921292304992676,-9.172065734863281,0.7772293090820312,False,False,7.43
to_Tokyo,country,10,1,1,2.0,-7.144286632537842,0.0002040157123701647,0.25845664739608765, Berlin,0.5779903531074524,-9.172065734863281,2.0277791023254395,False,False,14.86
to_Tokyo,country,10,5,5,0.0,-9.172065734863281,2.6233399694319814e-05,0.252483069896698, Berlin,0.6005579829216003,-9.172065734863281,0.0,False,False,0.00
to_Tokyo,country,10,5,5,0.5,-8.659523010253906,4.1682538721943274e-05,0.24029085040092468, Berlin,0.5844418406486511,-9.172065734863281,0.512542724609375,False,False,4.02
to_Tokyo,country,10,5,5,1.0,-7.879915237426758,8.0313635407947e-05,0.21232108771800995, Berlin,0.5621573328971863,-9.172065734863281,1.2921504974365234,False,False,8.03
to_Tokyo,country,10,5,5,2.0,-4.9097700119018555,0.0008032984333112836,0.10893384367227554, a,0.5141856670379639,-9.172065734863281,4.262295722961426,False,False,16.06
to_Tokyo,country,10,10,9,0.0,-9.172065734863281,2.6233399694319814e-05,0.252483069896698, Berlin,0.6005579829216003,-9.172065734863281,0.0,False,False,0.00
to_Tokyo,country,10,10,9,0.5,-8.641172409057617,4.1326107748318464e-05,0.233904168009758, Berlin,0.5828038454055786,-9.172065734863281,0.5308933258056641,False,False,4.03
to_Tokyo,country,10,10,9,1.0,-7.84959077835083,7.819905295036733e-05,0.2005559802055359, Berlin,0.5590178370475769,-9.172065734863281,1.3224749565124512,False,False,8.05
to_Tokyo,country,10,10,9,2.0,-4.972070693969727,0.0006884093163534999,0.09935495257377625, a,0.509376049041748,-9.172065734863281,4.199995040893555,False,False,16.11
to_Tokyo,country,11,1,1,0.0,-9.172065734863281,2.6233399694319814e-05,0.252483069896698, Berlin,0.6005579829216003,-9.172065734863281,0.0,False,False,0.00
to_Tokyo,country,11,1,1,0.5,-9.09010124206543,2.796203079924453e-05,0.2479415386915207, Berlin,0.6089780926704407,-9.172065734863281,0.08196449279785156,False,False,2.35
to_Tokyo,country,11,1,1,1.0,-8.980466842651367,3.0383080229512416e-05,0.24143420159816742, Berlin,0.6160181760787964,-9.172065734863281,0.19159889221191406,False,False,4.71
to_Tokyo,country,11,1,1,2.0,-8.65019702911377,3.834288872894831e-05,0.21898655593395233, Berlin,0.6245031952857971,-9.172065734863281,0.5218687057495117,False,False,9.41
to_Tokyo,country,11,5,4,0.0,-9.172065734863281,2.6233399694319814e-05,0.252483069896698, Berlin,0.6005579829216003,-9.172065734863281,0.0,False,False,0.00
to_Tokyo,country,11,5,4,0.5,-8.99268913269043,2.9179747798480093e-05,0.23472368717193604, Berlin,0.5956847667694092,-9.172065734863281,0.17937660217285156,False,False,2.18
to_Tokyo,country,11,5,4,1.0,-8.806133270263672,3.2526480936212465e-05,0.21711613237857819, Berlin,0.5882226228713989,-9.172065734863281,0.3659324645996094,False,False,4.36
to_Tokyo,country,11,5,4,2.0,-8.434135437011719,4.021482163807377e-05,0.18504801392555237, Berlin,0.5666696429252625,-9.172065734863281,0.7379302978515625,False,False,8.71
to_Tokyo,country,11,10,4,0.0,-9.172065734863281,2.6233399694319814e-05,0.252483069896698, Berlin,0.6005579829216003,-9.172065734863281,0.0,False,False,0.00
to_Tokyo,country,11,10,4,0.5,-8.99268913269043,2.9179747798480093e-05,0.23472368717193604, Berlin,0.5956847667694092,-9.172065734863281,0.17937660217285156,False,False,2.18
to_Tokyo,country,11,10,4,1.0,-8.806133270263672,3.2526480936212465e-05,0.21711613237857819, Berlin,0.5882226228713989,-9.172065734863281,0.3659324645996094,False,False,4.36
to_Tokyo,country,11,10,4,2.0,-8.434135437011719,4.021482163807377e-05,0.18504801392555237, Berlin,0.5666696429252625,-9.172065734863281,0.7379302978515625,False,False,8.71
to_Tokyo,country,12,1,1,0.0,-9.172065734863281,2.6233399694319814e-05,0.252483069896698, Berlin,0.6005579829216003,-9.172065734863281,0.0,False,False,0.00
to_Tokyo,country,12,1,1,0.5,-9.169812202453613,2.6271680326317437e-05,0.25228220224380493, Berlin,0.6006442904472351,-9.172065734863281,0.0022535324096679688,False,False,0.03
to_Tokyo,country,12,1,1,1.0,-9.16755485534668,2.6310066459700465e-05,0.2520810663700104, Berlin,0.6007305383682251,-9.172065734863281,0.0045108795166015625,False,False,0.06
to_Tokyo,country,12,1,1,2.0,-9.163050651550293,2.6386656827526167e-05,0.2516787648200989, Berlin,0.6009038686752319,-9.172065734863281,0.009015083312988281,False,False,0.11
to_Tokyo,country,12,5,1,0.0,-9.172065734863281,2.6233399694319814e-05,0.252483069896698, Berlin,0.6005579829216003,-9.172065734863281,0.0,False,False,0.00
to_Tokyo,country,12,5,1,0.5,-9.169812202453613,2.6271680326317437e-05,0.25228220224380493, Berlin,0.6006442904472351,-9.172065734863281,0.0022535324096679688,False,False,0.03
to_Tokyo,country,12,5,1,1.0,-9.16755485534668,2.6310066459700465e-05,0.2520810663700104, Berlin,0.6007305383682251,-9.172065734863281,0.0045108795166015625,False,False,0.06
to_Tokyo,country,12,5,1,2.0,-9.163050651550293,2.6386656827526167e-05,0.2516787648200989, Berlin,0.6009038686752319,-9.172065734863281,0.009015083312988281,False,False,0.11
to_Tokyo,country,12,10,1,0.0,-9.172065734863281,2.6233399694319814e-05,0.252483069896698, Berlin,0.6005579829216003,-9.172065734863281,0.0,False,False,0.00
to_Tokyo,country,12,10,1,0.5,-9.169812202453613,2.6271680326317437e-05,0.25228220224380493, Berlin,0.6006442904472351,-9.172065734863281,0.0022535324096679688,False,False,0.03
to_Tokyo,country,12,10,1,1.0,-9.16755485534668,2.6310066459700465e-05,0.2520810663700104, Berlin,0.6007305383682251,-9.172065734863281,0.0045108795166015625,False,False,0.06
to_Tokyo,country,12,10,1,2.0,-9.163050651550293,2.6386656827526167e-05,0.2516787648200989, Berlin,0.6009038686752319,-9.172065734863281,0.009015083312988281,False,False,0.11
to_Tokyo,country,13,1,1,0.0,-9.172065734863281,2.6233399694319814e-05,0.252483069896698, Berlin,0.6005579829216003,-9.172065734863281,0.0,False,False,0.00
to_Tokyo,country,13,1,1,0.5,-9.139747619628906,2.606748057587538e-05,0.2429075837135315, Berlin,0.6027349829673767,-9.172065734863281,0.032318115234375,False,False,1.52
to_Tokyo,country,13,1,1,1.0,-9.105289459228516,2.584506910352502e-05,0.23267762362957, Berlin,0.6046542525291443,-9.172065734863281,0.06677627563476562,False,False,3.04
to_Tokyo,country,13,1,1,2.0,-9.034185409545898,2.5194152840413153e-05,0.21124988794326782, Berlin,0.6073229908943176,-9.172065734863281,0.1378803253173828,False,False,6.07
to_Tokyo,country,13,5,5,0.0,-9.172065734863281,2.6233399694319814e-05,0.252483069896698, Berlin,0.6005579829216003,-9.172065734863281,0.0,False,False,0.00
to_Tokyo,country,13,5,5,0.5,-9.126317977905273,2.6317971787648275e-05,0.2419702112674713, Berlin,0.603363573551178,-9.172065734863281,0.04574775695800781,False,False,1.60
to_Tokyo,country,13,5,5,1.0,-9.075384140014648,2.6417123081046157e-05,0.23082059621810913, Berlin,0.6060842275619507,-9.172065734863281,0.09668159484863281,False,False,3.21
to_Tokyo,country,13,5,5,2.0,-8.960994720458984,2.6645855541573837e-05,0.20765399932861328, Berlin,0.6106545925140381,-9.172065734863281,0.21107101440429688,False,False,6.42
to_Tokyo,country,13,10,7,0.0,-9.172065734863281,2.6233399694319814e-05,0.252483069896698, Berlin,0.6005579829216003,-9.172065734863281,0.0,False,False,0.00
to_Tokyo,country,13,10,7,0.5,-9.125460624694824,2.635657619975973e-05,0.24211759865283966, Berlin,0.6036238074302673,-9.172065734863281,0.04660511016845703,False,False,1.61
to_Tokyo,country,13,10,7,1.0,-9.073956489562988,2.6490966774872504e-05,0.23113568127155304, Berlin,0.6066038012504578,-9.172065734863281,0.09810924530029297,False,False,3.22
to_Tokyo,country,13,10,7,2.0,-8.959307670593262,2.6776968297781423e-05,0.20832401514053345, Berlin,0.6116927862167358,-9.172065734863281,0.21275806427001953,False,False,6.43
to_Tokyo,country,14,1,1,0.0,-9.172065734863281,2.6233399694319814e-05,0.252483069896698, Berlin,0.6005579829216003,-9.172065734863281,0.0,False,False,0.00
to_Tokyo,country,14,1,1,0.5,-9.144879341125488,2.6887129934038967e-05,0.25183433294296265, Berlin,0.5995451211929321,-9.172065734863281,0.02718639373779297,False,False,1.43
to_Tokyo,country,14,1,1,1.0,-9.112539291381836,2.761310497589875e-05,0.2504037022590637, Berlin,0.59791499376297,-9.172065734863281,0.05952644348144531,False,False,2.85
to_Tokyo,country,14,1,1,2.0,-9.033939361572266,2.9258857466629706e-05,0.24527157843112946, Berlin,0.5925424695014954,-9.172065734863281,0.13812637329101562,False,False,5.70
to_Tokyo,country,14,5,5,0.0,-9.172065734863281,2.6233399694319814e-05,0.252483069896698, Berlin,0.6005579829216003,-9.172065734863281,0.0,False,False,0.00
to_Tokyo,country,14,5,5,0.5,-9.108291625976562,2.7634130674414337e-05,0.24953210353851318, Berlin,0.6074063181877136,-9.172065734863281,0.06377410888671875,False,False,1.63
to_Tokyo,country,14,5,5,1.0,-9.041522979736328,2.906471308961045e-05,0.24549897015094757, Berlin,0.613869309425354,-9.172065734863281,0.13054275512695312,False,False,3.26
to_Tokyo,country,14,5,5,2.0,-8.901190757751465,3.195423778379336e-05,0.2345668375492096, Berlin,0.6250748038291931,-9.172065734863281,0.2708749771118164,False,False,6.52
to_Tokyo,country,14,10,5,0.0,-9.172065734863281,2.6233399694319814e-05,0.252483069896698, Berlin,0.6005579829216003,-9.172065734863281,0.0,False,False,0.00
to_Tokyo,country,14,10,5,0.5,-9.108291625976562,2.7634130674414337e-05,0.24953210353851318, Berlin,0.6074063181877136,-9.172065734863281,0.06377410888671875,False,False,1.63
to_Tokyo,country,14,10,5,1.0,-9.041522979736328,2.906471308961045e-05,0.24549897015094757, Berlin,0.613869309425354,-9.172065734863281,0.13054275512695312,False,False,3.26
to_Tokyo,country,14,10,5,2.0,-8.901190757751465,3.195423778379336e-05,0.2345668375492096, Berlin,0.6250748038291931,-9.172065734863281,0.2708749771118164,False,False,6.52
to_Tokyo,country,15,1,1,0.0,-9.172065734863281,2.6233399694319814e-05,0.252483069896698, Berlin,0.6005579829216003,-9.172065734863281,0.0,False,False,0.00
to_Tokyo,country,15,1,1,0.5,-9.13991641998291,2.6520921892370097e-05,0.24717451632022858, Berlin,0.5974671840667725,-9.172065734863281,0.032149314880371094,False,False,0.92
to_Tokyo,country,15,1,1,1.0,-9.106488227844238,2.6809420887730084e-05,0.24164897203445435, Berlin,0.5942857265472412,-9.172065734863281,0.06557750701904297,False,False,1.84
to_Tokyo,country,15,1,1,2.0,-9.03609561920166,2.7385001885704696e-05,0.23005902767181396, Berlin,0.5876720547676086,-9.172065734863281,0.1359701156616211,False,False,3.68
to_Tokyo,country,15,5,5,0.0,-9.172065734863281,2.6233399694319814e-05,0.252483069896698, Berlin,0.6005579829216003,-9.172065734863281,0.0,False,False,0.00
to_Tokyo,country,15,5,5,0.5,-9.129636764526367,2.6639707357389852e-05,0.245742529630661, Berlin,0.5960009098052979,-9.172065734863281,0.04242897033691406,False,False,1.23
to_Tokyo,country,15,5,5,1.0,-9.085155487060547,2.7048074116464704e-05,0.23865419626235962, Berlin,0.591280460357666,-9.172065734863281,0.08691024780273438,False,False,2.45
to_Tokyo,country,15,5,5,2.0,-8.99072265625,2.786433651635889e-05,0.22370195388793945, Berlin,0.5813915133476257,-9.172065734863281,0.18134307861328125,False,False,4.90
to_Tokyo,country,15,10,5,0.0,-9.172065734863281,2.6233399694319814e-05,0.252483069896698, Berlin,0.6005579829216003,-9.172065734863281,0.0,False,False,0.00
to_Tokyo,country,15,10,5,0.5,-9.129636764526367,2.6639707357389852e-05,0.245742529630661, Berlin,0.5960009098052979,-9.172065734863281,0.04242897033691406,False,False,1.23
to_Tokyo,country,15,10,5,1.0,-9.085155487060547,2.7048074116464704e-05,0.23865419626235962, Berlin,0.591280460357666,-9.172065734863281,0.08691024780273438,False,False,2.45
to_Tokyo,country,15,10,5,2.0,-8.99072265625,2.786433651635889e-05,0.22370195388793945, Berlin,0.5813915133476257,-9.172065734863281,0.18134307861328125,False,False,4.90
to_Tokyo,country,16,1,1,0.0,-9.172065734863281,2.6233399694319814e-05,0.252483069896698, Berlin,0.6005579829216003,-9.172065734863281,0.0,False,False,0.00
to_Tokyo,country,16,1,1,0.5,-8.687726974487305,3.977129017584957e-05,0.2358313500881195, Berlin,0.5986802577972412,-9.172065734863281,0.48433876037597656,False,False,4.89
to_Tokyo,country,16,1,1,1.0,-8.113666534423828,6.492370448540896e-05,0.2168322503566742, Berlin,0.5941162705421448,-9.172065734863281,1.0583992004394531,False,False,9.79
to_Tokyo,country,16,1,1,2.0,-6.361147880554199,0.00028885004576295614,0.1672184020280838, Berlin,0.5776054859161377,-9.172065734863281,2.810917854309082,False,False,19.57
to_Tokyo,country,16,5,5,0.0,-9.172065734863281,2.6233399694319814e-05,0.252483069896698, Berlin,0.6005579829216003,-9.172065734863281,0.0,False,False,0.00
to_Tokyo,country,16,5,5,0.5,-8.042463302612305,7.46630466892384e-05,0.2322218269109726, Berlin,0.5982946753501892,-9.172065734863281,1.1296024322509766,False,False,10.32
to_Tokyo,country,16,5,5,1.0,-6.591817855834961,0.00027507933555170894,0.20056167244911194, Berlin,0.593392014503479,-9.172065734863281,2.5802478790283203,False,False,20.63
to_Tokyo,country,16,5,5,2.0,-1.9180870056152344,0.012093113735318184,0.08232897520065308, a,0.5720669031143188,-9.172065734863281,7.253978729248047,False,False,41.26
to_Tokyo,country,16,10,10,0.0,-9.172065734863281,2.6233399694319814e-05,0.252483069896698, Berlin,0.6005579829216003,-9.172065734863281,0.0,False,False,0.00
to_Tokyo,country,16,10,10,0.5,-7.700119972229004,8.683693158673123e-05,0.19178925454616547, Berlin,0.5791797637939453,-9.172065734863281,1.4719457626342773,False,False,12.40
to_Tokyo,country,16,10,10,1.0,-5.041033744812012,0.0007415623404085636,0.1146676167845726, Berlin,0.5554178357124329,-9.172065734863281,4.1310319900512695,False,False,24.79
to_Tokyo,country,16,10,10,2.0,3.775059700012207,0.13484089076519012,0.0030926731415092945, Tokyo,0.49816370010375977,-9.172065734863281,12.947125434875488,True,True,49.58
to_Tokyo,country,17,1,1,0.0,-9.172065734863281,2.6233399694319814e-05,0.252483069896698, Berlin,0.6005579829216003,-9.172065734863281,0.0,False,False,0.00
to_Tokyo,country,17,1,1,0.5,-8.672816276550293,4.071471266797744e-05,0.2378523200750351, Berlin,0.5643349885940552,-9.172065734863281,0.4992494583129883,False,False,8.16
to_Tokyo,country,17,1,1,1.0,-8.060081481933594,7.027060200925916e-05,0.2224450409412384, Berlin,0.5247137546539307,-9.172065734863281,1.1119842529296875,False,False,16.33
to_Tokyo,country,17,1,1,2.0,-6.156058311462402,0.0003969753161072731,0.1871999353170395, Berlin,0.4487934112548828,-9.172065734863281,3.016007423400879,False,False,32.65
to_Tokyo,country,17,5,5,0.0,-9.172065734863281,2.6233399694319814e-05,0.252483069896698, Berlin,0.6005579829216003,-9.172065734863281,0.0,False,False,0.00
to_Tokyo,country,17,5,5,0.5,-8.387564659118652,5.2242692618165165e-05,0.22945551574230194, Berlin,0.5707106590270996,-9.172065734863281,0.7845010757446289,False,False,11.00
to_Tokyo,country,17,5,5,1.0,-7.285559177398682,0.00013980975199956447,0.20399315655231476, Berlin,0.5381447672843933,-9.172065734863281,1.8865065574645996,False,False,22.00
to_Tokyo,country,17,5,5,2.0,-3.4530763626098633,0.003746611066162586,0.11838331073522568, Berlin,0.4636654555797577,-9.172065734863281,5.718989372253418,False,False,43.99
to_Tokyo,country,17,10,5,0.0,-9.172065734863281,2.6233399694319814e-05,0.252483069896698, Berlin,0.6005579829216003,-9.172065734863281,0.0,False,False,0.00
to_Tokyo,country,17,10,5,0.5,-8.387564659118652,5.2242692618165165e-05,0.22945551574230194, Berlin,0.5707106590270996,-9.172065734863281,0.7845010757446289,False,False,11.00
to_Tokyo,country,17,10,5,1.0,-7.285559177398682,0.00013980975199956447,0.20399315655231476, Berlin,0.5381447672843933,-9.172065734863281,1.8865065574645996,False,False,22.00
to_Tokyo,country,17,10,5,2.0,-3.4530763626098633,0.003746611066162586,0.11838331073522568, Berlin,0.4636654555797577,-9.172065734863281,5.718989372253418,False,False,43.99
to_Tokyo,country,18,1,1,0.0,-9.172065734863281,2.6233399694319814e-05,0.252483069896698, Berlin,0.6005579829216003,-9.172065734863281,0.0,False,False,0.00
to_Tokyo,country,18,1,1,0.5,-9.069717407226562,2.8527239919640124e-05,0.24784934520721436, Berlin,0.614437460899353,-9.172065734863281,0.10234832763671875,False,False,6.41
to_Tokyo,country,18,1,1,1.0,-8.960393905639648,3.1207557185553014e-05,0.2430577129125595, Berlin,0.6269646286964417,-9.172065734863281,0.2116718292236328,False,False,12.81
to_Tokyo,country,18,1,1,2.0,-8.719626426696777,3.810001726378687e-05,0.2332441657781601, Berlin,0.6475894451141357,-9.172065734863281,0.4524393081665039,False,False,25.63
to_Tokyo,country,18,5,3,0.0,-9.172065734863281,2.6233399694319814e-05,0.252483069896698, Berlin,0.6005579829216003,-9.172065734863281,0.0,False,False,0.00
to_Tokyo,country,18,5,3,0.5,-9.058143615722656,2.851187309715897e-05,0.24486547708511353, Berlin,0.6152856349945068,-9.172065734863281,0.113922119140625,False,False,6.29
to_Tokyo,country,18,5,3,1.0,-8.94809627532959,3.078159352298826e-05,0.2368098497390747, Berlin,0.6293306946754456,-9.172065734863281,0.2239694595336914,False,False,12.59
to_Tokyo,country,18,5,3,2.0,-8.709705352783203,3.604922676458955e-05,0.21851079165935516, Berlin,0.6542017459869385,-9.172065734863281,0.4623603820800781,False,False,25.17
to_Tokyo,country,18,10,3,0.0,-9.172065734863281,2.6233399694319814e-05,0.252483069896698, Berlin,0.6005579829216003,-9.172065734863281,0.0,False,False,0.00
to_Tokyo,country,18,10,3,0.5,-9.058143615722656,2.851187309715897e-05,0.24486547708511353, Berlin,0.6152856349945068,-9.172065734863281,0.113922119140625,False,False,6.29
to_Tokyo,country,18,10,3,1.0,-8.94809627532959,3.078159352298826e-05,0.2368098497390747, Berlin,0.6293306946754456,-9.172065734863281,0.2239694595336914,False,False,12.59
to_Tokyo,country,18,10,3,2.0,-8.709705352783203,3.604922676458955e-05,0.21851079165935516, Berlin,0.6542017459869385,-9.172065734863281,0.4623603820800781,False,False,25.17
to_Tokyo,country,19,1,1,0.0,-9.172065734863281,2.6233399694319814e-05,0.252483069896698, Berlin,0.6005579829216003,-9.172065734863281,0.0,False,False,0.00
to_Tokyo,country,19,1,1,0.5,-8.977039337158203,3.108396413153969e-05,0.2461586445569992, Berlin,0.6137003898620605,-9.172065734863281,0.19502639770507812,False,False,9.36
to_Tokyo,country,19,1,1,1.0,-8.743274688720703,3.825522799161263e-05,0.23979872465133667, Berlin,0.6240649223327637,-9.172065734863281,0.4287910461425781,False,False,18.71
to_Tokyo,country,19,1,1,2.0,-8.107812881469727,6.760597170796245e-05,0.22447268664836884, Berlin,0.6356097459793091,-9.172065734863281,1.0642528533935547,False,False,37.42
to_Tokyo,country,19,5,4,0.0,-9.172065734863281,2.6233399694319814e-05,0.252483069896698, Berlin,0.6005579829216003,-9.172065734863281,0.0,False,False,0.00
to_Tokyo,country,19,5,4,0.5,-8.675506591796875,4.225346856401302e-05,0.24750672280788422, Berlin,0.6103609204292297,-9.172065734863281,0.49655914306640625,False,False,17.35
to_Tokyo,country,19,5,4,1.0,-7.918027400970459,8.482890552841127e-05,0.23296968638896942, Berlin,0.6111314296722412,-9.172065734863281,1.2540383338928223,False,False,34.69
to_Tokyo,country,19,5,4,2.0,-5.622454643249512,0.0006011092918924987,0.16624723374843597, Berlin,0.591726541519165,-9.172065734863281,3.5496110916137695,False,False,69.38
to_Tokyo,country,19,10,4,0.0,-9.172065734863281,2.6233399694319814e-05,0.252483069896698, Berlin,0.6005579829216003,-9.172065734863281,0.0,False,False,0.00
to_Tokyo,country,19,10,4,0.5,-8.675506591796875,4.225346856401302e-05,0.24750672280788422, Berlin,0.6103609204292297,-9.172065734863281,0.49655914306640625,False,False,17.35
to_Tokyo,country,19,10,4,1.0,-7.918027400970459,8.482890552841127e-05,0.23296968638896942, Berlin,0.6111314296722412,-9.172065734863281,1.2540383338928223,False,False,34.69
to_Tokyo,country,19,10,4,2.0,-5.622454643249512,0.0006011092918924987,0.16624723374843597, Berlin,0.591726541519165,-9.172065734863281,3.5496110916137695,False,False,69.38
to_Tokyo,country,20,1,1,0.0,-9.172065734863281,2.6233399694319814e-05,0.252483069896698, Berlin,0.6005579829216003,-9.172065734863281,0.0,False,False,0.00
to_Tokyo,country,20,1,1,0.5,-8.930896759033203,3.23524909617845e-05,0.2446509748697281, Berlin,0.5845957398414612,-9.172065734863281,0.24116897583007812,False,False,9.02
to_Tokyo,country,20,1,1,1.0,-8.676448822021484,4.045380774186924e-05,0.23718835413455963, Berlin,0.568195641040802,-9.172065734863281,0.4956169128417969,False,False,18.05
to_Tokyo,country,20,1,1,2.0,-8.155635833740234,6.4297673816327e-05,0.2239457219839096, Berlin,0.5342187881469727,-9.172065734863281,1.0164299011230469,False,False,36.09
to_Tokyo,country,20,5,5,0.0,-9.172065734863281,2.6233399694319814e-05,0.252483069896698, Berlin,0.6005579829216003,-9.172065734863281,0.0,False,False,0.00
to_Tokyo,country,20,5,5,0.5,-8.595394134521484,4.2311090510338545e-05,0.22876349091529846, Berlin,0.5600480437278748,-9.172065734863281,0.5766716003417969,False,False,17.34
to_Tokyo,country,20,5,5,1.0,-8.001017570495605,6.946159555809572e-05,0.2072729468345642, Berlin,0.5190455317497253,-9.172065734863281,1.1710481643676758,False,False,34.68
to_Tokyo,country,20,5,5,2.0,-6.905827522277832,0.00017259526066482067,0.17226281762123108, Berlin,0.441810667514801,-9.172065734863281,2.266238212585449,False,False,69.36
to_Tokyo,country,20,10,7,0.0,-9.172065734863281,2.6233399694319814e-05,0.252483069896698, Berlin,0.6005579829216003,-9.172065734863281,0.0,False,False,0.00
to_Tokyo,country,20,10,7,0.5,-8.592901229858398,4.22375560447108e-05,0.22779710590839386, Berlin,0.5555220246315002,-9.172065734863281,0.5791645050048828,False,False,17.46
to_Tokyo,country,20,10,7,1.0,-7.994678974151611,6.928606308065355e-05,0.2054428607225418, Berlin,0.5096836090087891,-9.172065734863281,1.17738676071167,False,False,34.92
to_Tokyo,country,20,10,7,2.0,-6.887748718261719,0.00017262207984458655,0.16920284926891327, Berlin,0.42275339365005493,-9.172065734863281,2.2843170166015625,False,False,69.84
to_Tokyo,country,21,1,1,0.0,-9.172065734863281,2.6233399694319814e-05,0.252483069896698, Berlin,0.6005579829216003,-9.172065734863281,0.0,False,False,0.00
to_Tokyo,country,21,1,1,0.5,-9.059443473815918,2.917807796620764e-05,0.25091293454170227, Berlin,0.586161732673645,-9.172065734863281,0.11262226104736328,False,False,8.49
to_Tokyo,country,21,1,1,1.0,-8.94188404083252,3.257207936258055e-05,0.24903270602226257, Berlin,0.5717734694480896,-9.172065734863281,0.23018169403076172,False,False,16.98
to_Tokyo,country,21,1,1,2.0,-8.692998886108398,4.105729385628365e-05,0.24474386870861053, Berlin,0.5429623126983643,-9.172065734863281,0.4790668487548828,False,False,33.96
to_Tokyo,country,21,5,4,0.0,-9.172065734863281,2.6233399694319814e-05,0.252483069896698, Berlin,0.6005579829216003,-9.172065734863281,0.0,False,False,0.00
to_Tokyo,country,21,5,4,0.5,-8.86158561706543,3.536539225024171e-05,0.24952633678913116, Berlin,0.5714821815490723,-9.172065734863281,0.31048011779785156,False,False,21.57
to_Tokyo,country,21,5,4,1.0,-8.5068941116333,4.9689042498357594e-05,0.2458995282649994, Berlin,0.5444673895835876,-9.172065734863281,0.6651716232299805,False,False,43.14
to_Tokyo,country,21,5,4,2.0,-7.688100814819336,0.0001096355335903354,0.2392496019601822, Berlin,0.4946442246437073,-9.172065734863281,1.4839649200439453,False,False,86.29
to_Tokyo,country,21,10,4,0.0,-9.172065734863281,2.6233399694319814e-05,0.252483069896698, Berlin,0.6005579829216003,-9.172065734863281,0.0,False,False,0.00
to_Tokyo,country,21,10,4,0.5,-8.86158561706543,3.536539225024171e-05,0.24952633678913116, Berlin,0.5714821815490723,-9.172065734863281,0.31048011779785156,False,False,21.57
to_Tokyo,country,21,10,4,1.0,-8.5068941116333,4.9689042498357594e-05,0.2458995282649994, Berlin,0.5444673895835876,-9.172065734863281,0.6651716232299805,False,False,43.14
to_Tokyo,country,21,10,4,2.0,-7.688100814819336,0.0001096355335903354,0.2392496019601822, Berlin,0.4946442246437073,-9.172065734863281,1.4839649200439453,False,False,86.29
to_Tokyo,country,22,1,1,0.0,-9.172065734863281,2.6233399694319814e-05,0.252483069896698, Berlin,0.6005579829216003,-9.172065734863281,0.0,False,False,0.00
to_Tokyo,country,22,1,1,0.5,-9.065502166748047,2.933516225311905e-05,0.2537968158721924, Berlin,0.6069782972335815,-9.172065734863281,0.10656356811523438,False,False,26.49
to_Tokyo,country,22,1,1,1.0,-8.925346374511719,3.384041701792739e-05,0.2544862926006317, Berlin,0.6150485277175903,-9.172065734863281,0.2467193603515625,False,False,52.99
to_Tokyo,country,22,1,1,2.0,-8.557561874389648,4.859501132159494e-05,0.2529841661453247, Berlin,0.6312142014503479,-9.172065734863281,0.6145038604736328,False,False,105.97
to_Tokyo,country,22,5,3,0.0,-9.172065734863281,2.6233399694319814e-05,0.252483069896698, Berlin,0.6005579829216003,-9.172065734863281,0.0,False,False,0.00
to_Tokyo,country,22,5,3,0.5,-8.976482391357422,3.166561509715393e-05,0.2506251931190491, Berlin,0.6277714371681213,-9.172065734863281,0.19558334350585938,False,False,34.45
to_Tokyo,country,22,5,3,1.0,-8.7449369430542,3.9747556002112105e-05,0.24956773221492767, Berlin,0.6582199335098267,-9.172065734863281,0.42712879180908203,False,False,68.89
to_Tokyo,country,22,5,3,2.0,-8.21074104309082,6.772470806026831e-05,0.2492450624704361, Berlin,0.7185981273651123,-9.172065734863281,0.9613246917724609,False,False,137.78
to_Tokyo,country,22,10,3,0.0,-9.172065734863281,2.6233399694319814e-05,0.252483069896698, Berlin,0.6005579829216003,-9.172065734863281,0.0,False,False,0.00
to_Tokyo,country,22,10,3,0.5,-8.976482391357422,3.166561509715393e-05,0.2506251931190491, Berlin,0.6277714371681213,-9.172065734863281,0.19558334350585938,False,False,34.45
to_Tokyo,country,22,10,3,1.0,-8.7449369430542,3.9747556002112105e-05,0.24956773221492767, Berlin,0.6582199335098267,-9.172065734863281,0.42712879180908203,False,False,68.89
to_Tokyo,country,22,10,3,2.0,-8.21074104309082,6.772470806026831e-05,0.2492450624704361, Berlin,0.7185981273651123,-9.172065734863281,0.9613246917724609,False,False,137.78
to_Tokyo,country,23,1,1,0.0,-9.172065734863281,2.6233399694319814e-05,0.252483069896698, Berlin,0.6005579829216003,-9.172065734863281,0.0,False,False,0.00
to_Tokyo,country,23,1,1,0.5,-8.855049133300781,3.557844684110023e-05,0.24939386546611786, Berlin,0.5882673859596252,-9.172065734863281,0.3170166015625,False,False,23.20
to_Tokyo,country,23,1,1,1.0,-8.491493225097656,5.041808253736235e-05,0.24569429457187653, Berlin,0.5726715326309204,-9.172065734863281,0.680572509765625,False,False,46.39
to_Tokyo,country,23,1,1,2.0,-7.701210021972656,0.00010697853576857597,0.23653177917003632, Berlin,0.5363713502883911,-9.172065734863281,1.470855712890625,False,False,92.78
to_Tokyo,country,23,5,3,0.0,-9.172065734863281,2.6233399694319814e-05,0.252483069896698, Berlin,0.6005579829216003,-9.172065734863281,0.0,False,False,0.00
to_Tokyo,country,23,5,3,0.5,-8.828397750854492,3.745078356587328e-05,0.25561434030532837, Berlin,0.5771200656890869,-9.172065734863281,0.34366798400878906,False,False,26.81
to_Tokyo,country,23,5,3,1.0,-8.446240425109863,5.55179976799991e-05,0.25857681035995483, Berlin,0.5517563223838806,-9.172065734863281,0.725825309753418,False,False,53.63
to_Tokyo,country,23,5,3,2.0,-7.670604228973389,0.00012230483116582036,0.2622675895690918, Berlin,0.5048097968101501,-9.172065734863281,1.5014615058898926,False,False,107.25
to_Tokyo,country,23,10,3,0.0,-9.172065734863281,2.6233399694319814e-05,0.252483069896698, Berlin,0.6005579829216003,-9.172065734863281,0.0,False,False,0.00
to_Tokyo,country,23,10,3,0.5,-8.828397750854492,3.745078356587328e-05,0.25561434030532837, Berlin,0.5771200656890869,-9.172065734863281,0.34366798400878906,False,False,26.81
to_Tokyo,country,23,10,3,1.0,-8.446240425109863,5.55179976799991e-05,0.25857681035995483, Berlin,0.5517563223838806,-9.172065734863281,0.725825309753418,False,False,53.63
to_Tokyo,country,23,10,3,2.0,-7.670604228973389,0.00012230483116582036,0.2622675895690918, Berlin,0.5048097968101501,-9.172065734863281,1.5014615058898926,False,False,107.25
to_Tokyo,country,24,1,1,0.0,-9.172065734863281,2.6233399694319814e-05,0.252483069896698, Berlin,0.6005579829216003,-9.172065734863281,0.0,False,False,0.00
to_Tokyo,country,24,1,1,0.5,-9.167001724243164,2.6395968234282918e-05,0.2527644634246826, Berlin,0.6007518768310547,-9.172065734863281,0.0050640106201171875,False,False,1.59
to_Tokyo,country,24,1,1,1.0,-9.161907196044922,2.6559950129012577e-05,0.2530421018600464, Berlin,0.6009277105331421,-9.172065734863281,0.010158538818359375,False,False,3.19
to_Tokyo,country,24,1,1,2.0,-9.151622772216797,2.6891924790106714e-05,0.25358352065086365, Berlin,0.6012275815010071,-9.172065734863281,0.020442962646484375,False,False,6.38
to_Tokyo,country,24,5,3,0.0,-9.172065734863281,2.6233399694319814e-05,0.252483069896698, Berlin,0.6005579829216003,-9.172065734863281,0.0,False,False,0.00
to_Tokyo,country,24,5,3,0.5,-9.159870147705078,2.6359542971476912e-05,0.2506217956542969, Berlin,0.5872260332107544,-9.172065734863281,0.012195587158203125,False,False,11.81
to_Tokyo,country,24,5,3,1.0,-9.145201683044434,2.656803189893253e-05,0.24892592430114746, Berlin,0.5735331773757935,-9.172065734863281,0.026864051818847656,False,False,23.63
to_Tokyo,country,24,5,3,2.0,-9.108818054199219,2.7235166271566413e-05,0.24605907499790192, Berlin,0.5454175472259521,-9.172065734863281,0.0632476806640625,False,False,47.26
to_Tokyo,country,24,10,3,0.0,-9.172065734863281,2.6233399694319814e-05,0.252483069896698, Berlin,0.6005579829216003,-9.172065734863281,0.0,False,False,0.00
to_Tokyo,country,24,10,3,0.5,-9.159870147705078,2.6359542971476912e-05,0.2506217956542969, Berlin,0.5872260332107544,-9.172065734863281,0.012195587158203125,False,False,11.81
to_Tokyo,country,24,10,3,1.0,-9.145201683044434,2.656803189893253e-05,0.24892592430114746, Berlin,0.5735331773757935,-9.172065734863281,0.026864051818847656,False,False,23.63
to_Tokyo,country,24,10,3,2.0,-9.108818054199219,2.7235166271566413e-05,0.24605907499790192, Berlin,0.5454175472259521,-9.172065734863281,0.0632476806640625,False,False,47.26
to_Tokyo,country,25,1,1,0.0,-9.172065734863281,2.6233399694319814e-05,0.252483069896698, Berlin,0.6005579829216003,-9.172065734863281,0.0,False,False,0.00
to_Tokyo,country,25,1,1,0.5,-9.148582458496094,2.6855790565605275e-05,0.2524740993976593, Berlin,0.5835881233215332,-9.172065734863281,0.0234832763671875,False,False,12.12
to_Tokyo,country,25,1,1,1.0,-9.123104095458984,2.754383058345411e-05,0.2524282932281494, Berlin,0.5652076005935669,-9.172065734863281,0.048961639404296875,False,False,24.25
to_Tokyo,country,25,1,1,2.0,-9.067221641540527,2.9108457965776324e-05,0.25226888060569763, Berlin,0.5246520042419434,-9.172065734863281,0.1048440933227539,False,False,48.50
to_Tokyo,country,25,5,1,0.0,-9.172065734863281,2.6233399694319814e-05,0.252483069896698, Berlin,0.6005579829216003,-9.172065734863281,0.0,False,False,0.00
to_Tokyo,country,25,5,1,0.5,-9.148582458496094,2.6855790565605275e-05,0.2524740993976593, Berlin,0.5835881233215332,-9.172065734863281,0.0234832763671875,False,False,12.12
to_Tokyo,country,25,5,1,1.0,-9.123104095458984,2.754383058345411e-05,0.2524282932281494, Berlin,0.5652076005935669,-9.172065734863281,0.048961639404296875,False,False,24.25
to_Tokyo,country,25,5,1,2.0,-9.067221641540527,2.9108457965776324e-05,0.25226888060569763, Berlin,0.5246520042419434,-9.172065734863281,0.1048440933227539,False,False,48.50
to_Tokyo,country,25,10,1,0.0,-9.172065734863281,2.6233399694319814e-05,0.252483069896698, Berlin,0.6005579829216003,-9.172065734863281,0.0,False,False,0.00
to_Tokyo,country,25,10,1,0.5,-9.148582458496094,2.6855790565605275e-05,0.2524740993976593, Berlin,0.5835881233215332,-9.172065734863281,0.0234832763671875,False,False,12.12
to_Tokyo,country,25,10,1,1.0,-9.123104095458984,2.754383058345411e-05,0.2524282932281494, Berlin,0.5652076005935669,-9.172065734863281,0.048961639404296875,False,False,24.25
to_Tokyo,country,25,10,1,2.0,-9.067221641540527,2.9108457965776324e-05,0.25226888060569763, Berlin,0.5246520042419434,-9.172065734863281,0.1048440933227539,False,False,48.50
to_Tokyo,country,26,1,1,0.0,-9.172065734863281,2.6233399694319814e-05,0.252483069896698, Berlin,0.6005579829216003,-9.172065734863281,0.0,False,False,0.00
to_Tokyo,country,26,1,1,0.5,-9.169127464294434,2.6261061066179536e-05,0.25200772285461426, Berlin,0.6001552939414978,-9.172065734863281,0.0029382705688476562,False,False,3.12
to_Tokyo,country,26,1,1,1.0,-9.166156768798828,2.6288998924428597e-05,0.2515273988246918, Berlin,0.5996396541595459,-9.172065734863281,0.005908966064453125,False,False,6.24
to_Tokyo,country,26,1,1,2.0,-9.16014575958252,2.634511656651739e-05,0.2505536377429962, Berlin,0.5982640385627747,-9.172065734863281,0.011919975280761719,False,False,12.49
to_Tokyo,country,26,5,5,0.0,-9.172065734863281,2.6233399694319814e-05,0.252483069896698, Berlin,0.6005579829216003,-9.172065734863281,0.0,False,False,0.00
to_Tokyo,country,26,5,5,0.5,-9.16256046295166,2.6319150492781773e-05,0.2509118914604187, Berlin,0.5989388823509216,-9.172065734863281,0.009505271911621094,False,False,8.93
to_Tokyo,country,26,5,5,1.0,-9.152605056762695,2.6408710255054757e-05,0.24927183985710144, Berlin,0.596644401550293,-9.172065734863281,0.019460678100585938,False,False,17.87
to_Tokyo,country,26,5,5,2.0,-9.131567001342773,2.6596400857670233e-05,0.24581703543663025, Berlin,0.5899786353111267,-9.172065734863281,0.04049873352050781,False,False,35.74
to_Tokyo,country,26,10,6,0.0,-9.172065734863281,2.6233399694319814e-05,0.252483069896698, Berlin,0.6005579829216003,-9.172065734863281,0.0,False,False,0.00
to_Tokyo,country,26,10,6,0.5,-9.162004470825195,2.6331228582421318e-05,0.2508874535560608, Berlin,0.5986180901527405,-9.172065734863281,0.010061264038085938,False,False,8.97
to_Tokyo,country,26,10,6,1.0,-9.151509284973145,2.643257175805047e-05,0.24922369420528412, Berlin,0.5959746241569519,-9.172065734863281,0.02055644989013672,False,False,17.94
to_Tokyo,country,26,10,6,2.0,-9.12942886352539,2.6643059754860587e-05,0.24572241306304932, Berlin,0.5885142683982849,-9.172065734863281,0.042636871337890625,False,False,35.89
to_Tokyo,country,0+1,1,1+1,0.0,-9.172065734863281,2.6233399694319814e-05,0.252483069896698, Berlin,0.6005579829216003,-9.172065734863281,0.0,False,False,0.00+0.00
to_Tokyo,country,0+1,1,1+1,0.5,-8.880528450012207,3.227547858841717e-05,0.23207968473434448, Berlin,0.595323383808136,-9.172065734863281,0.2915372848510742,False,False,0.40+1.10
to_Tokyo,country,0+1,1,1+1,1.0,-8.560848236083984,3.9982161979423836e-05,0.20883126556873322, Berlin,0.5912790298461914,-9.172065734863281,0.6112174987792969,False,False,0.79+2.15
to_Tokyo,country,0+1,1,1+1,2.0,-7.920795440673828,6.132700946182013e-05,0.16889214515686035, Berlin,0.5845233201980591,-9.172065734863281,1.2512702941894531,False,False,1.58+4.03
to_Tokyo,country,0+1,5,5+5,0.0,-9.172065734863281,2.6233399694319814e-05,0.252483069896698, Berlin,0.6005579829216003,-9.172065734863281,0.0,False,False,0.00+0.00
to_Tokyo,country,0+1,5,5+5,0.5,-8.164094924926758,5.0167811423307285e-05,0.17621657252311707, Berlin,0.6133680939674377,-9.172065734863281,1.0079708099365234,False,False,1.26+1.58
to_Tokyo,country,0+1,5,5+5,1.0,-7.307834625244141,9.294349729316309e-05,0.13866642117500305, Berlin,0.6292625069618225,-9.172065734863281,1.8642311096191406,False,False,2.52+3.02
to_Tokyo,country,0+1,5,5+5,2.0,-5.770722389221191,0.0003935079730581492,0.1262253224849701, Berlin,0.6560555696487427,-9.172065734863281,3.40134334564209,False,False,5.03+5.57
to_Tokyo,country,0+1,10,10+9,0.0,-9.172065734863281,2.6233399694319814e-05,0.252483069896698, Berlin,0.6005579829216003,-9.172065734863281,0.0,False,False,0.00+0.00
to_Tokyo,country,0+1,10,10+9,0.5,-7.972142219543457,5.835173578816466e-05,0.16916529834270477, Berlin,0.6152040958404541,-9.172065734863281,1.1999235153198242,False,False,1.56+1.64
to_Tokyo,country,0+1,10,10+9,1.0,-6.944900035858154,0.00012525894271675497,0.12999911606311798, Berlin,0.6282643675804138,-9.172065734863281,2.227165699005127,False,False,3.12+3.09
to_Tokyo,country,0+1,10,10+9,2.0,-4.63149356842041,0.0010435711592435837,0.10714063048362732, located,0.6358506083488464,-9.172065734863281,4.540572166442871,False,False,6.24+5.36
to_Tokyo,country,1+2,1,1+1,0.0,-9.172065734863281,2.6233399694319814e-05,0.252483069896698, Berlin,0.6005579829216003,-9.172065734863281,0.0,False,False,0.00+0.00
to_Tokyo,country,1+2,1,1+1,0.5,-8.843531608581543,3.084630225203e-05,0.21374700963497162, Berlin,0.5943865180015564,-9.172065734863281,0.3285341262817383,False,False,1.10+0.75
to_Tokyo,country,1+2,1,1+1,1.0,-8.445913314819336,3.680001100292429e-05,0.17134100198745728, Berlin,0.5893998146057129,-9.172065734863281,0.7261524200439453,False,False,2.20+1.51
to_Tokyo,country,1+2,1,1+1,2.0,-7.4677414894104,5.3824358474230394e-05,0.09422757476568222, a,0.5805568695068359,-9.172065734863281,1.7043242454528809,False,False,4.40+3.02
to_Tokyo,country,1+2,5,5+5,0.0,-9.172065734863281,2.6233399694319814e-05,0.252483069896698, Berlin,0.6005579829216003,-9.172065734863281,0.0,False,False,0.00+0.00
to_Tokyo,country,1+2,5,5+5,0.5,-8.002985000610352,4.105032348888926e-05,0.12273508310317993, Berlin,0.594201922416687,-9.172065734863281,1.1690807342529297,False,False,1.65+1.21
to_Tokyo,country,1+2,5,5+5,1.0,-6.601369857788086,6.545737414853647e-05,0.04818333685398102, a,0.584540069103241,-9.172065734863281,2.5706958770751953,False,False,3.30+2.35
to_Tokyo,country,1+2,5,5+5,2.0,-6.006661415100098,7.805532368365675e-05,0.03170022368431091, a,0.5761163830757141,-9.172065734863281,3.1654043197631836,False,False,6.59+4.01
to_Tokyo,country,1+2,10,9+8,0.0,-9.172065734863281,2.6233399694319814e-05,0.252483069896698, Berlin,0.6005579829216003,-9.172065734863281,0.0,False,False,0.00+0.00
to_Tokyo,country,1+2,10,9+8,0.5,-7.994024753570557,4.05825994675979e-05,0.12025429308414459, Berlin,0.5930022597312927,-9.172065734863281,1.1780409812927246,False,False,1.70+1.26
to_Tokyo,country,1+2,10,9+8,1.0,-6.62227725982666,6.314093479886651e-05,0.0474601686000824, a,0.5825600028038025,-9.172065734863281,2.549788475036621,False,False,3.41+2.41
to_Tokyo,country,1+2,10,9+8,2.0,-6.3001909255981445,6.477033457485959e-05,0.035278841853141785, a,0.5715301632881165,-9.172065734863281,2.8718748092651367,False,False,6.81+4.16
to_Tokyo,country,2+3,1,1+1,0.0,-9.172065734863281,2.6233399694319814e-05,0.252483069896698, Berlin,0.6005579829216003,-9.172065734863281,0.0,False,False,0.00+0.00
to_Tokyo,country,2+3,1,1+1,0.5,-8.8264741897583,2.8584619940374978e-05,0.19472484290599823, Berlin,0.5997311472892761,-9.172065734863281,0.34559154510498047,False,False,0.75+1.06
to_Tokyo,country,2+3,1,1+1,1.0,-8.418734550476074,3.085627395194024e-05,0.13981486856937408, Berlin,0.5998120307922363,-9.172065734863281,0.753331184387207,False,False,1.51+2.11
to_Tokyo,country,2+3,1,1+1,2.0,-7.539525985717773,3.3493113733129576e-05,0.06299849599599838, a,0.605155348777771,-9.172065734863281,1.6325397491455078,False,False,3.02+4.22
to_Tokyo,country,2+3,5,5+5,0.0,-9.172065734863281,2.6233399694319814e-05,0.252483069896698, Berlin,0.6005579829216003,-9.172065734863281,0.0,False,False,0.00+0.00
to_Tokyo,country,2+3,5,5+5,0.5,-8.350618362426758,2.8998483685427345e-05,0.12274467945098877, Berlin,0.6014130711555481,-9.172065734863281,0.8214473724365234,False,False,1.24+1.73
to_Tokyo,country,2+3,5,5+5,1.0,-7.161074161529541,3.2774398277979344e-05,0.042223043739795685, a,0.6092730164527893,-9.172065734863281,2.0109915733337402,False,False,2.48+3.45
to_Tokyo,country,2+3,5,5+5,2.0,-5.390605449676514,2.82440578303067e-05,0.006194939371198416, a,0.6385619044303894,-9.172065734863281,3.7814602851867676,False,False,4.96+6.81
to_Tokyo,country,2+3,10,8+6,0.0,-9.172065734863281,2.6233399694319814e-05,0.252483069896698, Berlin,0.6005579829216003,-9.172065734863281,0.0,False,False,0.00+0.00
to_Tokyo,country,2+3,10,8+6,0.5,-8.329963684082031,2.8595690309884958e-05,0.11856534332036972, Berlin,0.6007049679756165,-9.172065734863281,0.84210205078125,False,False,1.29+1.73
to_Tokyo,country,2+3,10,8+6,1.0,-7.094228744506836,3.1835457775741816e-05,0.038361482322216034, a,0.6074925661087036,-9.172065734863281,2.0778369903564453,False,False,2.58+3.44
to_Tokyo,country,2+3,10,8+6,2.0,-5.3198628425598145,2.5606916096876375e-05,0.0052329180762171745, a,0.6338047981262207,-9.172065734863281,3.852202892303467,False,False,5.16+6.78
to_Tokyo,country,3+4,1,1+1,0.0,-9.172065734863281,2.6233399694319814e-05,0.252483069896698, Berlin,0.6005579829216003,-9.172065734863281,0.0,False,False,0.00+0.00
to_Tokyo,country,3+4,1,1+1,0.5,-8.768769264221191,3.0151957616908476e-05,0.19388480484485626, Berlin,0.6012662649154663,-9.172065734863281,0.40329647064208984,False,False,1.06+1.39
to_Tokyo,country,3+4,1,1+1,1.0,-8.353864669799805,3.3464733860455453e-05,0.1421099752187729, Berlin,0.5984972715377808,-9.172065734863281,0.8182010650634766,False,False,2.11+2.77
to_Tokyo,country,3+4,1,1+1,2.0,-7.444549560546875,3.809191184700467e-05,0.06515675038099289, a,0.5798152089118958,-9.172065734863281,1.7275161743164062,False,False,4.22+5.55
to_Tokyo,country,3+4,5,5+5,0.0,-9.172065734863281,2.6233399694319814e-05,0.252483069896698, Berlin,0.6005579829216003,-9.172065734863281,0.0,False,False,0.00+0.00
to_Tokyo,country,3+4,5,5+5,0.5,-8.330381393432617,3.3521460863994434e-05,0.13904699683189392, Berlin,0.5954295992851257,-9.172065734863281,0.8416843414306641,False,False,1.72+2.58
to_Tokyo,country,3+4,5,5+5,1.0,-7.628163814544678,3.920203380403109e-05,0.08057087659835815, a,0.5988867878913879,-9.172065734863281,1.5439019203186035,False,False,3.45+4.89
to_Tokyo,country,3+4,5,5+5,2.0,-6.125338554382324,6.458947609644383e-05,0.02953672967851162, a,0.6112158298492432,-9.172065734863281,3.046727180480957,False,False,6.90+10.22
to_Tokyo,country,3+4,10,6+9,0.0,-9.172065734863281,2.6233399694319814e-05,0.252483069896698, Berlin,0.6005579829216003,-9.172065734863281,0.0,False,False,0.00+0.00
to_Tokyo,country,3+4,10,6+9,0.5,-8.337876319885254,3.3617856388445944e-05,0.14049594104290009, Berlin,0.5965055227279663,-9.172065734863281,0.8341894149780273,False,False,1.72+2.60
to_Tokyo,country,3+4,10,6+9,1.0,-7.6539411544799805,3.9217851735884324e-05,0.08270812779664993, a,0.6009450554847717,-9.172065734863281,1.5181245803833008,False,False,3.45+4.93
to_Tokyo,country,3+4,10,6+9,2.0,-6.189199447631836,6.409961497411132e-05,0.031245730817317963, a,0.614140510559082,-9.172065734863281,2.9828662872314453,False,False,6.90+10.30
to_Tokyo,country,4+5,1,1+1,0.0,-9.172065734863281,2.6233399694319814e-05,0.252483069896698, Berlin,0.6005579829216003,-9.172065734863281,0.0,False,False,0.00+0.00
to_Tokyo,country,4+5,1,1+1,0.5,-8.677555084228516,3.300040771136992e-05,0.19370178878307343, Berlin,0.5985484719276428,-9.172065734863281,0.4945106506347656,False,False,1.39+1.75
to_Tokyo,country,4+5,1,1+1,1.0,-8.21749496459961,4.130995148443617e-05,0.15306207537651062, Berlin,0.5953036546707153,-9.172065734863281,0.9545707702636719,False,False,2.77+3.28
to_Tokyo,country,4+5,1,1+1,2.0,-7.294370174407959,6.83275138726458e-05,0.10057733952999115, Berlin,0.576658308506012,-9.172065734863281,1.8776955604553223,False,False,5.55+5.62
to_Tokyo,country,4+5,5,5+5,0.0,-9.172065734863281,2.6233399694319814e-05,0.252483069896698, Berlin,0.6005579829216003,-9.172065734863281,0.0,False,False,0.00+0.00
to_Tokyo,country,4+5,5,5+5,0.5,-7.880035877227783,5.150298238731921e-05,0.13617226481437683, Berlin,0.5676640868186951,-9.172065734863281,1.292029857635498,False,False,2.80+2.86
to_Tokyo,country,4+5,5,5+5,1.0,-6.893283367156982,0.00010589406156213954,0.10437258332967758, Berlin,0.5344878435134888,-9.172065734863281,2.278782367706299,False,False,5.60+5.28
to_Tokyo,country,4+5,5,5+5,2.0,-3.297779083251953,0.001090167905203998,0.02949175238609314, a,0.4690365493297577,-9.172065734863281,5.874286651611328,False,False,11.21+9.49
to_Tokyo,country,4+5,10,9+6,0.0,-9.172065734863281,2.6233399694319814e-05,0.252483069896698, Berlin,0.6005579829216003,-9.172065734863281,0.0,False,False,0.00+0.00
to_Tokyo,country,4+5,10,9+6,0.5,-7.8322224617004395,5.203578984946944e-05,0.13115747272968292, Berlin,0.5654751062393188,-9.172065734863281,1.3398432731628418,False,False,2.82+3.18
to_Tokyo,country,4+5,10,9+6,1.0,-6.772911071777344,0.00010395002027507871,0.09083689749240875, a,0.5365915298461914,-9.172065734863281,2.3991546630859375,False,False,5.64+6.02
to_Tokyo,country,4+5,10,9+6,2.0,-3.711459159851074,0.0005400424124673009,0.022095005959272385, the,0.4842624068260193,-9.172065734863281,5.460606575012207,False,False,11.29+11.36
to_Tokyo,country,5+6,1,1+1,0.0,-9.172065734863281,2.6233399694319814e-05,0.252483069896698, Berlin,0.6005579829216003,-9.172065734863281,0.0,False,False,0.00+0.00
to_Tokyo,country,5+6,1,1+1,0.5,-8.76120662689209,3.1140694773057476e-05,0.1987338662147522, Berlin,0.5949847102165222,-9.172065734863281,0.4108591079711914,False,False,1.75+0.88
to_Tokyo,country,5+6,1,1+1,1.0,-8.327106475830078,3.7416153645608574e-05,0.15469473600387573, Berlin,0.5896022915840149,-9.172065734863281,0.8449592590332031,False,False,3.49+1.76
to_Tokyo,country,5+6,1,1+1,2.0,-7.448939323425293,5.577096817432903e-05,0.09581676870584488, a,0.5793071389198303,-9.172065734863281,1.7231264114379883,False,False,6.99+3.52
to_Tokyo,country,5+6,5,5+4,0.0,-9.172065734863281,2.6233399694319814e-05,0.252483069896698, Berlin,0.6005579829216003,-9.172065734863281,0.0,False,False,0.00+0.00
to_Tokyo,country,5+6,5,5+4,0.5,-8.095930099487305,4.7328503569588065e-05,0.1552889049053192, Berlin,0.5782465934753418,-9.172065734863281,1.0761356353759766,False,False,2.99+2.41
to_Tokyo,country,5+6,5,5+4,1.0,-7.08278226852417,9.441479778615758e-05,0.11247424781322479, Berlin,0.555457353591919,-9.172065734863281,2.0892834663391113,False,False,5.98+4.82
to_Tokyo,country,5+6,5,5+4,2.0,-4.935041427612305,0.000524428382050246,0.07293690741062164, the,0.5198013186454773,-9.172065734863281,4.237024307250977,False,False,11.95+7.58
to_Tokyo,country,5+6,10,6+4,0.0,-9.172065734863281,2.6233399694319814e-05,0.252483069896698, Berlin,0.6005579829216003,-9.172065734863281,0.0,False,False,0.00+0.00
to_Tokyo,country,5+6,10,6+4,0.5,-8.036901473999023,4.743735917145386e-05,0.14672444760799408, Berlin,0.5740612149238586,-9.172065734863281,1.1351642608642578,False,False,3.27+2.41
to_Tokyo,country,5+6,10,6+4,1.0,-6.8633551597595215,9.623235382605344e-05,0.0920531302690506, a,0.5506875514984131,-9.172065734863281,2.3087105751037598,False,False,6.54+4.82
to_Tokyo,country,5+6,10,6+4,2.0,-4.518074035644531,0.00041701566078700125,0.038223206996917725, the,0.5145862102508545,-9.172065734863281,4.65399169921875,False,False,13.09+7.88
to_Tokyo,country,6+7,1,1+1,0.0,-9.172065734863281,2.6233399694319814e-05,0.252483069896698, Berlin,0.6005579829216003,-9.172065734863281,0.0,False,False,0.00+0.00
to_Tokyo,country,6+7,1,1+1,0.5,-8.954634666442871,2.8160384317743592e-05,0.21806542575359344, Berlin,0.5955014228820801,-9.172065734863281,0.21743106842041016,False,False,0.88+1.81
to_Tokyo,country,6+7,1,1+1,1.0,-8.74609088897705,2.9826038371538743e-05,0.1874884068965912, Berlin,0.586674690246582,-9.172065734863281,0.42597484588623047,False,False,1.76+3.41
to_Tokyo,country,6+7,1,1+1,2.0,-8.385080337524414,3.36930897901766e-05,0.147616446018219, Berlin,0.5622336864471436,-9.172065734863281,0.7869853973388672,False,False,3.52+5.97
to_Tokyo,country,6+7,5,4+5,0.0,-9.172065734863281,2.6233399694319814e-05,0.252483069896698, Berlin,0.6005579829216003,-9.172065734863281,0.0,False,False,0.00+0.00
to_Tokyo,country,6+7,5,4+5,0.5,-8.526089668273926,3.93578338844236e-05,0.19854772090911865, Berlin,0.5760415196418762,-9.172065734863281,0.6459760665893555,False,False,2.41+2.90
to_Tokyo,country,6+7,5,4+5,1.0,-7.720408916473389,6.615000165766105e-05,0.14909423887729645, Berlin,0.5338113307952881,-9.172065734863281,1.4516568183898926,False,False,4.82+5.67
to_Tokyo,country,6+7,5,4+5,2.0,-4.278803825378418,0.0008216374553740025,0.05928449332714081, the,0.43446794152259827,-9.172065734863281,4.893261909484863,False,False,9.65+10.43
to_Tokyo,country,6+7,10,4+7,0.0,-9.172065734863281,2.6233399694319814e-05,0.252483069896698, Berlin,0.6005579829216003,-9.172065734863281,0.0,False,False,0.00+0.00
to_Tokyo,country,6+7,10,4+7,0.5,-8.51619815826416,3.926893987227231e-05,0.19614945352077484, Berlin,0.5745286345481873,-9.172065734863281,0.6558675765991211,False,False,2.41+2.92
to_Tokyo,country,6+7,10,4+7,1.0,-7.716402053833008,6.543684139614925e-05,0.14689703285694122, Berlin,0.5312593579292297,-9.172065734863281,1.4556636810302734,False,False,4.82+5.71
to_Tokyo,country,6+7,10,4+7,2.0,-4.3869829177856445,0.0007440618937835097,0.05982072651386261, the,0.4306354820728302,-9.172065734863281,4.785082817077637,False,False,9.65+10.54
to_Tokyo,country,7+8,1,1+1,0.0,-9.172065734863281,2.6233399694319814e-05,0.252483069896698, Berlin,0.6005579829216003,-9.172065734863281,0.0,False,False,0.00+0.00
to_Tokyo,country,7+8,1,1+1,0.5,-8.873933792114258,2.606944508443121e-05,0.18622258305549622, Berlin,0.5840425491333008,-9.172065734863281,0.29813194274902344,False,False,1.91+2.60
to_Tokyo,country,7+8,1,1+1,1.0,-8.477140426635742,2.52415775321424e-05,0.12125283479690552, Berlin,0.5618755221366882,-9.172065734863281,0.6949253082275391,False,False,3.83+4.88
to_Tokyo,country,7+8,1,1+1,2.0,-7.9149980545043945,2.308638249814976e-05,0.06321147829294205, a,0.5136131048202515,-9.172065734863281,1.2570676803588867,False,False,7.66+8.21
to_Tokyo,country,7+8,5,5+5,0.0,-9.172065734863281,2.6233399694319814e-05,0.252483069896698, Berlin,0.6005579829216003,-9.172065734863281,0.0,False,False,0.00+0.00
to_Tokyo,country,7+8,5,5+5,0.5,-8.595413208007812,3.335058136144653e-05,0.18031999468803406, Berlin,0.5613202452659607,-9.172065734863281,0.5766525268554688,False,False,2.94+2.38
to_Tokyo,country,7+8,5,5+5,1.0,-7.964057922363281,4.5354143367148936e-05,0.13042579591274261, Berlin,0.5079643130302429,-9.172065734863281,1.2080078125,False,False,5.88+4.21
to_Tokyo,country,7+8,5,5+5,2.0,-5.431515216827393,0.0001915105094667524,0.04375924542546272, the,0.4300968050956726,-9.172065734863281,3.7405505180358887,False,False,11.77+6.16
to_Tokyo,country,7+8,10,7+6,0.0,-9.172065734863281,2.6233399694319814e-05,0.252483069896698, Berlin,0.6005579829216003,-9.172065734863281,0.0,False,False,0.00+0.00
to_Tokyo,country,7+8,10,7+6,0.5,-8.570657730102539,3.3021813578670844e-05,0.17417676746845245, Berlin,0.5587150454521179,-9.172065734863281,0.6014080047607422,False,False,2.97+2.42
to_Tokyo,country,7+8,10,7+6,1.0,-7.922854423522949,4.371114118839614e-05,0.12062684446573257, Berlin,0.5019451975822449,-9.172065734863281,1.249211311340332,False,False,5.95+4.35
to_Tokyo,country,7+8,10,7+6,2.0,-5.2752227783203125,0.00018147974333260208,0.03546731546521187, the,0.425178200006485,-9.172065734863281,3.8968429565429688,False,False,11.89+6.74
to_Tokyo,country,8+9,1,1+1,0.0,-9.172065734863281,2.6233399694319814e-05,0.252483069896698, Berlin,0.6005579829216003,-9.172065734863281,0.0,False,False,0.00+0.00
to_Tokyo,country,8+9,1,1+1,0.5,-8.526470184326172,3.0822102417005226e-05,0.15554679930210114, Berlin,0.5856199264526367,-9.172065734863281,0.6455955505371094,False,False,2.75+2.39
to_Tokyo,country,8+9,1,1+1,1.0,-7.542823791503906,4.0087350498652086e-05,0.07565091550350189, a,0.5618157982826233,-9.172065734863281,1.629241943359375,False,False,5.49+4.77
to_Tokyo,country,8+9,1,1+1,2.0,-5.477629661560059,7.042026845738292e-05,0.016850072890520096, a,0.5233427882194519,-9.172065734863281,3.6944360733032227,False,False,10.98+9.54
to_Tokyo,country,8+9,5,5+4,0.0,-9.172065734863281,2.6233399694319814e-05,0.252483069896698, Berlin,0.6005579829216003,-9.172065734863281,0.0,False,False,0.00+0.00
to_Tokyo,country,8+9,5,5+4,0.5,-8.385374069213867,3.167703471262939e-05,0.13882455229759216, Berlin,0.5790802836418152,-9.172065734863281,0.7866916656494141,False,False,2.61+2.65
to_Tokyo,country,8+9,5,5+4,1.0,-7.334108352661133,4.224323856760748e-05,0.06470231711864471, a,0.5455359816551208,-9.172065734863281,1.8379573822021484,False,False,5.22+5.31
to_Tokyo,country,8+9,5,5+4,2.0,-5.488936424255371,8.275241998489946e-05,0.020026061683893204, a,0.49032238125801086,-9.172065734863281,3.68312931060791,False,False,10.44+10.88
to_Tokyo,country,8+9,10,6+4,0.0,-9.172065734863281,2.6233399694319814e-05,0.252483069896698, Berlin,0.6005579829216003,-9.172065734863281,0.0,False,False,0.00+0.00
to_Tokyo,country,8+9,10,6+4,0.5,-8.37828254699707,3.1604493415215984e-05,0.1375279277563095, Berlin,0.5787509083747864,-9.172065734863281,0.7937831878662109,False,False,2.64+2.65
to_Tokyo,country,8+9,10,6+4,1.0,-7.320461273193359,4.199103204882704e-05,0.06344431638717651, a,0.5446336269378662,-9.172065734863281,1.8516044616699219,False,False,5.27+5.31
to_Tokyo,country,8+9,10,6+4,2.0,-5.500263214111328,8.162087760865688e-05,0.019977234303951263, a,0.49002745747566223,-9.172065734863281,3.671802520751953,False,False,10.55+10.90
to_Tokyo,country,9+10,1,1+1,0.0,-9.172065734863281,2.6233399694319814e-05,0.252483069896698, Berlin,0.6005579829216003,-9.172065734863281,0.0,False,False,0.00+0.00
to_Tokyo,country,9+10,1,1+1,0.5,-8.451559066772461,4.985793202649802e-05,0.2334531545639038, Berlin,0.5956180095672607,-9.172065734863281,0.7205066680908203,False,False,2.39+3.72
to_Tokyo,country,9+10,1,1+1,1.0,-7.465559005737305,0.00011605202598730102,0.202723428606987, Berlin,0.5777826905250549,-9.172065734863281,1.7065067291259766,False,False,4.77+7.43
to_Tokyo,country,9+10,1,1+1,2.0,-4.185141563415527,0.0016124611720442772,0.10594318807125092, Berlin,0.5312040448188782,-9.172065734863281,4.986924171447754,False,False,9.54+14.45
to_Tokyo,country,9+10,5,4+5,0.0,-9.172065734863281,2.6233399694319814e-05,0.252483069896698, Berlin,0.6005579829216003,-9.172065734863281,0.0,False,False,0.00+0.00
to_Tokyo,country,9+10,5,4+5,0.5,-8.165217399597168,5.342256190488115e-05,0.18785971403121948, Berlin,0.5802483558654785,-9.172065734863281,1.0068483352661133,False,False,2.66+3.99
to_Tokyo,country,9+10,5,4+5,1.0,-6.554101467132568,0.00017554612713865936,0.12325408309698105, Berlin,0.5407823324203491,-9.172065734863281,2.617964267730713,False,False,5.31+7.94
to_Tokyo,country,9+10,5,4+5,2.0,-1.225576400756836,0.005926942452788353,0.02018793113529682, a,0.469289094209671,-9.172065734863281,7.946489334106445,False,False,10.62+15.46
to_Tokyo,country,9+10,10,4+9,0.0,-9.172065734863281,2.6233399694319814e-05,0.252483069896698, Berlin,0.6005579829216003,-9.172065734863281,0.0,False,False,0.00+0.00
to_Tokyo,country,9+10,10,4+9,0.5,-8.153759956359863,5.3198607929516584e-05,0.18494105339050293, Berlin,0.5794804692268372,-9.172065734863281,1.018305778503418,False,False,2.66+4.03
to_Tokyo,country,9+10,10,4+9,1.0,-6.555375099182129,0.0001736113481456414,0.12205105274915695, Berlin,0.5410947203636169,-9.172065734863281,2.6166906356811523,False,False,5.31+8.12
to_Tokyo,country,9+10,10,4+9,2.0,-1.1954622268676758,0.006353058852255344,0.020997406914830208, a,0.4729125499725342,-9.172065734863281,7.9766035079956055,False,False,10.62+16.42
to_Tokyo,country,10+11,1,1+1,0.0,-9.172065734863281,2.6233399694319814e-05,0.252483069896698, Berlin,0.6005579829216003,-9.172065734863281,0.0,False,False,0.00+0.00
to_Tokyo,country,10+11,1,1+1,0.5,-8.756532669067383,4.295846520108171e-05,0.2728743851184845, Berlin,0.6065027713775635,-9.172065734863281,0.41553306579589844,False,False,3.72+2.30
to_Tokyo,country,10+11,1,1+1,1.0,-8.220521926879883,7.288000779226422e-05,0.2708543539047241, Berlin,0.6069272756576538,-9.172065734863281,0.9515438079833984,False,False,7.43+4.47
to_Tokyo,country,10+11,1,1+1,2.0,-6.751101016998291,0.0002402428217465058,0.20540741086006165, Berlin,0.6023591756820679,-9.172065734863281,2.4209647178649902,False,False,14.86+8.36
to_Tokyo,country,10+11,5,5+4,0.0,-9.172065734863281,2.6233399694319814e-05,0.252483069896698, Berlin,0.6005579829216003,-9.172065734863281,0.0,False,False,0.00+0.00
to_Tokyo,country,10+11,5,5+4,0.5,-8.496387481689453,4.613471173797734e-05,0.2259238213300705, Berlin,0.5786062479019165,-9.172065734863281,0.6756782531738281,False,False,4.02+2.04
to_Tokyo,country,10+11,5,5+4,1.0,-7.5647292137146,9.88601241260767e-05,0.1906958520412445, Berlin,0.547295331954956,-9.172065734863281,1.6073365211486816,False,False,8.03+3.88
to_Tokyo,country,10+11,5,5+4,2.0,-4.488051414489746,0.0011128984624519944,0.09899003803730011, a,0.490501344203949,-9.172065734863281,4.684014320373535,False,False,16.06+5.93
to_Tokyo,country,10+11,10,9+4,0.0,-9.172065734863281,2.6233399694319814e-05,0.252483069896698, Berlin,0.6005579829216003,-9.172065734863281,0.0,False,False,0.00+0.00
to_Tokyo,country,10+11,10,9+4,0.5,-8.48033332824707,4.567151700030081e-05,0.2200935333967209, Berlin,0.5770559310913086,-9.172065734863281,0.6917324066162109,False,False,4.03+2.04
to_Tokyo,country,10+11,10,9+4,1.0,-7.54332160949707,9.578389290254563e-05,0.18084874749183655, Berlin,0.5446824431419373,-9.172065734863281,1.628744125366211,False,False,8.05+3.87
to_Tokyo,country,10+11,10,9+4,2.0,-4.592957496643066,0.0009353968198411167,0.09240425378084183, a,0.4879821836948395,-9.172065734863281,4.579108238220215,False,False,16.11+5.97
to_Tokyo,country,11+12,1,1+1,0.0,-9.172065734863281,2.6233399694319814e-05,0.252483069896698, Berlin,0.6005579829216003,-9.172065734863281,0.0,False,False,0.00+0.00
to_Tokyo,country,11+12,1,1+1,0.5,-9.090662956237793,2.795251384668518e-05,0.24799661338329315, Berlin,0.6089592576026917,-9.172065734863281,0.08140277862548828,False,False,2.35+0.01
to_Tokyo,country,11+12,1,1+1,1.0,-8.98782730102539,3.0256662284955382e-05,0.24220608174800873, Berlin,0.615776538848877,-9.172065734863281,0.18423843383789062,False,False,4.71+0.09
to_Tokyo,country,11+12,1,1+1,2.0,-8.677976608276367,3.783428837778047e-05,0.22216877341270447, Berlin,0.6236512660980225,-9.172065734863281,0.49408912658691406,False,False,9.41+0.32
to_Tokyo,country,11+12,5,4+1,0.0,-9.172065734863281,2.6233399694319814e-05,0.252483069896698, Berlin,0.6005579829216003,-9.172065734863281,0.0,False,False,0.00+0.00
to_Tokyo,country,11+12,5,4+1,0.5,-8.981878280639648,2.9376988095464185e-05,0.23376935720443726, Berlin,0.5960575938224792,-9.172065734863281,0.1901874542236328,False,False,2.18+0.14
to_Tokyo,country,11+12,5,4+1,1.0,-8.768861770629883,3.325450234115124e-05,0.21385473012924194, Berlin,0.5894020795822144,-9.172065734863281,0.40320396423339844,False,False,4.36+0.48
to_Tokyo,country,11+12,5,4+1,2.0,-8.304693222045898,4.3044543417636305e-05,0.17402051389217377, Berlin,0.5702856183052063,-9.172065734863281,0.8673725128173828,False,False,8.71+1.75
to_Tokyo,country,11+12,10,4+1,0.0,-9.172065734863281,2.6233399694319814e-05,0.252483069896698, Berlin,0.6005579829216003,-9.172065734863281,0.0,False,False,0.00+0.00
to_Tokyo,country,11+12,10,4+1,0.5,-8.981878280639648,2.9376988095464185e-05,0.23376935720443726, Berlin,0.5960575938224792,-9.172065734863281,0.1901874542236328,False,False,2.18+0.14
to_Tokyo,country,11+12,10,4+1,1.0,-8.768861770629883,3.325450234115124e-05,0.21385473012924194, Berlin,0.5894020795822144,-9.172065734863281,0.40320396423339844,False,False,4.36+0.48
to_Tokyo,country,11+12,10,4+1,2.0,-8.304693222045898,4.3044543417636305e-05,0.17402051389217377, Berlin,0.5702856183052063,-9.172065734863281,0.8673725128173828,False,False,8.71+1.75
to_Tokyo,country,12+13,1,1+1,0.0,-9.172065734863281,2.6233399694319814e-05,0.252483069896698, Berlin,0.6005579829216003,-9.172065734863281,0.0,False,False,0.00+0.00
to_Tokyo,country,12+13,1,1+1,0.5,-9.137426376342773,2.6107338271685876e-05,0.24271486699581146, Berlin,0.6028243899345398,-9.172065734863281,0.03463935852050781,False,False,0.03+1.52
to_Tokyo,country,12+13,1,1+1,1.0,-9.100540161132812,2.5927425667759962e-05,0.23231302201747894, Berlin,0.6048408150672913,-9.172065734863281,0.07152557373046875,False,False,0.06+3.04
to_Tokyo,country,12+13,1,1+1,2.0,-9.024290084838867,2.536655665608123e-05,0.2106013000011444, Berlin,0.6077240109443665,-9.172065734863281,0.14777565002441406,False,False,0.11+6.07
to_Tokyo,country,12+13,5,1+5,0.0,-9.172065734863281,2.6233399694319814e-05,0.252483069896698, Berlin,0.6005579829216003,-9.172065734863281,0.0,False,False,0.00+0.00
to_Tokyo,country,12+13,5,1+5,0.5,-9.123985290527344,2.635883902257774e-05,0.24178120493888855, Berlin,0.6034618020057678,-9.172065734863281,0.0480804443359375,False,False,0.03+1.60
to_Tokyo,country,12+13,5,1+5,1.0,-9.070545196533203,2.6503828848944977e-05,0.2304605394601822, Berlin,0.6063043475151062,-9.172065734863281,0.10152053833007812,False,False,0.06+3.21
to_Tokyo,country,12+13,5,1+5,2.0,-8.95062255859375,2.683630373212509e-05,0.20698022842407227, Berlin,0.6111832857131958,-9.172065734863281,0.22144317626953125,False,False,0.11+6.41
to_Tokyo,country,12+13,10,1+7,0.0,-9.172065734863281,2.6233399694319814e-05,0.252483069896698, Berlin,0.6005579829216003,-9.172065734863281,0.0,False,False,0.00+0.00
to_Tokyo,country,12+13,10,1+7,0.5,-9.123132705688477,2.639735430420842e-05,0.24192818999290466, Berlin,0.603722333908081,-9.172065734863281,0.04893302917480469,False,False,0.03+1.61
to_Tokyo,country,12+13,10,1+7,1.0,-9.069145202636719,2.6577105018077418e-05,0.23077434301376343, Berlin,0.606823205947876,-9.172065734863281,0.1029205322265625,False,False,0.06+3.22
to_Tokyo,country,12+13,10,1+7,2.0,-8.948997497558594,2.696596311579924e-05,0.20764249563217163, Berlin,0.6122165322303772,-9.172065734863281,0.2230682373046875,False,False,0.11+6.43
to_Tokyo,country,13+14,1,1+1,0.0,-9.172065734863281,2.6233399694319814e-05,0.252483069896698, Berlin,0.6005579829216003,-9.172065734863281,0.0,False,False,0.00+0.00
to_Tokyo,country,13+14,1,1+1,0.5,-9.112183570861816,2.6744661226985045e-05,0.2424420863389969, Berlin,0.6016493439674377,-9.172065734863281,0.059882164001464844,False,False,1.52+1.43
to_Tokyo,country,13+14,1,1+1,1.0,-9.045273780822754,2.730074993451126e-05,0.23146599531173706, Berlin,0.6017740964889526,-9.172065734863281,0.12679195404052734,False,False,3.04+2.85
to_Tokyo,country,13+14,1,1+1,2.0,-8.902242660522461,2.8365366233629175e-05,0.20844100415706635, Berlin,0.5990610122680664,-9.172065734863281,0.2698230743408203,False,False,6.07+5.70
to_Tokyo,country,13+14,5,5+5,0.0,-9.172065734863281,2.6233399694319814e-05,0.252483069896698, Berlin,0.6005579829216003,-9.172065734863281,0.0,False,False,0.00+0.00
to_Tokyo,country,13+14,5,5+5,0.5,-9.066303253173828,2.764040073088836e-05,0.23932594060897827, Berlin,0.609753429889679,-9.172065734863281,0.10576248168945312,False,False,1.60+1.58
to_Tokyo,country,13+14,5,5+5,1.0,-8.959412574768066,2.8964102966710925e-05,0.22536338865756989, Berlin,0.6173341870307922,-9.172065734863281,0.21265316009521484,False,False,3.21+3.08
to_Tokyo,country,13+14,5,5+5,2.0,-8.731438636779785,3.170662239426747e-05,0.19641098380088806, Berlin,0.6280763149261475,-9.172065734863281,0.4406270980834961,False,False,6.42+6.01
to_Tokyo,country,13+14,10,7+5,0.0,-9.172065734863281,2.6233399694319814e-05,0.252483069896698, Berlin,0.6005579829216003,-9.172065734863281,0.0,False,False,0.00+0.00
to_Tokyo,country,13+14,10,7+5,0.5,-9.065465927124023,2.7680365747073665e-05,0.2394714653491974, Berlin,0.6100175976753235,-9.172065734863281,0.10659980773925781,False,False,1.61+1.58
to_Tokyo,country,13+14,10,7+5,1.0,-8.958080291748047,2.904215762100648e-05,0.22566993534564972, Berlin,0.6178625822067261,-9.172065734863281,0.21398544311523438,False,False,3.22+3.08
to_Tokyo,country,13+14,10,7+5,2.0,-8.729715347290039,3.185443711117841e-05,0.1969868540763855, Berlin,0.629223644733429,-9.172065734863281,0.4423503875732422,False,False,6.43+6.01
to_Tokyo,country,14+15,1,1+1,0.0,-9.172065734863281,2.6233399694319814e-05,0.252483069896698, Berlin,0.6005579829216003,-9.172065734863281,0.0,False,False,0.00+0.00
to_Tokyo,country,14+15,1,1+1,0.5,-9.113560676574707,2.717754068726208e-05,0.2467058300971985, Berlin,0.596509575843811,-9.172065734863281,0.05850505828857422,False,False,1.43+0.90
to_Tokyo,country,14+15,1,1+1,1.0,-9.050426483154297,2.820115514623467e-05,0.2403351068496704, Berlin,0.5918897390365601,-9.172065734863281,0.12163925170898438,False,False,2.85+1.74
to_Tokyo,country,14+15,1,1+1,2.0,-8.912914276123047,3.0460167181445286e-05,0.2262360006570816, Berlin,0.5808823704719543,-9.172065734863281,0.2591514587402344,False,False,5.70+3.28
to_Tokyo,country,14+15,5,5+5,0.0,-9.172065734863281,2.6233399694319814e-05,0.252483069896698, Berlin,0.6005579829216003,-9.172065734863281,0.0,False,False,0.00+0.00
to_Tokyo,country,14+15,5,5+5,0.5,-9.070331573486328,2.8012183975079097e-05,0.24352404475212097, Berlin,0.6030418276786804,-9.172065734863281,0.10173416137695312,False,False,1.63+1.13
to_Tokyo,country,14+15,5,5+5,1.0,-8.972115516662598,2.9768179956590757e-05,0.23458079993724823, Berlin,0.6055408716201782,-9.172065734863281,0.1999502182006836,False,False,3.26+2.08
to_Tokyo,country,14+15,5,5+5,2.0,-8.788829803466797,3.3126627386081964e-05,0.21732892096042633, Berlin,0.6105329990386963,-9.172065734863281,0.3832359313964844,False,False,6.52+3.45
to_Tokyo,country,14+15,10,5+5,0.0,-9.172065734863281,2.6233399694319814e-05,0.252483069896698, Berlin,0.6005579829216003,-9.172065734863281,0.0,False,False,0.00+0.00
to_Tokyo,country,14+15,10,5+5,0.5,-9.070331573486328,2.8012183975079097e-05,0.24352404475212097, Berlin,0.6030418276786804,-9.172065734863281,0.10173416137695312,False,False,1.63+1.13
to_Tokyo,country,14+15,10,5+5,1.0,-8.972115516662598,2.9768179956590757e-05,0.23458079993724823, Berlin,0.6055408716201782,-9.172065734863281,0.1999502182006836,False,False,3.26+2.08
to_Tokyo,country,14+15,10,5+5,2.0,-8.788829803466797,3.3126627386081964e-05,0.21732892096042633, Berlin,0.6105329990386963,-9.172065734863281,0.3832359313964844,False,False,6.52+3.45
to_Tokyo,country,15+16,1,1+1,0.0,-9.172065734863281,2.6233399694319814e-05,0.252483069896698, Berlin,0.6005579829216003,-9.172065734863281,0.0,False,False,0.00+0.00
to_Tokyo,country,15+16,1,1+1,0.5,-8.654800415039062,4.022045686724596e-05,0.23076987266540527, Berlin,0.5956906080245972,-9.172065734863281,0.5172653198242188,False,False,0.92+4.89
to_Tokyo,country,15+16,1,1+1,1.0,-8.046121597290039,6.636908074142411e-05,0.20718204975128174, Berlin,0.5882468819618225,-9.172065734863281,1.1259441375732422,False,False,1.84+9.79
to_Tokyo,country,15+16,1,1+1,2.0,-6.248113632202148,0.00029329079552553594,0.1516420990228653, Berlin,0.5661774277687073,-9.172065734863281,2.923952102661133,False,False,3.68+19.57
to_Tokyo,country,15+16,5,5+5,0.0,-9.172065734863281,2.6233399694319814e-05,0.252483069896698, Berlin,0.6005579829216003,-9.172065734863281,0.0,False,False,0.00+0.00
to_Tokyo,country,15+16,5,5+5,0.5,-7.995364189147949,7.604667189298198e-05,0.2256433665752411, Berlin,0.5942113399505615,-9.172065734863281,1.176701545715332,False,False,1.23+10.30
to_Tokyo,country,15+16,5,5+5,1.0,-6.494845390319824,0.00028491229750216007,0.18853269517421722, Berlin,0.5859680771827698,-9.172065734863281,2.677220344543457,False,False,2.45+20.59
to_Tokyo,country,15+16,5,5+5,2.0,-1.8111467361450195,0.011796467006206512,0.0721643939614296, a,0.5599436163902283,-9.172065734863281,7.360918998718262,False,False,4.90+41.07
to_Tokyo,country,15+16,10,5+10,0.0,-9.172065734863281,2.6233399694319814e-05,0.252483069896698, Berlin,0.6005579829216003,-9.172065734863281,0.0,False,False,0.00+0.00
to_Tokyo,country,15+16,10,5+10,0.5,-7.651573181152344,8.847450953908265e-05,0.18614621460437775, Berlin,0.5755467414855957,-9.172065734863281,1.5204925537109375,False,False,1.23+12.39
to_Tokyo,country,15+16,10,5+10,1.0,-4.947854042053223,0.0007621958502568305,0.10737231373786926, Berlin,0.5494166612625122,-9.172065734863281,4.224211692810059,False,False,2.45+24.75
to_Tokyo,country,15+16,10,5+10,2.0,3.77156925201416,0.12357711046934128,0.0028442407492548227, a,0.4940384030342102,-9.172065734863281,12.943634986877441,True,False,4.90+49.39
to_Tokyo,country,16+17,1,1+1,0.0,-9.172065734863281,2.6233399694319814e-05,0.252483069896698, Berlin,0.6005579829216003,-9.172065734863281,0.0,False,False,0.00+0.00
to_Tokyo,country,16+17,1,1+1,0.5,-8.127361297607422,6.539410969708115e-05,0.22141480445861816, Berlin,0.5593159794807434,-9.172065734863281,1.0447044372558594,False,False,4.89+8.16
to_Tokyo,country,16+17,1,1+1,1.0,-6.371088027954102,0.000309912720695138,0.1812039166688919, Berlin,0.5101827383041382,-9.172065734863281,2.8009777069091797,False,False,9.79+16.33
to_Tokyo,country,16+17,1,1+1,2.0,-1.0912351608276367,0.017807623371481895,0.053030211478471756, a,0.41068509221076965,-9.172065734863281,8.080830574035645,False,False,19.57+32.65
to_Tokyo,country,16+17,5,5+5,0.0,-9.172065734863281,2.6233399694319814e-05,0.252483069896698, Berlin,0.6005579829216003,-9.172065734863281,0.0,False,False,0.00+0.00
to_Tokyo,country,16+17,5,5+5,0.5,-7.0573811531066895,0.00017814857710618526,0.20690172910690308, Berlin,0.5683807134628296,-9.172065734863281,2.114684581756592,False,False,10.32+10.76
to_Tokyo,country,16+17,5,5+5,1.0,-3.1471338272094727,0.004870506469160318,0.11333318054676056, Berlin,0.5374667644500732,-9.172065734863281,6.024931907653809,False,False,20.63+20.50
to_Tokyo,country,16+17,5,5+5,2.0,3.570392608642578,0.1608581840991974,0.004527321085333824, Tokyo,0.5063447952270508,-9.172065734863281,12.74245834350586,True,True,41.26+36.99
to_Tokyo,country,16+17,10,10+5,0.0,-9.172065734863281,2.6233399694319814e-05,0.252483069896698, Berlin,0.6005579829216003,-9.172065734863281,0.0,False,False,0.00+0.00
to_Tokyo,country,16+17,10,10+5,0.5,-6.571381568908691,0.00023564575531054288,0.16833505034446716, Berlin,0.5437487959861755,-9.172065734863281,2.60068416595459,False,False,12.40+10.53
to_Tokyo,country,16+17,10,10+5,1.0,-1.0977420806884766,0.0157768614590168,0.047289423644542694, a,0.4837591350078583,-9.172065734863281,8.074323654174805,False,False,24.79+19.38
to_Tokyo,country,16+17,10,10+5,2.0,6.799516201019287,0.255109041929245,0.00028427151846699417, Tokyo,0.39442765712738037,-9.172065734863281,15.971581935882568,True,True,49.58+26.67
to_Tokyo,country,17+18,1,1+1,0.0,-9.172065734863281,2.6233399694319814e-05,0.252483069896698, Berlin,0.6005579829216003,-9.172065734863281,0.0,False,False,0.00+0.00
to_Tokyo,country,17+18,1,1+1,0.5,-8.561864852905273,4.4600903493119404e-05,0.23319241404533386, Berlin,0.5805069804191589,-9.172065734863281,0.6102008819580078,False,False,8.16+6.41
to_Tokyo,country,17+18,1,1+1,1.0,-7.793335914611816,8.759741467656568e-05,0.2123703956604004, Berlin,0.5586806535720825,-9.172065734863281,1.3787298202514648,False,False,16.33+12.81
to_Tokyo,country,17+18,1,1+1,2.0,-5.397995948791504,0.0007334424299187958,0.16206373274326324, Berlin,0.5092800855636597,-9.172065734863281,3.7740697860717773,False,False,32.65+22.94
to_Tokyo,country,17+18,5,5+3,0.0,-9.172065734863281,2.6233399694319814e-05,0.252483069896698, Berlin,0.6005579829216003,-9.172065734863281,0.0,False,False,0.00+0.00
to_Tokyo,country,17+18,5,5+3,0.5,-8.263126373291016,5.7019533414859325e-05,0.22113317251205444, Berlin,0.5901049971580505,-9.172065734863281,0.9089393615722656,False,False,11.00+6.46
to_Tokyo,country,17+18,5,5+3,1.0,-6.912052154541016,0.00018310206360183656,0.18389056622982025, Berlin,0.5785710215568542,-9.172065734863281,2.2600135803222656,False,False,22.00+13.24
to_Tokyo,country,17+18,5,5+3,2.0,-2.5021095275878906,0.006318184547126293,0.07713378220796585, a,0.520507276058197,-9.172065734863281,6.669956207275391,False,False,43.99+26.74
to_Tokyo,country,17+18,10,5+3,0.0,-9.172065734863281,2.6233399694319814e-05,0.252483069896698, Berlin,0.6005579829216003,-9.172065734863281,0.0,False,False,0.00+0.00
to_Tokyo,country,17+18,10,5+3,0.5,-8.263126373291016,5.7019533414859325e-05,0.22113317251205444, Berlin,0.5901049971580505,-9.172065734863281,0.9089393615722656,False,False,11.00+6.46
to_Tokyo,country,17+18,10,5+3,1.0,-6.912052154541016,0.00018310206360183656,0.18389056622982025, Berlin,0.5785710215568542,-9.172065734863281,2.2600135803222656,False,False,22.00+13.24
to_Tokyo,country,17+18,10,5+3,2.0,-2.5021095275878906,0.006318184547126293,0.07713378220796585, a,0.520507276058197,-9.172065734863281,6.669956207275391,False,False,43.99+26.74
to_Tokyo,country,18+19,1,1+1,0.0,-9.172065734863281,2.6233399694319814e-05,0.252483069896698, Berlin,0.6005579829216003,-9.172065734863281,0.0,False,False,0.00+0.00
to_Tokyo,country,18+19,1,1+1,0.5,-8.862604141235352,3.4130523999920115e-05,0.24105896055698395, Berlin,0.6275157928466797,-9.172065734863281,0.3094615936279297,False,False,6.41+9.36
to_Tokyo,country,18+19,1,1+1,1.0,-8.471569061279297,4.786374847753905e-05,0.22864528000354767, Berlin,0.6502262949943542,-9.172065734863281,0.7004966735839844,False,False,12.81+18.71
to_Tokyo,country,18+19,1,1+1,2.0,-7.42756462097168,0.00011916757648577914,0.20040498673915863, Berlin,0.6887130737304688,-9.172065734863281,1.7445011138916016,False,False,25.63+37.42
to_Tokyo,country,18+19,5,3+4,0.0,-9.172065734863281,2.6233399694319814e-05,0.252483069896698, Berlin,0.6005579829216003,-9.172065734863281,0.0,False,False,0.00+0.00
to_Tokyo,country,18+19,5,3+4,0.5,-8.5142183303833,4.768459984916262e-05,0.2377147674560547, Berlin,0.6241055727005005,-9.172065734863281,0.6578474044799805,False,False,6.29+17.20
to_Tokyo,country,18+19,5,3+4,1.0,-7.481212139129639,0.00011827359412563965,0.20986343920230865, Berlin,0.6352248191833496,-9.172065734863281,1.6908535957336426,False,False,12.59+34.09
to_Tokyo,country,18+19,5,3+4,2.0,-4.708772659301758,0.0011810818687081337,0.1310008019208908, Berlin,0.6417767405509949,-9.172065734863281,4.463293075561523,False,False,25.17+66.79
to_Tokyo,country,18+19,10,3+4,0.0,-9.172065734863281,2.6233399694319814e-05,0.252483069896698, Berlin,0.6005579829216003,-9.172065734863281,0.0,False,False,0.00+0.00
to_Tokyo,country,18+19,10,3+4,0.5,-8.5142183303833,4.768459984916262e-05,0.2377147674560547, Berlin,0.6241055727005005,-9.172065734863281,0.6578474044799805,False,False,6.29+17.20
to_Tokyo,country,18+19,10,3+4,1.0,-7.481212139129639,0.00011827359412563965,0.20986343920230865, Berlin,0.6352248191833496,-9.172065734863281,1.6908535957336426,False,False,12.59+34.09
to_Tokyo,country,18+19,10,3+4,2.0,-4.708772659301758,0.0011810818687081337,0.1310008019208908, Berlin,0.6417767405509949,-9.172065734863281,4.463293075561523,False,False,25.17+66.79
to_Tokyo,country,19+20,1,1+1,0.0,-9.172065734863281,2.6233399694319814e-05,0.252483069896698, Berlin,0.6005579829216003,-9.172065734863281,0.0,False,False,0.00+0.00
to_Tokyo,country,19+20,1,1+1,0.5,-8.7271146774292,3.869959982694127e-05,0.23869560658931732, Berlin,0.5976634621620178,-9.172065734863281,0.44495105743408203,False,False,9.36+9.02
to_Tokyo,country,19+20,1,1+1,1.0,-8.21833610534668,6.0877384385094047e-05,0.22575317323207855, Berlin,0.5913124084472656,-9.172065734863281,0.9537296295166016,False,False,18.71+18.05
to_Tokyo,country,19+20,1,1+1,2.0,-7.051657199859619,0.00017287133960053325,0.1996268630027771, Berlin,0.5693097710609436,-9.172065734863281,2.120408535003662,False,False,37.42+36.09
to_Tokyo,country,19+20,5,4+5,0.0,-9.172065734863281,2.6233399694319814e-05,0.252483069896698, Berlin,0.6005579829216003,-9.172065734863281,0.0,False,False,0.00+0.00
to_Tokyo,country,19+20,5,4+5,0.5,-8.049076080322266,7.15164715074934e-05,0.2239110767841339, Berlin,0.5714272260665894,-9.172065734863281,1.1229896545410156,False,False,17.35+17.20
to_Tokyo,country,19+20,5,4+5,1.0,-6.661137580871582,0.00024399024550803006,0.19066362082958221, Berlin,0.544131338596344,-9.172065734863281,2.510928153991699,False,False,34.69+32.80
to_Tokyo,country,19+20,5,4+5,2.0,-4.041644096374512,0.002179438713937998,0.12405335158109665, Berlin,0.5207529067993164,-9.172065734863281,5.1304216384887695,False,False,69.38+42.73
to_Tokyo,country,19+20,10,4+7,0.0,-9.172065734863281,2.6233399694319814e-05,0.252483069896698, Berlin,0.6005579829216003,-9.172065734863281,0.0,False,False,0.00+0.00
to_Tokyo,country,19+20,10,4+7,0.5,-8.048185348510742,7.131766324164346e-05,0.22308972477912903, Berlin,0.5584644675254822,-9.172065734863281,1.123880386352539,False,False,17.35+17.25
to_Tokyo,country,19+20,10,4+7,1.0,-6.662691116333008,0.00024215938174165785,0.1895270049571991, Berlin,0.5003502368927002,-9.172065734863281,2.5093746185302734,False,False,34.69+32.93
to_Tokyo,country,19+20,10,4+7,2.0,-4.032003402709961,0.0021797027438879013,0.12287795543670654, Berlin,0.35988274216651917,-9.172065734863281,5.14006233215332,False,False,69.38+44.20
to_Tokyo,country,20+21,1,1+1,0.0,-9.172065734863281,2.6233399694319814e-05,0.252483069896698, Berlin,0.6005579829216003,-9.172065734863281,0.0,False,False,0.00+0.00
to_Tokyo,country,20+21,1,1+1,0.5,-8.810871124267578,3.6231172998668626e-05,0.24299374222755432, Berlin,0.5696121454238892,-9.172065734863281,0.3611946105957031,False,False,9.02+8.49
to_Tokyo,country,20+21,1,1+1,1.0,-8.420251846313477,5.14743551320862e-05,0.23359297215938568, Berlin,0.5372048616409302,-9.172065734863281,0.7518138885498047,False,False,18.05+16.98
to_Tokyo,country,20+21,1,1+1,2.0,-7.601468086242676,0.00010835120338015258,0.21682493388652802, Berlin,0.46934774518013,-9.172065734863281,1.5705976486206055,False,False,36.09+33.96
to_Tokyo,country,20+21,5,5+4,0.0,-9.172065734863281,2.6233399694319814e-05,0.252483069896698, Berlin,0.6005579829216003,-9.172065734863281,0.0,False,False,0.00+0.00
to_Tokyo,country,20+21,5,5+4,0.5,-8.277360916137695,5.750353375333361e-05,0.226207435131073, Berlin,0.5314115881919861,-9.172065734863281,0.8947048187255859,False,False,17.34+21.57
to_Tokyo,country,20+21,5,5+4,1.0,-7.344480514526367,0.0001316794950980693,0.2037912756204605, Berlin,0.4678223133087158,-9.172065734863281,1.827585220336914,False,False,34.68+42.64
to_Tokyo,country,20+21,5,5+4,2.0,-5.94681453704834,0.0004533790925052017,0.17343240976333618, Berlin,0.3900456726551056,-9.172065734863281,3.2252511978149414,False,False,69.36+74.45
to_Tokyo,country,20+21,10,7+4,0.0,-9.172065734863281,2.6233399694319814e-05,0.252483069896698, Berlin,0.6005579829216003,-9.172065734863281,0.0,False,False,0.00+0.00
to_Tokyo,country,20+21,10,7+4,0.5,-8.274349212646484,5.743677320424467e-05,0.2252652496099472, Berlin,0.5269381999969482,-9.172065734863281,0.8977165222167969,False,False,17.46+21.57
to_Tokyo,country,20+21,10,7+4,1.0,-7.335855484008789,0.0001317049900535494,0.2020801305770874, Berlin,0.458725243806839,-9.172065734863281,1.8362102508544922,False,False,34.92+42.65
to_Tokyo,country,20+21,10,7+4,2.0,-5.9203691482543945,0.0004583145200740546,0.17074473202228546, Berlin,0.3715552091598511,-9.172065734863281,3.2516965866088867,False,False,69.84+74.51
to_Tokyo,country,21+22,1,1+1,0.0,-9.172065734863281,2.6233399694319814e-05,0.252483069896698, Berlin,0.6005579829216003,-9.172065734863281,0.0,False,False,0.00+0.00
to_Tokyo,country,21+22,1,1+1,0.5,-8.954036712646484,3.2634547096677125e-05,0.25256094336509705, Berlin,0.5938193202018738,-9.172065734863281,0.21802902221679688,False,False,8.49+25.87
to_Tokyo,country,21+22,1,1+1,1.0,-8.70215129852295,4.1915216570487246e-05,0.2521553337574005, Berlin,0.5912248492240906,-9.172065734863281,0.46991443634033203,False,False,16.98+50.44
to_Tokyo,country,21+22,1,1+1,2.0,-8.117158889770508,7.422379712807015e-05,0.2487599104642868, Berlin,0.592144787311554,-9.172065734863281,1.0549068450927734,False,False,33.96+95.55
to_Tokyo,country,21+22,5,4+3,0.0,-9.172065734863281,2.6233399694319814e-05,0.252483069896698, Berlin,0.6005579829216003,-9.172065734863281,0.0,False,False,0.00+0.00
to_Tokyo,country,21+22,5,4+3,0.5,-8.665243148803711,4.273462400306016e-05,0.24776925146579742, Berlin,0.600548267364502,-9.172065734863281,0.5068225860595703,False,False,21.57+33.93
to_Tokyo,country,21+22,5,4+3,1.0,-8.090106964111328,7.428144454024732e-05,0.24230870604515076, Berlin,0.6100500226020813,-9.172065734863281,1.0819587707519531,False,False,43.14+65.96
to_Tokyo,country,21+22,5,4+3,2.0,-6.872952461242676,0.00023345301451627165,0.22546802461147308, Berlin,0.6331571936607361,-9.172065734863281,2.2991132736206055,False,False,86.29+122.04
to_Tokyo,country,21+22,10,4+3,0.0,-9.172065734863281,2.6233399694319814e-05,0.252483069896698, Berlin,0.6005579829216003,-9.172065734863281,0.0,False,False,0.00+0.00
to_Tokyo,country,21+22,10,4+3,0.5,-8.665243148803711,4.273462400306016e-05,0.24776925146579742, Berlin,0.600548267364502,-9.172065734863281,0.5068225860595703,False,False,21.57+33.93
to_Tokyo,country,21+22,10,4+3,1.0,-8.090106964111328,7.428144454024732e-05,0.24230870604515076, Berlin,0.6100500226020813,-9.172065734863281,1.0819587707519531,False,False,43.14+65.96
to_Tokyo,country,21+22,10,4+3,2.0,-6.872952461242676,0.00023345301451627165,0.22546802461147308, Berlin,0.6331571936607361,-9.172065734863281,2.2991132736206055,False,False,86.29+122.04
to_Tokyo,country,22+23,1,1+1,0.0,-9.172065734863281,2.6233399694319814e-05,0.252483069896698, Berlin,0.6005579829216003,-9.172065734863281,0.0,False,False,0.00+0.00
to_Tokyo,country,22+23,1,1+1,0.5,-8.732587814331055,4.043849548907019e-05,0.2507898211479187, Berlin,0.5941738486289978,-9.172065734863281,0.43947792053222656,False,False,26.49+23.20
to_Tokyo,country,22+23,1,1+1,1.0,-8.194535255432129,6.840060086688027e-05,0.24768605828285217, Berlin,0.5860372185707092,-9.172065734863281,0.9775304794311523,False,False,52.99+46.39
to_Tokyo,country,22+23,1,1+1,2.0,-6.9987688064575195,0.00021598514285869896,0.2365650087594986, Berlin,0.5710464119911194,-9.172065734863281,2.1732969284057617,False,False,105.97+92.78
to_Tokyo,country,22+23,5,3+3,0.0,-9.172065734863281,2.6233399694319814e-05,0.252483069896698, Berlin,0.6005579829216003,-9.172065734863281,0.0,False,False,0.00+0.00
to_Tokyo,country,22+23,5,3+3,0.5,-8.621688842773438,4.567831274471246e-05,0.2535490095615387, Berlin,0.6034002900123596,-9.172065734863281,0.5503768920898438,False,False,34.45+26.76
to_Tokyo,country,22+23,5,3+3,1.0,-7.992769718170166,8.591778896516189e-05,0.25427210330963135, Berlin,0.6073055267333984,-9.172065734863281,1.1792960166931152,False,False,68.89+53.48
to_Tokyo,country,22+23,5,3+3,2.0,-6.732152938842773,0.0003034608671441674,0.2545889914035797, Berlin,0.6234433054924011,-9.172065734863281,2.439912796020508,False,False,137.78+107.00
to_Tokyo,country,22+23,10,3+3,0.0,-9.172065734863281,2.6233399694319814e-05,0.252483069896698, Berlin,0.6005579829216003,-9.172065734863281,0.0,False,False,0.00+0.00
to_Tokyo,country,22+23,10,3+3,0.5,-8.621688842773438,4.567831274471246e-05,0.2535490095615387, Berlin,0.6034002900123596,-9.172065734863281,0.5503768920898438,False,False,34.45+26.76
to_Tokyo,country,22+23,10,3+3,1.0,-7.992769718170166,8.591778896516189e-05,0.25427210330963135, Berlin,0.6073055267333984,-9.172065734863281,1.1792960166931152,False,False,68.89+53.48
to_Tokyo,country,22+23,10,3+3,2.0,-6.732152938842773,0.0003034608671441674,0.2545889914035797, Berlin,0.6234433054924011,-9.172065734863281,2.439912796020508,False,False,137.78+107.00
to_Tokyo,country,23+24,1,1+1,0.0,-9.172065734863281,2.6233399694319814e-05,0.252483069896698, Berlin,0.6005579829216003,-9.172065734863281,0.0,False,False,0.00+0.00
to_Tokyo,country,23+24,1,1+1,0.5,-8.849370956420898,3.5830860724672675e-05,0.24974128603935242, Berlin,0.5885226130485535,-9.172065734863281,0.3226947784423828,False,False,23.20+2.02
to_Tokyo,country,23+24,1,1+1,1.0,-8.48020076751709,5.1156112021999434e-05,0.24649155139923096, Berlin,0.5732568502426147,-9.172065734863281,0.6918649673461914,False,False,46.39+4.82
to_Tokyo,country,23+24,1,1+1,2.0,-7.687894821166992,0.00010928238771157339,0.23842978477478027, Berlin,0.5375866889953613,-9.172065734863281,1.484170913696289,False,False,92.78+12.24
to_Tokyo,country,23+24,5,3+3,0.0,-9.172065734863281,2.6233399694319814e-05,0.252483069896698, Berlin,0.6005579829216003,-9.172065734863281,0.0,False,False,0.00+0.00
to_Tokyo,country,23+24,5,3+3,0.5,-8.803604125976562,3.8178437534952536e-05,0.2541995942592621, Berlin,0.563500702381134,-9.172065734863281,0.36846160888671875,False,False,26.81+11.80
to_Tokyo,country,23+24,5,3+3,1.0,-8.37623405456543,5.910367690376006e-05,0.2566649615764618, Berlin,0.5252379775047302,-9.172065734863281,0.7958316802978516,False,False,53.63+23.74
to_Tokyo,country,23+24,5,3+3,2.0,-7.538182258605957,0.00013925261737313122,0.2615737318992615, Berlin,0.47366267442703247,-9.172065734863281,1.6338834762573242,False,False,107.25+38.61
to_Tokyo,country,23+24,10,3+3,0.0,-9.172065734863281,2.6233399694319814e-05,0.252483069896698, Berlin,0.6005579829216003,-9.172065734863281,0.0,False,False,0.00+0.00
to_Tokyo,country,23+24,10,3+3,0.5,-8.803604125976562,3.8178437534952536e-05,0.2541995942592621, Berlin,0.563500702381134,-9.172065734863281,0.36846160888671875,False,False,26.81+11.80
to_Tokyo,country,23+24,10,3+3,1.0,-8.37623405456543,5.910367690376006e-05,0.2566649615764618, Berlin,0.5252379775047302,-9.172065734863281,0.7958316802978516,False,False,53.63+23.74
to_Tokyo,country,23+24,10,3+3,2.0,-7.538182258605957,0.00013925261737313122,0.2615737318992615, Berlin,0.47366267442703247,-9.172065734863281,1.6338834762573242,False,False,107.25+38.61
to_Tokyo,country,24+25,1,1+1,0.0,-9.172065734863281,2.6233399694319814e-05,0.252483069896698, Berlin,0.6005579829216003,-9.172065734863281,0.0,False,False,0.00+0.00
to_Tokyo,country,24+25,1,1+1,0.5,-9.143611907958984,2.7020256311516277e-05,0.2527606785297394, Berlin,0.5838390588760376,-9.172065734863281,0.028453826904296875,False,False,1.59+12.12
to_Tokyo,country,24+25,1,1+1,1.0,-9.113338470458984,2.787797166092787e-05,0.2530076205730438, Berlin,0.5658115148544312,-9.172065734863281,0.058727264404296875,False,False,3.19+24.25
to_Tokyo,country,24+25,1,1+1,2.0,-9.048611640930176,2.979428245453164e-05,0.2534515857696533, Berlin,0.5262705683708191,-9.172065734863281,0.12345409393310547,False,False,6.38+48.50
to_Tokyo,country,24+25,5,3+1,0.0,-9.172065734863281,2.6233399694319814e-05,0.252483069896698, Berlin,0.6005579829216003,-9.172065734863281,0.0,False,False,0.00+0.00
to_Tokyo,country,24+25,5,3+1,0.5,-9.136211395263672,2.6989813704858534e-05,0.2506144344806671, Berlin,0.5703127384185791,-9.172065734863281,0.035854339599609375,False,False,11.81+12.12
to_Tokyo,country,24+25,5,3+1,1.0,-9.095754623413086,2.7908215997740626e-05,0.24886755645275116, Berlin,0.5386200547218323,-9.172065734863281,0.07631111145019531,False,False,23.63+24.25
to_Tokyo,country,24+25,5,3+1,2.0,-9.003881454467773,3.0212806450435892e-05,0.2457689791917801, Berlin,0.47328951954841614,-9.172065734863281,0.1681842803955078,False,False,47.26+48.50
to_Tokyo,country,24+25,10,3+1,0.0,-9.172065734863281,2.6233399694319814e-05,0.252483069896698, Berlin,0.6005579829216003,-9.172065734863281,0.0,False,False,0.00+0.00
to_Tokyo,country,24+25,10,3+1,0.5,-9.136211395263672,2.6989813704858534e-05,0.2506144344806671, Berlin,0.5703127384185791,-9.172065734863281,0.035854339599609375,False,False,11.81+12.12
to_Tokyo,country,24+25,10,3+1,1.0,-9.095754623413086,2.7908215997740626e-05,0.24886755645275116, Berlin,0.5386200547218323,-9.172065734863281,0.07631111145019531,False,False,23.63+24.25
to_Tokyo,country,24+25,10,3+1,2.0,-9.003881454467773,3.0212806450435892e-05,0.2457689791917801, Berlin,0.47328951954841614,-9.172065734863281,0.1681842803955078,False,False,47.26+48.50
to_Tokyo,country,25+26,1,1+1,0.0,-9.172065734863281,2.6233399694319814e-05,0.252483069896698, Berlin,0.6005579829216003,-9.172065734863281,0.0,False,False,0.00+0.00
to_Tokyo,country,25+26,1,1+1,0.5,-9.145031929016113,2.6889463697443716e-05,0.25189468264579773, Berlin,0.582868218421936,-9.172065734863281,0.02703380584716797,False,False,12.12+3.87
to_Tokyo,country,25+26,1,1+1,1.0,-9.114877700805664,2.7622325433185324e-05,0.2510736584663391, Berlin,0.5627129077911377,-9.172065734863281,0.05718803405761719,False,False,24.25+9.18
to_Tokyo,country,25+26,1,1+1,2.0,-9.047133445739746,2.9300297683221288e-05,0.2488812506198883, Berlin,0.5135913491249084,-9.172065734863281,0.12493228912353516,False,False,48.50+23.73
to_Tokyo,country,25+26,5,1+5,0.0,-9.172065734863281,2.6233399694319814e-05,0.252483069896698, Berlin,0.6005579829216003,-9.172065734863281,0.0,False,False,0.00+0.00
to_Tokyo,country,25+26,5,1+5,0.5,-9.136835098266602,2.6961926778312773e-05,0.25051164627075195, Berlin,0.5820667147636414,-9.172065734863281,0.03523063659667969,False,False,12.12+11.20
to_Tokyo,country,25+26,5,1+5,1.0,-9.094563484191895,2.7802010663435794e-05,0.24762532114982605, Berlin,0.5610124468803406,-9.172065734863281,0.07750225067138672,False,False,24.25+26.79
to_Tokyo,country,25+26,5,1+5,2.0,-8.991670608520508,2.9772723792120814e-05,0.23924978077411652, Berlin,0.5068464875221252,-9.172065734863281,0.18039512634277344,False,False,48.50+69.95
to_Tokyo,country,25+26,10,1+6,0.0,-9.172065734863281,2.6233399694319814e-05,0.252483069896698, Berlin,0.6005579829216003,-9.172065734863281,0.0,False,False,0.00+0.00
to_Tokyo,country,25+26,10,1+6,0.5,-9.136482238769531,2.6969693863065913e-05,0.25049546360969543, Berlin,0.5818725824356079,-9.172065734863281,0.03558349609375,False,False,12.12+11.22
to_Tokyo,country,25+26,10,1+6,1.0,-9.094217300415039,2.780975410132669e-05,0.2476084679365158, Berlin,0.5608206391334534,-9.172065734863281,0.07784843444824219,False,False,24.25+26.79
to_Tokyo,country,25+26,10,1+6,2.0,-8.992103576660156,2.976287214551121e-05,0.23927408456802368, Berlin,0.5071326494216919,-9.172065734863281,0.179962158203125,False,False,48.50+69.96
