country_position,feature_set,layer,feature,active_before_is,value_prefix_run,value_full_run,status,discovery_score
Japan,Tokyo,1,66729,False,0.0,0.0,unique to Tokyo,0.055555555555555566
Japan,Tokyo,1,71951,False,0.0,0.0,unique to Tokyo,0.2698412698412699
Japan,Tokyo,1,125932,False,0.0,0.0,unique to Tokyo,0.47222222222222215
Japan,Tokyo,2,39720,False,0.0,0.0,unique to Tokyo,0.1435185185185186
Japan,Tokyo,2,65894,False,0.0,0.0,unique to Tokyo,0.09722222222222221
Japan,Tokyo,2,81480,False,0.0,0.0,unique to Tokyo,0.15277777777777776
Japan,Tokyo,2,96109,False,0.0,0.0,unique to Tokyo,0.06944444444444448
Japan,Tokyo,2,104408,False,0.0,0.0,unique to Tokyo,0.12500000000000003
Japan,Tokyo,2,122612,False,0.0,0.0,shared with Japan,0.1111111111111111
Japan,Tokyo,2,146023,False,0.0,0.0,unique to Tokyo,0.18981481481481483
Japan,Tokyo,2,150479,False,0.0,0.0,unique to Tokyo,0.08333333333333336
Japan,Tokyo,2,158641,False,0.0,0.0,unique to Tokyo,0.17592592592592593
Japan,Tokyo,3,1960,False,0.0,0.0,shared with Japan,0.2314814814814814
Japan,Tokyo,3,11081,False,0.0,0.0,unique to Tokyo,0.2506613756613757
Japan,Tokyo,3,63954,False,0.0,0.0,unique to Tokyo,0.09722222222222221
Japan,Tokyo,3,122002,False,0.0,0.0,unique to Tokyo,0.2777777777777778
Japan,Tokyo,4,6032,False,0.0,0.0,unique to Tokyo,0.16666666666666669
Japan,Tokyo,4,15369,False,0.0,0.0,shared with Japan,0.18981481481481477
Japan,Tokyo,4,32282,False,0.0,0.0,unique to Tokyo,0.21759259259259262
Japan,Tokyo,4,32774,False,0.0,0.0,unique to Tokyo,0.12962962962962962
Japan,Tokyo,4,76115,False,0.0,0.0,unique to Tokyo,0.03703703703703709
Japan,Tokyo,4,106600,False,0.0,0.0,shared with Japan,0.17592592592592593
Japan,Tokyo,4,109369,False,0.0,0.0,unique to Tokyo,0.027116402116402122
Japan,Tokyo,4,112666,False,0.0,0.0,unique to Tokyo,0.1111111111111111
Japan,Tokyo,5,17163,False,0.0,0.0,unique to Tokyo,0.19444444444444448
Japan,Tokyo,5,19817,False,0.0,0.0,unique to Tokyo,0.23677248677248675
Japan,Tokyo,5,29932,False,0.0,0.0,unique to Tokyo,0.27314814814814814
Japan,Tokyo,5,30719,False,0.0,0.0,shared with Japan,0.12500000000000006
Japan,Tokyo,5,40534,False,0.0,0.0,unique to Tokyo,0.09722222222222221
Japan,Tokyo,5,50493,False,0.0,0.0,unique to Tokyo,0.2777777777777778
Japan,Tokyo,5,59874,False,0.0,0.0,unique to Tokyo,0.09722222222222221
Japan,Tokyo,5,91090,False,0.0,0.0,unique to Tokyo,0.03240740740740744
Japan,Tokyo,5,94504,False,0.0,0.0,unique to Tokyo,0.03703703703703706
Japan,Tokyo,5,96571,False,0.0,0.0,unique to Tokyo,0.12500000000000003
Japan,Tokyo,5,106011,False,0.0,0.0,unique to Tokyo,0.06481481481481481
Japan,Tokyo,5,108375,False,0.0,0.0,unique to Tokyo,0.16666666666666669
Japan,Tokyo,5,112090,False,0.0,0.0,unique to Tokyo,0.06481481481481481
Japan,Tokyo,5,113383,False,0.0,0.0,unique to Tokyo,0.2962962962962963
Japan,Tokyo,5,149112,False,0.0,0.0,unique to Tokyo,0.12962962962962965
Japan,Tokyo,5,151106,False,0.0,0.0,unique to Tokyo,0.1693121693121693
Japan,Tokyo,5,155885,False,0.0,0.0,unique to Tokyo,0.3472222222222222
Japan,Tokyo,5,158962,False,0.0,0.0,unique to Tokyo,0.27314814814814814
Japan,Tokyo,5,160638,False,0.0,0.0,unique to Tokyo,0.32870370370370366
Japan,Tokyo,6,10937,False,0.0,0.0,unique to Tokyo,0.17592592592592593
Japan,Tokyo,6,12218,False,0.0,0.0,unique to Tokyo,0.17592592592592593
Japan,Tokyo,6,50621,False,0.0,0.0,unique to Tokyo,0.20833333333333337
Japan,Tokyo,6,63485,False,0.0,0.0,shared with Japan,0.12962962962962962
Japan,Tokyo,6,73928,False,0.0,0.0,unique to Tokyo,0.3194444444444444
Japan,Tokyo,6,80954,False,0.0,0.0,unique to Tokyo,0.13425925925925924
Japan,Tokyo,6,85810,False,0.0,0.0,unique to Tokyo,0.08796296296296297
Japan,Tokyo,6,86527,False,0.0,0.0,unique to Tokyo,0.0787037037037037
Japan,Tokyo,6,111553,False,0.0,0.0,unique to Tokyo,0.20833333333333331
Japan,Tokyo,6,131579,False,0.0,0.0,unique to Tokyo,0.16203703703703703
Japan,Tokyo,6,152655,False,0.0,0.0,shared with Japan,0.2222222222222222
Japan,Tokyo,6,163372,False,0.0,0.0,unique to Tokyo,0.19444444444444448
Japan,Tokyo,7,24701,False,0.0,0.0,unique to Tokyo,0.19444444444444442
Japan,Tokyo,7,38043,False,0.0,0.0,unique to Tokyo,0.27777777777777773
Japan,Tokyo,7,71339,False,0.0,0.0,unique to Tokyo,0.16666666666666669
Japan,Tokyo,7,79317,False,0.0,0.0,unique to Tokyo,0.013888888888888895
Japan,Tokyo,7,88743,False,0.0,0.0,unique to Tokyo,0.14748677248677244
Japan,Tokyo,7,89770,False,0.0,0.0,unique to Tokyo,0.2222222222222222
Japan,Tokyo,7,90303,False,0.0,0.0,unique to Tokyo,0.07870370370370378
Japan,Tokyo,7,93975,False,0.0,0.0,unique to Tokyo,0.15277777777777776
Japan,Tokyo,7,100860,False,0.0,0.0,unique to Tokyo,0.09722222222222221
Japan,Tokyo,7,108103,False,0.0,0.0,shared with Japan,0.08851333851333854
Japan,Tokyo,7,112980,False,0.0,0.0,unique to Tokyo,0.09722222222222227
Japan,Tokyo,7,117978,False,0.0,0.0,shared with Japan,0.18055555555555558
Japan,Tokyo,7,118702,False,0.0,0.0,unique to Tokyo,0.009259259259259245
Japan,Tokyo,7,122110,False,0.0,0.0,unique to Tokyo,0.15277777777777776
Japan,Tokyo,7,141747,False,0.0,0.0,unique to Tokyo,0.06481481481481481
Japan,Tokyo,7,142347,False,0.0,0.0,unique to Tokyo,0.023148148148148168
Japan,Tokyo,8,21811,False,0.0,0.0,unique to Tokyo,0.12962962962962962
Japan,Tokyo,8,21940,False,0.0,0.0,unique to Tokyo,0.37499999999999994
Japan,Tokyo,8,22115,False,0.0,0.0,unique to Tokyo,0.4259259259259259
Japan,Tokyo,8,22680,False,0.0,0.0,shared with Japan,0.18518518518518523
Japan,Tokyo,8,33412,False,0.0,0.0,shared with Japan,0.14814814814814814
Japan,Tokyo,8,33475,False,0.0,0.0,unique to Tokyo,0.2129629629629629
Japan,Tokyo,8,34025,False,0.0,0.0,unique to Tokyo,0.13756613756613756
Japan,Tokyo,8,36564,False,0.0,0.0,unique to Tokyo,0.13888888888888887
Japan,Tokyo,8,36718,False,0.0,0.0,unique to Tokyo,0.19444444444444442
Japan,Tokyo,8,68551,False,0.0,0.0,unique to Tokyo,0.15277777777777776
Japan,Tokyo,8,93245,False,0.0,0.0,unique to Tokyo,0.12962962962962962
Japan,Tokyo,8,100092,False,0.0,0.0,unique to Tokyo,0.13888888888888887
Japan,Tokyo,8,100289,False,0.0,0.0,shared with Japan,0.12433862433862436
Japan,Tokyo,8,113581,False,0.0,0.0,unique to Tokyo,0.18518518518518517
Japan,Tokyo,8,120378,False,0.0,0.0,unique to Tokyo,0.14351851851851855
Japan,Tokyo,8,123843,False,0.0,0.0,shared with Japan,0.27777777777777773
Japan,Tokyo,8,127082,False,0.0,0.0,unique to Tokyo,0.3333333333333333
Japan,Tokyo,8,140177,False,0.0,0.0,unique to Tokyo,0.20833333333333334
Japan,Tokyo,8,149762,False,0.0,0.0,unique to Tokyo,0.21759259259259262
Japan,Tokyo,8,161515,False,0.0,0.0,shared with Japan,0.2222222222222222
Japan,Tokyo,9,4582,False,0.0,0.0,unique to Tokyo,0.18055555555555552
Japan,Tokyo,9,8286,False,0.0,0.0,unique to Tokyo,0.15277777777777776
Japan,Tokyo,9,12625,False,0.0,0.0,unique to Tokyo,0.16666666666666666
Japan,Tokyo,9,17191,False,0.0,0.0,unique to Tokyo,0.09722222222222221
Japan,Tokyo,9,18950,False,0.0,0.0,unique to Tokyo,0.10185185185185186
Japan,Tokyo,9,27109,False,0.0,0.0,unique to Tokyo,0.2222222222222222
Japan,Tokyo,9,30820,False,0.0,0.0,unique to Tokyo,0.18055555555555558
Japan,Tokyo,9,72947,False,0.0,0.0,unique to Tokyo,0.09722222222222221
Japan,Tokyo,9,87218,False,0.0,0.0,unique to Tokyo,0.337962962962963
Japan,Tokyo,9,91365,False,0.0,0.0,unique to Tokyo,0.13425925925925924
Japan,Tokyo,9,103390,False,0.0,0.0,unique to Tokyo,0.2976190476190476
Japan,Tokyo,9,109434,False,0.0,0.0,unique to Tokyo,0.31481481481481477
Japan,Tokyo,9,120054,False,0.0,0.0,unique to Tokyo,0.3075396825396826
Japan,Tokyo,9,126947,False,0.0,0.0,unique to Tokyo,0.20833333333333334
Japan,Tokyo,9,128609,False,0.0,0.0,unique to Tokyo,0.0185185185185186
Japan,Tokyo,9,146338,False,0.0,0.0,unique to Tokyo,0.1111111111111111
Japan,Tokyo,9,146855,False,0.0,0.0,unique to Tokyo,0.06481481481481483
Japan,Tokyo,9,155511,False,0.0,0.0,unique to Tokyo,0.14351851851851852
Japan,Tokyo,9,161940,False,0.0,0.0,shared with Japan,0.1157407407407407
Japan,Tokyo,10,11817,False,0.0,0.0,unique to Tokyo,0.12037037037037036
Japan,Tokyo,10,11956,False,0.0,0.0,unique to Tokyo,0.19444444444444442
Japan,Tokyo,10,18035,False,0.0,0.0,unique to Tokyo,0.125
Japan,Tokyo,10,19838,False,0.0,0.0,unique to Tokyo,0.10648148148148147
Japan,Tokyo,10,21495,False,0.0,0.0,unique to Tokyo,0.1111111111111111
Japan,Tokyo,10,62097,True,0.3057270050048828,0.30572688579559326,unique to Tokyo,0.05099067599067608
Japan,Tokyo,10,73005,False,0.0,0.0,unique to Tokyo,0.09722222222222221
Japan,Tokyo,10,77034,False,0.0,0.0,unique to Tokyo,0.125
Japan,Tokyo,10,91844,False,0.0,0.0,unique to Tokyo,0.1111111111111111
Japan,Tokyo,10,111103,False,0.0,0.0,unique to Tokyo,0.1851851851851852
Japan,Tokyo,10,114174,False,0.0,0.0,unique to Tokyo,0.3425925925925926
Japan,Tokyo,10,120845,False,0.0,0.0,unique to Tokyo,0.04166666666666671
Japan,Tokyo,10,132591,False,0.0,0.0,unique to Tokyo,0.19444444444444442
Japan,Tokyo,10,139483,False,0.0,0.0,unique to Tokyo,0.1111111111111111
Japan,Tokyo,11,2937,False,0.0,0.0,unique to Tokyo,0.08796296296296297
Japan,Tokyo,11,9997,False,0.0,0.0,unique to Tokyo,0.17129629629629628
Japan,Tokyo,11,21296,False,0.0,0.0,unique to Tokyo,0.22685185185185183
Japan,Tokyo,11,28169,True,5.111741542816162,5.111741542816162,unique to Tokyo,0.16417378917378922
Japan,Tokyo,11,37561,False,0.0,0.0,unique to Tokyo,0.18518518518518523
Japan,Tokyo,11,39764,False,0.0,0.0,unique to Tokyo,0.04629629629629628
Japan,Tokyo,11,49219,False,0.0,0.0,shared with Japan,0.29766992266992265
Japan,Tokyo,11,84119,False,0.0,0.0,unique to Tokyo,0.3194444444444444
Japan,Tokyo,11,93482,False,0.0,0.0,unique to Tokyo,0.023148148148148168
Japan,Tokyo,11,109934,False,0.0,0.0,unique to Tokyo,0.44907407407407407
Japan,Tokyo,11,132163,False,0.0,0.0,unique to Tokyo,0.21296296296296294
Japan,Tokyo,11,161940,False,0.0,0.0,unique to Tokyo,0.18055555555555555
Japan,Tokyo,12,25183,False,0.0,0.0,unique to Tokyo,0.04166666666666663
Japan,Tokyo,12,39067,False,0.0,0.0,unique to Tokyo,0.27777777777777773
Japan,Tokyo,12,71541,False,0.0,0.0,unique to Tokyo,0.22685185185185186
Japan,Tokyo,12,77827,False,0.0,0.0,unique to Tokyo,0.03240740740740741
Japan,Tokyo,12,99286,True,4.517864227294922,4.517863750457764,unique to Tokyo,0.1957671957671957
Japan,Tokyo,12,111243,False,0.0,0.0,unique to Tokyo,0.08333333333333333
Japan,Tokyo,12,148536,False,0.0,0.0,unique to Tokyo,0.28240740740740744
Japan,Tokyo,13,29363,False,0.0,0.0,unique to Tokyo,0.30092592592592593
Japan,Tokyo,13,40740,False,0.0,0.0,unique to Tokyo,0.24074074074074073
Japan,Tokyo,13,46039,False,0.0,0.0,shared with Japan,0.08796296296296313
Japan,Tokyo,13,68967,False,0.0,0.0,unique to Tokyo,0.29166666666666663
Japan,Tokyo,13,72286,False,0.0,0.0,unique to Tokyo,0.21296296296296294
Japan,Tokyo,13,106084,False,0.0,0.0,unique to Tokyo,0.1111111111111111
Japan,Tokyo,13,127036,False,0.0,0.0,unique to Tokyo,0.16666666666666666
Japan,Tokyo,14,12382,False,0.0,0.0,unique to Tokyo,0.01124338624338625
Japan,Tokyo,14,33839,False,0.0,0.0,unique to Tokyo,0.06481481481481481
Japan,Tokyo,14,37876,False,0.0,0.0,unique to Tokyo,0.20833333333333331
Japan,Tokyo,14,97966,False,0.0,0.0,unique to Tokyo,0.09722222222222221
Japan,Tokyo,14,103153,False,0.0,0.0,shared with Japan,0.11838624338624343
Japan,Tokyo,15,21247,False,0.0,0.0,unique to Tokyo,0.0667989417989418
Japan,Tokyo,15,43182,False,0.0,0.0,unique to Tokyo,0.16666666666666666
Japan,Tokyo,15,43898,False,0.0,0.0,unique to Tokyo,0.12962962962962965
Japan,Tokyo,15,59831,False,0.0,0.0,unique to Tokyo,0.15277777777777776
Japan,Tokyo,15,67569,False,0.0,0.0,unique to Tokyo,0.02513227513227513
Japan,Tokyo,15,79659,False,0.0,0.0,shared with Japan,0.09589947089947098
Japan,Tokyo,15,81621,False,0.0,0.0,unique to Tokyo,0.24074074074074073
Japan,Tokyo,15,89333,True,12.683809280395508,12.683809280395508,unique to Tokyo,0.10119047619047628
Japan,Tokyo,15,89462,False,0.0,0.0,unique to Tokyo,0.13425925925925924
Japan,Tokyo,15,96919,False,0.0,0.0,unique to Tokyo,0.24537037037037035
Japan,Tokyo,15,103296,False,0.0,0.0,unique to Tokyo,0.07010582010582009
Japan,Tokyo,15,104468,False,0.0,0.0,unique to Tokyo,0.31018518518518534
Japan,Tokyo,15,106203,False,0.0,0.0,unique to Tokyo,0.0740740740740741
Japan,Tokyo,15,114421,False,0.0,0.0,unique to Tokyo,0.16666666666666666
Japan,Tokyo,15,118183,False,0.0,0.0,unique to Tokyo,0.023148148148148154
Japan,Tokyo,15,121025,False,0.0,0.0,unique to Tokyo,0.06018518518518523
Japan,Tokyo,15,121137,False,0.0,0.0,unique to Tokyo,0.0787037037037037
Japan,Tokyo,15,126841,False,0.0,0.0,shared with Japan,0.39814814814814814
Japan,Tokyo,15,150074,False,0.0,0.0,shared with Japan,0.009920634920634941
Japan,Tokyo,16,6676,False,0.0,0.0,unique to Tokyo,0.1851851851851852
Japan,Tokyo,16,91781,False,0.0,0.0,unique to Tokyo,0.06481481481481481
Japan,Tokyo,16,95290,False,0.0,0.0,unique to Tokyo,0.05092592592592593
Japan,Tokyo,16,115915,False,0.0,0.0,unique to Tokyo,0.10515873015873023
Japan,Tokyo,16,145588,False,0.0,0.0,unique to Tokyo,0.2222222222222222
Japan,Tokyo,17,13891,False,0.0,0.0,shared with Japan,0.04034391534391529
Japan,Tokyo,17,44880,False,0.0,0.0,unique to Tokyo,0.20833333333333334
Japan,Tokyo,17,49539,False,0.0,0.0,unique to Tokyo,0.05555555555555558
Japan,Tokyo,17,60424,False,0.0,0.0,unique to Tokyo,0.3829365079365079
Japan,Tokyo,17,87385,False,0.0,0.0,unique to Tokyo,0.10648148148148151
Japan,Tokyo,17,112974,False,0.0,0.0,shared with Japan,0.2222222222222222
Japan,Tokyo,18,21757,False,0.0,0.0,unique to Tokyo,0.003968253968253954
Japan,Tokyo,18,53348,False,0.0,0.0,unique to Tokyo,0.10185185185185186
Japan,Tokyo,18,79350,False,0.0,0.0,unique to Tokyo,0.29166666666666663
Japan,Tokyo,18,94462,False,0.0,0.0,unique to Tokyo,0.10383597883597889
Japan,Tokyo,18,156633,False,0.0,0.0,shared with Japan,0.01719576719576721
Japan,Tokyo,19,30735,False,0.0,0.0,unique to Tokyo,0.25
Japan,Tokyo,19,43260,False,0.0,0.0,shared with Japan,0.2222222222222222
Japan,Tokyo,19,58500,False,0.0,0.0,unique to Tokyo,0.125
Japan,Tokyo,19,93784,False,0.0,0.0,unique to Tokyo,0.09722222222222221
Japan,Tokyo,19,105571,False,0.0,0.0,unique to Tokyo,0.02777777777777779
Japan,Tokyo,19,143083,False,0.0,0.0,unique to Tokyo,0.06481481481481483
Japan,Tokyo,20,12419,False,0.0,0.0,shared with Japan,0.38888888888888884
Japan,Tokyo,20,18824,True,2.9745473861694336,2.9745523929595947,shared with Japan,0.8333333333333334
Japan,Tokyo,20,62864,False,0.0,0.0,shared with Japan,0.07407407407407407
Japan,Tokyo,20,128479,False,0.0,0.0,unique to Tokyo,0.2638888888888889
Japan,Tokyo,20,154744,False,0.0,0.0,shared with Japan,0.38888888888888884
Japan,Tokyo,20,163792,False,0.0,0.0,unique to Tokyo,0.023698523698523766
Japan,Tokyo,21,21850,False,0.0,0.0,unique to Tokyo,0.29166666666666663
Japan,Tokyo,21,28638,False,0.0,0.0,shared with Japan,0.27777777777777773
Japan,Tokyo,21,32044,False,0.0,0.0,shared with Japan,0.0005966255966256134
Japan,Tokyo,21,75179,False,0.0,0.0,unique to Tokyo,0.016534391534391513
Japan,Tokyo,21,81925,False,0.0,0.0,unique to Tokyo,0.27777777777777773
Japan,Tokyo,21,82598,False,0.0,0.0,unique to Tokyo,0.11081973581973581
Japan,Tokyo,21,123565,False,0.0,0.0,unique to Tokyo,0.12037037037037038
Japan,Tokyo,21,136683,True,14.04098892211914,14.041007041931152,shared with Japan,1.0
Japan,Tokyo,22,3362,False,0.0,0.0,unique to Tokyo,0.23611111111111108
Japan,Tokyo,22,12946,False,0.0,0.0,unique to Tokyo,0.27777777777777773
Japan,Tokyo,22,18603,False,0.0,0.0,unique to Tokyo,0.27777777777777773
Japan,Tokyo,22,44003,False,0.0,0.0,unique to Tokyo,0.13425925925925924
Japan,Tokyo,22,62260,False,0.0,0.0,unique to Tokyo,0.06481481481481481
Japan,Tokyo,22,74086,False,0.0,0.0,shared with Japan,0.6805555555555555
Japan,Tokyo,22,151732,False,0.0,0.0,shared with Japan,0.5555555555555556
Japan,Tokyo,23,39939,False,0.0,0.0,shared with Japan,0.7268518518518519
Japan,Tokyo,23,63756,False,0.0,0.0,unique to Tokyo,0.2222222222222222
Japan,Tokyo,23,71037,False,0.0,0.0,unique to Tokyo,0.2222222222222222
Japan,Tokyo,23,73197,False,0.0,0.0,shared with Japan,0.7453703703703702
Japan,Tokyo,23,129862,False,0.0,0.0,unique to Tokyo,0.6145197395197397
Japan,Tokyo,23,130995,False,0.0,0.0,shared with Japan,0.40277777777777773
Japan,Tokyo,23,133006,False,0.0,0.0,unique to Tokyo,0.09722222222222221
Japan,Tokyo,23,141950,False,0.0,0.0,unique to Tokyo,0.125
Japan,Tokyo,23,142507,False,0.0,0.0,unique to Tokyo,0.18187830687830686
Japan,Tokyo,23,147945,True,44.580360412597656,44.58036804199219,shared with Japan,0.9543003293003293
Japan,Tokyo,24,23611,False,0.0,0.0,unique to Tokyo,0.27777777777777773
Japan,Tokyo,24,38736,False,0.0,0.0,unique to Tokyo,0.42863617863617876
Japan,Tokyo,24,64220,False,0.0,0.0,unique to Tokyo,0.27777777777777773
Japan,Tokyo,24,64670,False,0.0,0.0,unique to Tokyo,0.345904095904096
Japan,Tokyo,24,73908,False,0.0,0.0,unique to Tokyo,0.14403651903651904
Japan,Tokyo,24,80507,False,0.0,0.0,shared with Japan,0.8888888888888888
Japan,Tokyo,24,95076,False,0.0,0.0,unique to Tokyo,0.5376336626336629
Japan,Tokyo,24,95885,False,0.0,0.0,unique to Tokyo,0.018518518518518573
Japan,Tokyo,24,96405,False,0.0,0.0,shared with Japan,0.7783744033744033
Japan,Tokyo,24,99127,False,0.0,0.0,unique to Tokyo,0.3154761904761905
Japan,Tokyo,24,100878,False,0.0,0.0,shared with Japan,0.27777777777777773
Japan,Tokyo,24,125318,False,0.0,0.0,shared with Japan,0.007936507936507908
Japan,Tokyo,24,134564,False,0.0,0.0,unique to Tokyo,0.2433862433862434
Japan,Tokyo,24,141184,False,0.0,0.0,unique to Tokyo,0.45105820105820105
Japan,Tokyo,24,147659,False,0.0,0.0,unique to Tokyo,0.2278693528693529
Japan,Tokyo,25,14008,False,0.0,0.0,shared with Japan,0.57004107004107
Japan,Tokyo,25,26186,False,0.0,0.0,unique to Tokyo,0.20851370851370854
Japan,Tokyo,25,28687,False,0.0,0.0,shared with Japan,0.8795648795648795
Japan,Tokyo,25,38009,False,0.0,0.0,unique to Tokyo,0.2222222222222222
Japan,Tokyo,25,38391,False,0.0,0.0,unique to Tokyo,0.21398046398046397
Japan,Tokyo,25,46793,False,0.0,0.0,shared with Japan,0.17592592592592593
Japan,Tokyo,25,51417,False,0.0,0.0,unique to Tokyo,0.3333333333333333
Japan,Tokyo,25,58615,False,0.0,0.0,unique to Tokyo,0.03342490842490843
Japan,Tokyo,25,74405,False,0.0,0.0,shared with Japan,0.2638888888888889
Japan,Tokyo,25,114963,False,0.0,0.0,shared with Japan,0.7777777777777777
Japan,Tokyo,25,116436,False,0.0,0.0,unique to Tokyo,0.2183372183372183
Japan,Tokyo,25,148402,False,0.0,0.0,unique to Tokyo,0.10119047619047639
Japan,Tokyo,25,152765,False,0.0,0.0,shared with Japan,0.7649063899063899
Japan,Tokyo,25,157337,False,0.0,0.0,unique to Tokyo,0.2222222222222222
Japan,Tokyo,26,12101,False,0.0,0.0,unique to Tokyo,0.24140211640211637
Japan,Tokyo,26,19883,False,0.0,0.0,unique to Tokyo,0.1428571428571428
Japan,Tokyo,26,26970,False,0.0,0.0,shared with Japan,0.4583333333333333
Japan,Tokyo,26,41624,False,0.0,0.0,shared with Japan,0.40277777777777773
Japan,Tokyo,26,41862,False,0.0,0.0,unique to Tokyo,0.5828060828060828
Japan,Tokyo,26,44472,False,0.0,0.0,unique to Tokyo,0.35648148148148145
Japan,Tokyo,26,66734,False,0.0,0.0,shared with Japan,0.38888888888888884
Japan,Tokyo,26,79683,False,0.0,0.0,shared with Japan,0.27777777777777773
Japan,Tokyo,26,81034,False,0.0,0.0,shared with Japan,0.4444444444444444
Japan,Tokyo,26,104415,False,0.0,0.0,shared with Japan,0.7505966255966257
Japan,Tokyo,26,114593,False,0.0,0.0,shared with Japan,0.611111111111111
Japan,Tokyo,26,117516,False,0.0,0.0,unique to Tokyo,0.009166759166759186
Japan,Tokyo,26,128045,False,0.0,0.0,unique to Tokyo,0.043942168942168985
Japan,Tokyo,26,130687,False,0.0,0.0,unique to Tokyo,0.5931892181892182
Japan,Tokyo,26,152195,False,0.0,0.0,shared with Japan,0.15902153402153402
Japan,Tokyo,27,4655,False,0.0,0.0,shared with Japan,0.022616272616272637
Japan,Tokyo,27,70045,False,0.0,0.0,shared with Japan,0.8888888888888888
Japan,Tokyo,27,106589,False,0.0,0.0,unique to Tokyo,0.35185185185185186
Japan,Tokyo,27,108741,False,0.0,0.0,unique to Tokyo,0.3445767195767196
Japan,Tokyo,27,112881,False,0.0,0.0,unique to Tokyo,0.37037037037037046
Japan,Japan,1,58135,False,0.0,0.0,unique to Japan,0.017361111111111112
Japan,Japan,1,65935,False,0.0,0.0,unique to Japan,0.01215277777777779
Japan,Japan,1,69173,False,0.0,0.0,unique to Japan,0.25
Japan,Japan,1,76663,False,0.0,0.0,unique to Japan,0.01215277777777779
Japan,Japan,1,83748,False,0.0,0.0,unique to Japan,0.3350694444444444
Japan,Japan,1,122637,False,0.0,0.0,unique to Japan,0.125
Japan,Japan,1,137166,False,0.0,0.0,unique to Japan,0.03125
Japan,Japan,1,139412,False,0.0,0.0,unique to Japan,0.078125
Japan,Japan,1,143999,False,0.0,0.0,unique to Japan,0.034722222222222224
Japan,Japan,1,161467,False,0.0,0.0,unique to Japan,0.026041666666666664
Japan,Japan,2,1665,False,0.0,0.0,unique to Japan,0.15625
Japan,Japan,2,5834,False,0.0,0.0,unique to Japan,0.14756944444444445
Japan,Japan,2,9991,False,0.0,0.0,unique to Japan,0.25
Japan,Japan,2,25919,False,0.0,0.0,unique to Japan,0.3142361111111111
Japan,Japan,2,32804,False,0.0,0.0,unique to Japan,0.15625
Japan,Japan,2,36597,False,0.0,0.0,unique to Japan,0.296875
Japan,Japan,2,43019,False,0.0,0.0,unique to Japan,0.33333333333333337
Japan,Japan,2,45978,False,0.0,0.0,unique to Japan,0.140625
Japan,Japan,2,47580,False,0.0,0.0,unique to Japan,0.3125
Japan,Japan,2,54888,False,0.0,0.0,unique to Japan,0.515625
Japan,Japan,2,67115,False,0.0,0.0,unique to Japan,0.15625
Japan,Japan,2,91615,False,0.0,0.0,unique to Japan,0.203125
Japan,Japan,2,93713,False,0.0,0.0,unique to Japan,0.296875
Japan,Japan,2,102472,False,0.0,0.0,unique to Japan,0.21006944444444445
Japan,Japan,2,116318,False,0.0,0.0,unique to Japan,0.15625
Japan,Japan,2,119256,False,0.0,0.0,unique to Japan,0.2638888888888889
Japan,Japan,2,122612,False,0.0,0.0,shared with Tokyo,0.1406249999999999
Japan,Japan,2,138065,False,0.0,0.0,unique to Japan,0.15625
Japan,Japan,2,149103,False,0.0,0.0,unique to Japan,0.28125
Japan,Japan,2,155687,False,0.0,0.0,unique to Japan,0.31076388888888884
Japan,Japan,3,1960,False,0.0,0.0,shared with Tokyo,0.029513888888888895
Japan,Japan,3,11820,False,0.0,0.0,unique to Japan,0.24131944444444445
Japan,Japan,3,19955,False,0.0,0.0,unique to Japan,0.12152777777777782
Japan,Japan,3,22667,False,0.0,0.0,unique to Japan,0.017361111111111112
Japan,Japan,3,36246,False,0.0,0.0,unique to Japan,0.0920138888888889
Japan,Japan,3,41567,False,0.0,0.0,unique to Japan,0.0034722222222222238
Japan,Japan,3,53359,False,0.0,0.0,unique to Japan,0.13368055555555552
Japan,Japan,3,70746,False,0.0,0.0,unique to Japan,0.125
Japan,Japan,3,91864,False,0.0,0.0,unique to Japan,0.2013888888888889
Japan,Japan,3,92147,False,0.0,0.0,unique to Japan,0.045138888888888895
Japan,Japan,3,119350,False,0.0,0.0,unique to Japan,0.234375
Japan,Japan,3,133616,False,0.0,0.0,unique to Japan,0.03125
Japan,Japan,3,139624,False,0.0,0.0,unique to Japan,0.050347222222222265
Japan,Japan,3,155659,False,0.0,0.0,unique to Japan,0.015625
Japan,Japan,4,4010,False,0.0,0.0,unique to Japan,0.125
Japan,Japan,4,12531,False,0.0,0.0,unique to Japan,0.359375
Japan,Japan,4,15369,False,0.0,0.0,shared with Tokyo,0.078125
Japan,Japan,4,19533,False,0.0,0.0,unique to Japan,0.140625
Japan,Japan,4,25591,False,0.0,0.0,unique to Japan,0.1076388888888889
Japan,Japan,4,27978,False,0.0,0.0,unique to Japan,0.09375
Japan,Japan,4,44726,False,0.0,0.0,unique to Japan,0.11284722222222221
Japan,Japan,4,95492,False,0.0,0.0,unique to Japan,0.25
Japan,Japan,4,105200,False,0.0,0.0,unique to Japan,0.043402777777777776
Japan,Japan,4,106600,False,0.0,0.0,shared with Tokyo,0.42534722222222227
Japan,Japan,4,109153,False,0.0,0.0,unique to Japan,0.14756944444444445
Japan,Japan,4,115486,False,0.0,0.0,unique to Japan,0.125
Japan,Japan,4,125529,False,0.0,0.0,unique to Japan,0.125
Japan,Japan,4,133501,False,0.0,0.0,unique to Japan,0.3333333333333333
Japan,Japan,4,138354,False,0.0,0.0,unique to Japan,0.53125
Japan,Japan,4,144311,False,0.0,0.0,unique to Japan,0.057291666666666664
Japan,Japan,5,1248,False,0.0,0.0,unique to Japan,0.046875
Japan,Japan,5,7094,False,0.0,0.0,unique to Japan,0.09722222222222222
Japan,Japan,5,10839,False,0.0,0.0,unique to Japan,0.00520833333333337
Japan,Japan,5,15392,False,0.0,0.0,unique to Japan,0.11631944444444445
Japan,Japan,5,25048,False,0.0,0.0,unique to Japan,0.05208333333333333
Japan,Japan,5,30719,False,0.0,0.0,shared with Tokyo,0.03819444444444445
Japan,Japan,5,43893,False,0.0,0.0,unique to Japan,0.06944444444444445
Japan,Japan,5,50237,False,0.0,0.0,unique to Japan,0.1875
Japan,Japan,5,50957,False,0.0,0.0,unique to Japan,0.1076388888888889
Japan,Japan,5,53569,False,0.0,0.0,unique to Japan,0.05208333333333333
Japan,Japan,5,70418,False,0.0,0.0,unique to Japan,0.0625
Japan,Japan,5,76858,False,0.0,0.0,unique to Japan,0.057291666666666664
Japan,Japan,5,76874,False,0.0,0.0,unique to Japan,0.265625
Japan,Japan,5,78479,False,0.0,0.0,unique to Japan,0.21006944444444445
Japan,Japan,5,79660,False,0.0,0.0,unique to Japan,0.060763888888888895
Japan,Japan,5,88723,False,0.0,0.0,unique to Japan,0.14756944444444442
Japan,Japan,5,138221,False,0.0,0.0,unique to Japan,0.0069444444444444475
Japan,Japan,5,159485,False,0.0,0.0,unique to Japan,0.1875
Japan,Japan,6,29258,False,0.0,0.0,unique to Japan,0.1875
Japan,Japan,6,45477,False,0.0,0.0,unique to Japan,0.125
Japan,Japan,6,47404,False,0.0,0.0,unique to Japan,0.020833333333333343
Japan,Japan,6,47569,False,0.0,0.0,unique to Japan,0.06944444444444442
Japan,Japan,6,62105,False,0.0,0.0,unique to Japan,0.19444444444444445
Japan,Japan,6,63485,False,0.0,0.0,shared with Tokyo,0.03993055555555558
Japan,Japan,6,79042,False,0.0,0.0,unique to Japan,0.1076388888888889
Japan,Japan,6,80803,False,0.0,0.0,unique to Japan,0.125
Japan,Japan,6,82733,False,0.0,0.0,unique to Japan,0.125
Japan,Japan,6,83120,False,0.0,0.0,unique to Japan,0.10069444444444442
Japan,Japan,6,85813,False,0.0,0.0,unique to Japan,0.07118055555555555
Japan,Japan,6,90842,False,0.0,0.0,unique to Japan,0.109375
Japan,Japan,6,94199,False,0.0,0.0,unique to Japan,0.125
Japan,Japan,6,113024,False,0.0,0.0,unique to Japan,0.09375
Japan,Japan,6,122623,False,0.0,0.0,unique to Japan,0.2725694444444444
Japan,Japan,6,134548,False,0.0,0.0,unique to Japan,0.3993055555555556
Japan,Japan,6,135643,False,0.0,0.0,unique to Japan,0.125
Japan,Japan,6,152655,False,0.0,0.0,shared with Tokyo,0.1875
Japan,Japan,7,32783,False,0.0,0.0,unique to Japan,0.21180555555555547
Japan,Japan,7,41040,False,0.0,0.0,unique to Japan,0.046875
Japan,Japan,7,53469,False,0.0,0.0,unique to Japan,0.05208333333333333
Japan,Japan,7,61443,False,0.0,0.0,unique to Japan,0.029513888888888895
Japan,Japan,7,89330,False,0.0,0.0,unique to Japan,0.25
Japan,Japan,7,108103,False,0.0,0.0,shared with Tokyo,0.3246527777777778
Japan,Japan,7,117978,False,0.0,0.0,shared with Tokyo,0.1874999999999999
Japan,Japan,7,118829,False,0.0,0.0,unique to Japan,0.15625
Japan,Japan,7,142671,False,0.0,0.0,unique to Japan,0.125
Japan,Japan,7,143843,False,0.0,0.0,unique to Japan,0.09375
Japan,Japan,7,157881,False,0.0,0.0,unique to Japan,0.00868055555555547
Japan,Japan,8,11099,False,0.0,0.0,unique to Japan,0.15625
Japan,Japan,8,22680,False,0.0,0.0,shared with Tokyo,0.43750000000000006
Japan,Japan,8,29114,False,0.0,0.0,unique to Japan,0.1284722222222222
Japan,Japan,8,33412,False,0.0,0.0,shared with Tokyo,0.1597222222222222
Japan,Japan,8,46694,False,0.0,0.0,unique to Japan,0.078125
Japan,Japan,8,49577,False,0.0,0.0,unique to Japan,0.46875
Japan,Japan,8,88193,False,0.0,0.0,unique to Japan,0.109375
Japan,Japan,8,100289,False,0.0,0.0,shared with Tokyo,0.109375
Japan,Japan,8,100688,False,0.0,0.0,unique to Japan,0.043402777777777776
Japan,Japan,8,110317,False,0.0,0.0,unique to Japan,0.02777777777777779
Japan,Japan,8,111124,False,0.0,0.0,unique to Japan,0.05034722222222221
Japan,Japan,8,123749,False,0.0,0.0,unique to Japan,0.17881944444444445
Japan,Japan,8,123843,False,0.0,0.0,shared with Tokyo,0.1267361111111111
Japan,Japan,8,161515,False,0.0,0.0,shared with Tokyo,0.125
Japan,Japan,8,162409,False,0.0,0.0,unique to Japan,0.15625
Japan,Japan,9,8406,False,0.0,0.0,unique to Japan,0.125
Japan,Japan,9,10024,False,0.0,0.0,unique to Japan,0.125
Japan,Japan,9,10981,False,0.0,0.0,unique to Japan,0.375
Japan,Japan,9,20037,False,0.0,0.0,unique to Japan,0.13368055555555558
Japan,Japan,9,26098,False,0.0,0.0,unique to Japan,0.10069444444444445
Japan,Japan,9,30958,False,0.0,0.0,unique to Japan,0.125
Japan,Japan,9,50628,False,0.0,0.0,unique to Japan,0.1875
Japan,Japan,9,50852,False,0.0,0.0,unique to Japan,0.125
Japan,Japan,9,51693,False,0.0,0.0,unique to Japan,0.2951388888888889
Japan,Japan,9,52253,False,0.0,0.0,unique to Japan,0.125
Japan,Japan,9,52767,False,0.0,0.0,unique to Japan,0.07812499999999989
Japan,Japan,9,60029,False,0.0,0.0,unique to Japan,0.09375
Japan,Japan,9,60912,False,0.0,0.0,unique to Japan,0.25
Japan,Japan,9,67318,False,0.0,0.0,unique to Japan,0.1875
Japan,Japan,9,108364,False,0.0,0.0,unique to Japan,0.046875
Japan,Japan,9,127173,False,0.0,0.0,unique to Japan,0.1111111111111111
Japan,Japan,9,134991,False,0.0,0.0,unique to Japan,0.15104166666666663
Japan,Japan,9,138216,False,0.0,0.0,unique to Japan,0.125
Japan,Japan,9,147717,False,0.0,0.0,unique to Japan,0.06076388888888884
Japan,Japan,9,161940,False,0.0,0.0,shared with Tokyo,0.09375
Japan,Japan,10,1418,True,1.8350872993469238,1.835089921951294,unique to Japan,0.08333333333333334
Japan,Japan,10,19623,False,0.0,0.0,unique to Japan,0.06944444444444442
Japan,Japan,10,27477,False,0.0,0.0,unique to Japan,0.125
Japan,Japan,10,33022,False,0.0,0.0,unique to Japan,0.125
Japan,Japan,10,33545,False,0.0,0.0,unique to Japan,0.125
Japan,Japan,10,44218,False,0.0,0.0,unique to Japan,0.029513888888888895
Japan,Japan,10,45109,False,0.0,0.0,unique to Japan,0.1875
Japan,Japan,10,75324,False,0.0,0.0,unique to Japan,0.265625
Japan,Japan,10,82534,False,0.0,0.0,unique to Japan,0.125
Japan,Japan,10,93113,False,0.0,0.0,unique to Japan,0.02083333333333326
Japan,Japan,10,93313,False,0.0,0.0,unique to Japan,0.125
Japan,Japan,10,93834,False,0.0,0.0,unique to Japan,0.03125
Japan,Japan,10,103877,False,0.0,0.0,unique to Japan,0.02083333333333333
Japan,Japan,10,106685,False,0.0,0.0,unique to Japan,0.265625
Japan,Japan,10,113828,False,0.0,0.0,unique to Japan,0.09375
Japan,Japan,10,121178,False,0.0,0.0,unique to Japan,0.25
Japan,Japan,10,125080,False,0.0,0.0,unique to Japan,0.21875
Japan,Japan,10,131190,False,0.0,0.0,unique to Japan,0.125
Japan,Japan,10,137775,False,0.0,0.0,unique to Japan,0.11631944444444442
Japan,Japan,10,149838,False,0.0,0.0,unique to Japan,0.026041666666666664
Japan,Japan,11,3717,False,0.0,0.0,unique to Japan,0.07812500000000006
Japan,Japan,11,20782,False,0.0,0.0,unique to Japan,0.3194444444444444
Japan,Japan,11,21202,False,0.0,0.0,unique to Japan,0.125
Japan,Japan,11,24430,False,0.0,0.0,unique to Japan,0.25
Japan,Japan,11,40856,False,0.0,0.0,unique to Japan,0.140625
Japan,Japan,11,49219,False,0.0,0.0,shared with Tokyo,0.07465277777777779
Japan,Japan,11,52969,False,0.0,0.0,unique to Japan,0.24131944444444445
Japan,Japan,11,53149,False,0.0,0.0,unique to Japan,0.203125
Japan,Japan,11,53888,False,0.0,0.0,unique to Japan,0.15625
Japan,Japan,11,69360,False,0.0,0.0,unique to Japan,0.125
Japan,Japan,11,85853,False,0.0,0.0,unique to Japan,0.1076388888888889
Japan,Japan,11,101548,False,0.0,0.0,unique to Japan,0.125
Japan,Japan,11,101995,False,0.0,0.0,unique to Japan,0.21875
Japan,Japan,11,102221,False,0.0,0.0,unique to Japan,0.125
Japan,Japan,11,105030,False,0.0,0.0,unique to Japan,0.125
Japan,Japan,11,106962,False,0.0,0.0,unique to Japan,0.125
Japan,Japan,11,125475,False,0.0,0.0,unique to Japan,0.17881944444444445
Japan,Japan,11,132604,False,0.0,0.0,unique to Japan,0.1875
Japan,Japan,11,153837,False,0.0,0.0,unique to Japan,0.11631944444444445
Japan,Japan,11,156423,False,0.0,0.0,unique to Japan,0.1875
Japan,Japan,12,281,False,0.0,0.0,unique to Japan,0.15625
Japan,Japan,12,11009,False,0.0,0.0,unique to Japan,0.15625
Japan,Japan,12,35518,False,0.0,0.0,unique to Japan,0.171875
Japan,Japan,12,43546,False,0.0,0.0,unique to Japan,0.125
Japan,Japan,12,51348,False,0.0,0.0,unique to Japan,0.3819444444444444
Japan,Japan,12,57362,False,0.0,0.0,unique to Japan,0.125
Japan,Japan,12,68621,False,0.0,0.0,unique to Japan,0.359375
Japan,Japan,12,68966,False,0.0,0.0,unique to Japan,0.125
Japan,Japan,12,70209,False,0.0,0.0,unique to Japan,0.1875
Japan,Japan,12,72369,False,0.0,0.0,unique to Japan,0.25
Japan,Japan,12,74792,False,0.0,0.0,unique to Japan,0.1875
Japan,Japan,12,88120,False,0.0,0.0,unique to Japan,0.140625
Japan,Japan,12,94946,False,0.0,0.0,unique to Japan,0.17881944444444445
Japan,Japan,12,98189,False,0.0,0.0,unique to Japan,0.2569444444444444
Japan,Japan,12,119305,False,0.0,0.0,unique to Japan,0.125
Japan,Japan,12,132744,True,0.5960689783096313,0.5960693359375,unique to Japan,0.1875
Japan,Japan,12,134601,False,0.0,0.0,unique to Japan,0.21875
Japan,Japan,12,141782,False,0.0,0.0,unique to Japan,0.1371527777777778
Japan,Japan,12,146909,False,0.0,0.0,unique to Japan,0.140625
Japan,Japan,12,155654,False,0.0,0.0,unique to Japan,0.21875
Japan,Japan,13,4442,False,0.0,0.0,unique to Japan,0.125
Japan,Japan,13,4845,False,0.0,0.0,unique to Japan,0.026041666666666664
Japan,Japan,13,11236,False,0.0,0.0,unique to Japan,0.07291666666666666
Japan,Japan,13,17221,False,0.0,0.0,unique to Japan,0.15625
Japan,Japan,13,30860,False,0.0,0.0,unique to Japan,0.03993055555555556
Japan,Japan,13,32433,False,0.0,0.0,unique to Japan,0.21875
Japan,Japan,13,38036,False,0.0,0.0,unique to Japan,0.125
Japan,Japan,13,46039,False,0.0,0.0,shared with Tokyo,0.0625
Japan,Japan,13,54387,False,0.0,0.0,unique to Japan,0.03125
Japan,Japan,13,60147,False,0.0,0.0,unique to Japan,0.109375
Japan,Japan,13,65279,False,0.0,0.0,unique to Japan,0.125
Japan,Japan,13,101057,False,0.0,0.0,unique to Japan,0.15625
Japan,Japan,13,104449,False,0.0,0.0,unique to Japan,0.1111111111111111
Japan,Japan,13,104563,False,0.0,0.0,unique to Japan,0.06770833333333334
Japan,Japan,13,127349,False,0.0,0.0,unique to Japan,0.15625
Japan,Japan,13,133007,False,0.0,0.0,unique to Japan,0.125
Japan,Japan,13,135294,False,0.0,0.0,unique to Japan,0.125
Japan,Japan,13,135412,False,0.0,0.0,unique to Japan,0.06076388888888884
Japan,Japan,13,154518,False,0.0,0.0,unique to Japan,0.2552083333333333
Japan,Japan,13,161862,False,0.0,0.0,unique to Japan,0.1875
Japan,Japan,14,5663,False,0.0,0.0,unique to Japan,0.125
Japan,Japan,14,14054,False,0.0,0.0,unique to Japan,0.15625
Japan,Japan,14,33576,False,0.0,0.0,unique to Japan,0.125
Japan,Japan,14,43919,False,0.0,0.0,unique to Japan,0.125
Japan,Japan,14,51347,False,0.0,0.0,unique to Japan,0.171875
Japan,Japan,14,54503,False,0.0,0.0,unique to Japan,0.125
Japan,Japan,14,76536,False,0.0,0.0,unique to Japan,0.125
Japan,Japan,14,82244,False,0.0,0.0,unique to Japan,0.125
Japan,Japan,14,88458,False,0.0,0.0,unique to Japan,0.125
Japan,Japan,14,98096,False,0.0,0.0,unique to Japan,0.125
Japan,Japan,14,100709,False,0.0,0.0,unique to Japan,0.125
Japan,Japan,14,103153,False,0.0,0.0,shared with Tokyo,0.1371527777777778
Japan,Japan,14,107592,False,0.0,0.0,unique to Japan,0.15625
Japan,Japan,14,114902,False,0.0,0.0,unique to Japan,0.125
Japan,Japan,14,124939,False,0.0,0.0,unique to Japan,0.25
Japan,Japan,14,125122,False,0.0,0.0,unique to Japan,0.125
Japan,Japan,14,125227,False,0.0,0.0,unique to Japan,0.21875
Japan,Japan,14,131742,False,0.0,0.0,unique to Japan,0.078125
Japan,Japan,14,156353,False,0.0,0.0,unique to Japan,0.171875
Japan,Japan,14,162378,False,0.0,0.0,unique to Japan,0.3125
Japan,Japan,15,2340,False,0.0,0.0,unique to Japan,0.125
Japan,Japan,15,4253,False,0.0,0.0,unique to Japan,0.125
Japan,Japan,15,13340,False,0.0,0.0,unique to Japan,0.125
Japan,Japan,15,15624,False,0.0,0.0,unique to Japan,0.3888888888888889
Japan,Japan,15,32096,False,0.0,0.0,unique to Japan,0.125
Japan,Japan,15,33670,False,0.0,0.0,unique to Japan,0.1701388888888889
Japan,Japan,15,34619,False,0.0,0.0,unique to Japan,0.25
Japan,Japan,15,39291,False,0.0,0.0,unique to Japan,0.125
Japan,Japan,15,39890,False,0.0,0.0,unique to Japan,0.1979166666666667
Japan,Japan,15,75578,False,0.0,0.0,unique to Japan,0.125
Japan,Japan,15,79659,False,0.0,0.0,shared with Tokyo,0.21354166666666669
Japan,Japan,15,90009,False,0.0,0.0,unique to Japan,0.125
Japan,Japan,15,99164,False,0.0,0.0,unique to Japan,0.125
Japan,Japan,15,104728,False,0.0,0.0,unique to Japan,0.15451388888888884
Japan,Japan,15,111299,False,0.0,0.0,unique to Japan,0.1875
Japan,Japan,15,117698,False,0.0,0.0,unique to Japan,0.1875
Japan,Japan,15,126841,False,0.0,0.0,shared with Tokyo,0.22569444444444442
Japan,Japan,15,147550,False,0.0,0.0,unique to Japan,0.171875
Japan,Japan,15,150074,False,0.0,0.0,shared with Tokyo,0.1267361111111111
Japan,Japan,15,158731,False,0.0,0.0,unique to Japan,0.1875
Japan,Japan,16,6417,False,0.0,0.0,unique to Japan,0.125
Japan,Japan,16,12730,False,0.0,0.0,unique to Japan,0.125
Japan,Japan,16,15758,False,0.0,0.0,unique to Japan,0.25
Japan,Japan,16,22822,False,0.0,0.0,unique to Japan,0.3125
Japan,Japan,16,22953,False,0.0,0.0,unique to Japan,0.125
Japan,Japan,16,27800,False,0.0,0.0,unique to Japan,0.125
Japan,Japan,16,32781,False,0.0,0.0,unique to Japan,0.125
Japan,Japan,16,35598,False,0.0,0.0,unique to Japan,0.125
Japan,Japan,16,35637,False,0.0,0.0,unique to Japan,0.1875
Japan,Japan,16,48242,False,0.0,0.0,unique to Japan,0.125
Japan,Japan,16,55765,False,0.0,0.0,unique to Japan,0.125
Japan,Japan,16,72533,False,0.0,0.0,unique to Japan,0.125
Japan,Japan,16,76912,False,0.0,0.0,unique to Japan,0.125
Japan,Japan,16,89178,False,0.0,0.0,unique to Japan,0.125
Japan,Japan,16,90640,False,0.0,0.0,unique to Japan,0.125
Japan,Japan,16,101698,False,0.0,0.0,unique to Japan,0.125
Japan,Japan,16,106025,False,0.0,0.0,unique to Japan,0.1875
Japan,Japan,16,107183,False,0.0,0.0,unique to Japan,0.1875
Japan,Japan,16,121560,False,0.0,0.0,unique to Japan,0.171875
Japan,Japan,16,153344,False,0.0,0.0,unique to Japan,0.1875
Japan,Japan,17,1812,False,0.0,0.0,unique to Japan,0.125
Japan,Japan,17,3582,False,0.0,0.0,unique to Japan,0.53125
Japan,Japan,17,13022,False,0.0,0.0,unique to Japan,0.1875
Japan,Japan,17,13891,False,0.0,0.0,shared with Tokyo,0.0069444444444444475
Japan,Japan,17,14403,False,0.0,0.0,unique to Japan,0.125
Japan,Japan,17,15678,False,0.0,0.0,unique to Japan,0.21354166666666669
Japan,Japan,17,20350,False,0.0,0.0,unique to Japan,0.0625
Japan,Japan,17,42562,False,0.0,0.0,unique to Japan,0.125
Japan,Japan,17,46041,False,0.0,0.0,unique to Japan,0.125
Japan,Japan,17,61503,False,0.0,0.0,unique to Japan,0.1875
Japan,Japan,17,63089,False,0.0,0.0,unique to Japan,0.25
Japan,Japan,17,92340,False,0.0,0.0,unique to Japan,0.125
Japan,Japan,17,103584,False,0.0,0.0,unique to Japan,0.125
Japan,Japan,17,104640,False,0.0,0.0,unique to Japan,0.09027777777777779
Japan,Japan,17,112974,False,0.0,0.0,shared with Tokyo,0.125
Japan,Japan,17,132685,False,0.0,0.0,unique to Japan,0.09375
Japan,Japan,17,150354,False,0.0,0.0,unique to Japan,0.05381944444444445
Japan,Japan,17,152071,False,0.0,0.0,unique to Japan,0.125
Japan,Japan,17,160677,False,0.0,0.0,unique to Japan,0.2065972222222222
Japan,Japan,18,16848,False,0.0,0.0,unique to Japan,0.125
Japan,Japan,18,23197,False,0.0,0.0,unique to Japan,0.34375
Japan,Japan,18,36588,False,0.0,0.0,unique to Japan,0.22916666666666669
Japan,Japan,18,39038,False,0.0,0.0,unique to Japan,0.125
Japan,Japan,18,44849,False,0.0,0.0,unique to Japan,0.1875
Japan,Japan,18,64894,False,0.0,0.0,unique to Japan,0.1875
Japan,Japan,18,87606,False,0.0,0.0,unique to Japan,0.08333333333333326
Japan,Japan,18,102200,False,0.0,0.0,unique to Japan,0.125
Japan,Japan,18,107772,False,0.0,0.0,unique to Japan,0.125
Japan,Japan,18,113590,False,0.0,0.0,unique to Japan,0.125
Japan,Japan,18,118228,False,0.0,0.0,unique to Japan,0.5625
Japan,Japan,18,120976,False,0.0,0.0,unique to Japan,0.0625
Japan,Japan,18,137786,False,0.0,0.0,unique to Japan,0.125
Japan,Japan,18,143985,False,0.0,0.0,unique to Japan,0.4288194444444444
Japan,Japan,18,149762,False,0.0,0.0,unique to Japan,0.125
Japan,Japan,18,156633,False,0.0,0.0,shared with Tokyo,0.2309027777777778
Japan,Japan,19,16715,False,0.0,0.0,unique to Japan,0.031249999999999997
Japan,Japan,19,43260,False,0.0,0.0,shared with Tokyo,0.109375
Japan,Japan,19,104594,False,0.0,0.0,unique to Japan,0.1875
Japan,Japan,19,105355,False,0.0,0.0,unique to Japan,0.125
Japan,Japan,19,106312,False,0.0,0.0,unique to Japan,0.125
Japan,Japan,19,121148,False,0.0,0.0,unique to Japan,0.00868055555555547
Japan,Japan,19,130649,False,0.0,0.0,unique to Japan,0.125
Japan,Japan,19,149577,False,0.0,0.0,unique to Japan,0.265625
Japan,Japan,20,12419,False,0.0,0.0,shared with Tokyo,0.21006944444444442
Japan,Japan,20,18824,True,2.9745473861694336,2.9745523929595947,shared with Tokyo,0.8333333333333334
Japan,Japan,20,51106,False,0.0,0.0,unique to Japan,0.125
Japan,Japan,20,53552,False,0.0,0.0,unique to Japan,0.11631944444444445
Japan,Japan,20,62864,False,0.0,0.0,shared with Tokyo,0.03819444444444442
Japan,Japan,20,83986,False,0.0,0.0,unique to Japan,0.08333333333333331
Japan,Japan,20,100658,False,0.0,0.0,unique to Japan,0.046875
Japan,Japan,20,133005,False,0.0,0.0,unique to Japan,0.125
Japan,Japan,20,146850,False,0.0,0.0,unique to Japan,0.13368055555555558
Japan,Japan,20,154744,False,0.0,0.0,shared with Tokyo,0.2534722222222222
Japan,Japan,21,28638,False,0.0,0.0,shared with Tokyo,0.25
Japan,Japan,21,32044,False,0.0,0.0,shared with Tokyo,0.09375
Japan,Japan,21,66836,False,0.0,0.0,unique to Japan,0.017361111111111112
Japan,Japan,21,68751,False,0.0,0.0,unique to Japan,0.125
Japan,Japan,21,74492,False,0.0,0.0,unique to Japan,0.4444444444444445
Japan,Japan,21,116860,False,0.0,0.0,unique to Japan,0.32638888888888884
Japan,Japan,21,119347,False,0.0,0.0,unique to Japan,0.0763888888888889
Japan,Japan,21,121718,False,0.0,0.0,unique to Japan,0.125
Japan,Japan,21,136683,True,14.04098892211914,14.041007041931152,shared with Tokyo,0.9791666666666666
Japan,Japan,22,4434,False,0.0,0.0,unique to Japan,0.005208333333333329
Japan,Japan,22,53187,False,0.0,0.0,unique to Japan,0.21701388888888895
Japan,Japan,22,74086,False,0.0,0.0,shared with Tokyo,0.9270833333333334
Japan,Japan,22,85645,False,0.0,0.0,unique to Japan,0.25
Japan,Japan,22,151732,False,0.0,0.0,shared with Tokyo,0.6875
Japan,Japan,22,154077,False,0.0,0.0,unique to Japan,0.1892361111111111
Japan,Japan,22,163293,False,0.0,0.0,unique to Japan,0.017361111111111112
Japan,Japan,23,39939,False,0.0,0.0,shared with Tokyo,0.1875
Japan,Japan,23,61597,False,0.0,0.0,unique to Japan,0.125
Japan,Japan,23,65431,False,0.0,0.0,unique to Japan,0.008680555555555566
Japan,Japan,23,71845,False,0.0,0.0,unique to Japan,0.08333333333333333
Japan,Japan,23,73197,False,0.0,0.0,shared with Tokyo,0.75
Japan,Japan,23,82376,False,0.0,0.0,unique to Japan,0.125
Japan,Japan,23,130995,False,0.0,0.0,shared with Tokyo,0.46875
Japan,Japan,23,132435,False,0.0,0.0,unique to Japan,0.06076388888888884
Japan,Japan,23,144551,False,0.0,0.0,unique to Japan,0.07638888888888888
Japan,Japan,23,146233,False,0.0,0.0,unique to Japan,0.16319444444444453
Japan,Japan,23,147945,True,44.580360412597656,44.58036804199219,shared with Tokyo,1.0
Japan,Japan,23,154537,False,0.0,0.0,unique to Japan,0.8541666666666666
Japan,Japan,24,10794,False,0.0,0.0,unique to Japan,0.10416666666666666
Japan,Japan,24,62193,False,0.0,0.0,unique to Japan,0.2708333333333333
Japan,Japan,24,65613,False,0.0,0.0,unique to Japan,0.375
Japan,Japan,24,80507,False,0.0,0.0,shared with Tokyo,1.0
Japan,Japan,24,90752,False,0.0,0.0,unique to Japan,0.6458333333333334
Japan,Japan,24,94518,False,0.0,0.0,unique to Japan,0.17881944444444445
Japan,Japan,24,96405,False,0.0,0.0,shared with Tokyo,0.75
Japan,Japan,24,100878,False,0.0,0.0,shared with Tokyo,0.1875
Japan,Japan,24,125318,False,0.0,0.0,shared with Tokyo,0.25
Japan,Japan,24,129974,False,0.0,0.0,unique to Japan,0.005208333333333329
Japan,Japan,24,161260,False,0.0,0.0,unique to Japan,0.3125
Japan,Japan,25,5145,False,0.0,0.0,unique to Japan,0.09375
Japan,Japan,25,14008,False,0.0,0.0,shared with Tokyo,0.3454861111111111
Japan,Japan,25,28687,False,0.0,0.0,shared with Tokyo,0.6458333333333334
Japan,Japan,25,46793,False,0.0,0.0,shared with Tokyo,0.359375
Japan,Japan,25,74405,False,0.0,0.0,shared with Tokyo,0.1875
Japan,Japan,25,84604,False,0.0,0.0,unique to Japan,0.05208333333333333
Japan,Japan,25,107523,False,0.0,0.0,unique to Japan,0.02083333333333326
Japan,Japan,25,114963,False,0.0,0.0,shared with Tokyo,0.7708333333333334
Japan,Japan,25,130192,False,0.0,0.0,unique to Japan,0.09375
Japan,Japan,25,152765,False,0.0,0.0,shared with Tokyo,0.21875
Japan,Japan,26,24128,False,0.0,0.0,unique to Japan,0.1875
Japan,Japan,26,25293,False,0.0,0.0,unique to Japan,0.0954861111111111
Japan,Japan,26,26970,False,0.0,0.0,shared with Tokyo,0.1736111111111111
Japan,Japan,26,41624,False,0.0,0.0,shared with Tokyo,0.3125
Japan,Japan,26,49427,False,0.0,0.0,unique to Japan,0.1875
Japan,Japan,26,64531,False,0.0,0.0,unique to Japan,0.125
Japan,Japan,26,66734,False,0.0,0.0,shared with Tokyo,0.3125
Japan,Japan,26,79683,False,0.0,0.0,shared with Tokyo,0.4375
Japan,Japan,26,81034,False,0.0,0.0,shared with Tokyo,0.3993055555555556
Japan,Japan,26,104415,False,0.0,0.0,shared with Tokyo,0.875
Japan,Japan,26,114593,False,0.0,0.0,shared with Tokyo,0.17708333333333334
Japan,Japan,26,122224,False,0.0,0.0,unique to Japan,0.1875
Japan,Japan,26,133870,False,0.0,0.0,unique to Japan,0.25
Japan,Japan,26,137978,False,0.0,0.0,unique to Japan,0.017361111111111105
Japan,Japan,26,141900,False,0.0,0.0,unique to Japan,0.020833333333333315
Japan,Japan,26,152195,False,0.0,0.0,shared with Tokyo,0.034722222222222224
Japan,Japan,27,4655,False,0.0,0.0,shared with Tokyo,0.08333333333333326
Japan,Japan,27,58549,False,0.0,0.0,unique to Japan,0.5
Japan,Japan,27,70045,False,0.0,0.0,shared with Tokyo,0.9166666666666666
Japan,Berlin,3,122823,False,0.0,0.0,unique to Berlin,0.0625
Japan,Berlin,4,76115,False,0.0,0.0,unique to Berlin,0.1875
Japan,Berlin,6,56601,False,0.0,0.0,unique to Berlin,0.02083333333333337
Japan,Berlin,7,108103,False,0.0,0.0,unique to Berlin,0.05026223776223776
Japan,Berlin,8,49577,False,0.0,0.0,unique to Berlin,0.04761904761904756
Japan,Berlin,9,21866,False,0.0,0.0,unique to Berlin,0.04166666666666663
Japan,Berlin,9,32744,True,3.0917510986328125,3.0917530059814453,unique to Berlin,0.19711538461538453
Japan,Berlin,9,125396,False,0.0,0.0,unique to Berlin,0.28273809523809523
Japan,Berlin,10,1418,True,1.8350872993469238,1.835089921951294,unique to Berlin,0.13095238095238093
Japan,Berlin,10,5895,False,0.0,0.0,unique to Berlin,0.2589285714285714
Japan,Berlin,10,48590,False,0.0,0.0,unique to Berlin,0.09523809523809523
Japan,Berlin,10,62097,True,0.3057270050048828,0.30572688579559326,unique to Berlin,0.048805361305361394
Japan,Berlin,10,137591,False,0.0,0.0,unique to Berlin,0.24810606060606055
Japan,Berlin,11,28169,True,5.111741542816162,5.111741542816162,unique to Berlin,0.06891025641025639
Japan,Berlin,12,1483,False,0.0,0.0,unique to Berlin,0.023809523809523836
Japan,Berlin,12,29330,False,0.0,0.0,unique to Berlin,0.009761072261072257
Japan,Berlin,12,55450,False,0.0,0.0,unique to Berlin,0.03273809523809523
Japan,Berlin,13,19368,False,0.0,0.0,unique to Berlin,0.2738095238095238
Japan,Berlin,13,27421,False,0.0,0.0,unique to Berlin,0.020833333333333315
Japan,Berlin,13,114033,False,0.0,0.0,unique to Berlin,0.020833333333333315
Japan,Berlin,14,40906,False,0.0,0.0,unique to Berlin,0.14583333333333331
Japan,Berlin,14,113103,False,0.0,0.0,unique to Berlin,0.10416666666666663
Japan,Berlin,14,154187,False,0.0,0.0,shared with Germany,0.04166666666666663
Japan,Berlin,15,79659,False,0.0,0.0,unique to Berlin,0.2321428571428571
Japan,Berlin,15,150074,False,0.0,0.0,unique to Berlin,0.11309523809523803
Japan,Berlin,16,115915,False,0.0,0.0,unique to Berlin,0.08630952380952384
Japan,Berlin,17,13891,False,0.0,0.0,unique to Berlin,0.14880952380952384
Japan,Berlin,17,15678,False,0.0,0.0,unique to Berlin,0.08333333333333326
Japan,Berlin,17,70371,True,3.923163890838623,3.923171043395996,unique to Berlin,0.02083333333333337
Japan,Berlin,17,150354,False,0.0,0.0,unique to Berlin,0.19478438228438227
Japan,Berlin,18,156633,False,0.0,0.0,unique to Berlin,0.044642857142857095
Japan,Berlin,19,10162,False,0.0,0.0,unique to Berlin,0.16724941724941722
Japan,Berlin,19,67024,False,0.0,0.0,unique to Berlin,0.04166666666666674
Japan,Berlin,20,33005,False,0.0,0.0,unique to Berlin,0.37460456210456206
Japan,Berlin,20,51506,False,0.0,0.0,unique to Berlin,0.32939976689976685
Japan,Berlin,20,62864,False,0.0,0.0,unique to Berlin,0.16666666666666663
Japan,Berlin,20,146850,False,0.0,0.0,unique to Berlin,0.04166666666666674
Japan,Berlin,20,155146,False,0.0,0.0,shared with Germany,1.0
Japan,Berlin,20,163792,False,0.0,0.0,unique to Berlin,0.07109557109557108
Japan,Berlin,21,22443,False,0.0,0.0,shared with Germany,1.0
Japan,Berlin,21,36202,False,0.0,0.0,unique to Berlin,0.1040417915417915
Japan,Berlin,21,75179,False,0.0,0.0,unique to Berlin,0.1607142857142857
Japan,Berlin,21,82598,False,0.0,0.0,unique to Berlin,0.1032925407925408
Japan,Berlin,21,88236,False,0.0,0.0,unique to Berlin,0.2624458874458875
Japan,Berlin,21,123565,False,0.0,0.0,unique to Berlin,0.20833333333333326
Japan,Berlin,22,9237,False,0.0,0.0,unique to Berlin,0.29166666666666663
Japan,Berlin,22,38365,False,0.0,0.0,shared with Germany,0.06547619047619035
Japan,Berlin,22,64313,False,0.0,0.0,unique to Berlin,0.06639194139194149
Japan,Berlin,22,74666,False,0.0,0.0,shared with Germany,0.9166666666666666
Japan,Berlin,22,106347,False,0.0,0.0,shared with Germany,1.0
Japan,Berlin,22,138210,False,0.0,0.0,unique to Berlin,0.10052447552447563
Japan,Berlin,23,67123,False,0.0,0.0,unique to Berlin,0.5416666666666666
Japan,Berlin,23,92900,False,0.0,0.0,unique to Berlin,1.0
Japan,Berlin,23,106820,False,0.0,0.0,shared with Germany,0.7687312687312687
Japan,Berlin,23,117077,False,0.0,0.0,unique to Berlin,0.29166666666666663
Japan,Berlin,23,142507,False,0.0,0.0,unique to Berlin,0.18452380952380942
Japan,Berlin,23,144162,False,0.0,0.0,shared with Germany,0.891941391941392
Japan,Berlin,24,4417,False,0.0,0.0,unique to Berlin,0.29166666666666663
Japan,Berlin,24,25510,False,0.0,0.0,unique to Berlin,1.0
Japan,Berlin,24,38736,False,0.0,0.0,unique to Berlin,0.2095196470196471
Japan,Berlin,24,39495,False,0.0,0.0,shared with Germany,0.9166666666666666
Japan,Berlin,24,56177,False,0.0,0.0,unique to Berlin,0.6666666666666666
Japan,Berlin,24,73908,False,0.0,0.0,shared with Germany,0.18210955710955706
Japan,Berlin,24,82854,False,0.0,0.0,unique to Berlin,0.5595238095238095
Japan,Berlin,24,131573,False,0.0,0.0,unique to Berlin,1.0
Japan,Berlin,24,142467,False,0.0,0.0,unique to Berlin,0.8121878121878121
Japan,Berlin,25,26186,False,0.0,0.0,unique to Berlin,0.2505411255411255
Japan,Berlin,25,28710,False,0.0,0.0,unique to Berlin,0.9880952380952381
Japan,Berlin,25,40466,False,0.0,0.0,shared with Germany,1.0
Japan,Berlin,25,58766,False,0.0,0.0,unique to Berlin,1.0
Japan,Berlin,25,95592,False,0.0,0.0,unique to Berlin,0.018127705627705826
Japan,Berlin,25,98860,False,0.0,0.0,unique to Berlin,0.5481809856809857
Japan,Berlin,25,104247,False,0.0,0.0,unique to Berlin,0.8333333333333333
Japan,Berlin,25,146554,False,0.0,0.0,unique to Berlin,0.35416666666666663
Japan,Berlin,25,148402,False,0.0,0.0,unique to Berlin,0.09523809523809523
Japan,Berlin,25,162614,False,0.0,0.0,unique to Berlin,0.6603604728604728
Japan,Berlin,26,19883,False,0.0,0.0,unique to Berlin,0.09523809523809512
Japan,Berlin,26,41862,False,0.0,0.0,unique to Berlin,0.5609182484182484
Japan,Berlin,26,58020,False,0.0,0.0,unique to Berlin,1.0
Japan,Berlin,26,75059,False,0.0,0.0,shared with Germany,0.7877747252747254
Japan,Berlin,26,78201,False,0.0,0.0,shared with Germany,0.7934565434565435
Japan,Berlin,26,117516,False,0.0,0.0,unique to Berlin,0.013611388611388608
Japan,Berlin,27,86525,False,0.0,0.0,shared with Germany,1.0
Japan,Berlin,27,108741,False,0.0,0.0,unique to Berlin,0.15178571428571436
Japan,Berlin,27,131997,False,0.0,0.0,unique to Berlin,0.004162504162504077
Japan,Germany,1,69173,False,0.0,0.0,unique to Germany,0.4666666666666668
Japan,Germany,1,110636,False,0.0,0.0,unique to Germany,0.16666666666666674
Japan,Germany,2,9991,False,0.0,0.0,unique to Germany,0.4
Japan,Germany,2,36597,False,0.0,0.0,unique to Germany,0.13333333333333336
Japan,Germany,2,43019,False,0.0,0.0,unique to Germany,0.03333333333333338
Japan,Germany,2,45978,False,0.0,0.0,unique to Germany,0.06666666666666676
Japan,Germany,2,49408,False,0.0,0.0,unique to Germany,0.2
Japan,Germany,2,54888,False,0.0,0.0,unique to Germany,0.2333333333333334
Japan,Germany,2,61660,False,0.0,0.0,unique to Germany,0.16666666666666674
Japan,Germany,2,82493,False,0.0,0.0,unique to Germany,0.13333333333333336
Japan,Germany,2,91615,False,0.0,0.0,unique to Germany,0.03333333333333338
Japan,Germany,2,93713,False,0.0,0.0,unique to Germany,0.43333333333333335
Japan,Germany,2,94642,False,0.0,0.0,unique to Germany,0.10000000000000003
Japan,Germany,2,98380,False,0.0,0.0,unique to Germany,0.2
Japan,Germany,2,107006,False,0.0,0.0,unique to Germany,0.3
Japan,Germany,3,1960,False,0.0,0.0,unique to Germany,0.2
Japan,Germany,3,36246,False,0.0,0.0,unique to Germany,0.10000000000000003
Japan,Germany,3,40263,False,0.0,0.0,unique to Germany,0.06666666666666676
Japan,Germany,3,110742,False,0.0,0.0,unique to Germany,0.4666666666666668
Japan,Germany,3,119350,False,0.0,0.0,unique to Germany,0.13333333333333336
Japan,Germany,4,3771,False,0.0,0.0,unique to Germany,0.2
Japan,Germany,4,27443,False,0.0,0.0,unique to Germany,0.2
Japan,Germany,4,76613,False,0.0,0.0,unique to Germany,0.2
Japan,Germany,4,85253,False,0.0,0.0,unique to Germany,0.2
Japan,Germany,4,106600,False,0.0,0.0,unique to Germany,0.3000000000000001
Japan,Germany,5,28566,False,0.0,0.0,unique to Germany,0.33333333333333337
Japan,Germany,5,39162,False,0.0,0.0,unique to Germany,0.03333333333333344
Japan,Germany,5,40534,False,0.0,0.0,unique to Germany,0.16666666666666674
Japan,Germany,5,43893,False,0.0,0.0,unique to Germany,0.03333333333333338
Japan,Germany,5,62221,False,0.0,0.0,unique to Germany,0.03333333333333338
Japan,Germany,5,62478,False,0.0,0.0,unique to Germany,0.16666666666666674
Japan,Germany,5,76874,False,0.0,0.0,unique to Germany,0.2333333333333334
Japan,Germany,5,79169,False,0.0,0.0,unique to Germany,0.2333333333333335
Japan,Germany,5,79660,False,0.0,0.0,unique to Germany,0.10000000000000003
Japan,Germany,5,88723,False,0.0,0.0,unique to Germany,0.4666666666666668
Japan,Germany,5,106538,False,0.0,0.0,unique to Germany,0.2
Japan,Germany,5,107328,False,0.0,0.0,unique to Germany,0.2
Japan,Germany,5,112488,False,0.0,0.0,unique to Germany,0.13333333333333336
Japan,Germany,5,119940,False,0.0,0.0,unique to Germany,0.13333333333333336
Japan,Germany,5,125132,False,0.0,0.0,unique to Germany,0.03333333333333344
Japan,Germany,5,154766,False,0.0,0.0,unique to Germany,0.2666666666666667
Japan,Germany,6,23366,False,0.0,0.0,unique to Germany,0.3
Japan,Germany,6,36169,False,0.0,0.0,unique to Germany,0.06666666666666676
Japan,Germany,6,55758,False,0.0,0.0,unique to Germany,0.2
Japan,Germany,6,63485,False,0.0,0.0,unique to Germany,0.03333333333333344
Japan,Germany,6,67281,False,0.0,0.0,unique to Germany,0.03333333333333338
Japan,Germany,6,82968,False,0.0,0.0,unique to Germany,0.2
Japan,Germany,6,83120,False,0.0,0.0,unique to Germany,0.16666666666666674
Japan,Germany,6,87589,False,0.0,0.0,unique to Germany,0.4
Japan,Germany,6,104199,False,0.0,0.0,unique to Germany,0.13333333333333336
Japan,Germany,6,123743,False,0.0,0.0,unique to Germany,0.2
Japan,Germany,6,134548,False,0.0,0.0,unique to Germany,0.33333333333333337
Japan,Germany,6,149150,False,0.0,0.0,unique to Germany,0.2
Japan,Germany,6,163423,False,0.0,0.0,unique to Germany,0.03333333333333338
Japan,Germany,7,32783,False,0.0,0.0,unique to Germany,0.3000000000000001
Japan,Germany,7,117978,False,0.0,0.0,unique to Germany,0.06666666666666676
Japan,Germany,8,11099,False,0.0,0.0,unique to Germany,0.2
Japan,Germany,8,22587,False,0.0,0.0,unique to Germany,0.2
Japan,Germany,8,22680,False,0.0,0.0,unique to Germany,0.06666666666666676
Japan,Germany,8,33412,False,0.0,0.0,unique to Germany,0.03333333333333338
Japan,Germany,8,39845,False,0.0,0.0,unique to Germany,0.2
Japan,Germany,8,47860,False,0.0,0.0,unique to Germany,0.16666666666666674
Japan,Germany,8,50248,False,0.0,0.0,unique to Germany,0.2
Japan,Germany,8,55941,False,0.0,0.0,unique to Germany,0.2
Japan,Germany,8,60876,False,0.0,0.0,unique to Germany,0.2
Japan,Germany,8,88193,False,0.0,0.0,unique to Germany,0.13333333333333336
Japan,Germany,8,100289,False,0.0,0.0,unique to Germany,0.03333333333333338
Japan,Germany,8,100823,False,0.0,0.0,unique to Germany,0.43333333333333335
Japan,Germany,8,111124,False,0.0,0.0,unique to Germany,0.3666666666666667
Japan,Germany,8,114086,True,0.75403892993927,0.7540384531021118,unique to Germany,0.06666666666666676
Japan,Germany,8,122053,False,0.0,0.0,unique to Germany,0.2
Japan,Germany,8,132731,False,0.0,0.0,unique to Germany,0.2
Japan,Germany,8,146635,False,0.0,0.0,unique to Germany,0.06666666666666676
Japan,Germany,8,150468,False,0.0,0.0,unique to Germany,0.10000000000000003
Japan,Germany,8,154781,False,0.0,0.0,unique to Germany,0.33333333333333337
Japan,Germany,8,162605,False,0.0,0.0,unique to Germany,0.2
Japan,Germany,9,3011,False,0.0,0.0,unique to Germany,0.2333333333333334
Japan,Germany,9,10024,False,0.0,0.0,unique to Germany,0.2
Japan,Germany,9,30958,False,0.0,0.0,unique to Germany,0.3
Japan,Germany,9,51693,False,0.0,0.0,unique to Germany,0.2
Japan,Germany,9,52253,False,0.0,0.0,unique to Germany,0.4
Japan,Germany,9,53530,False,0.0,0.0,unique to Germany,0.13333333333333336
Japan,Germany,9,60029,False,0.0,0.0,unique to Germany,0.3333333333333335
Japan,Germany,9,85238,False,0.0,0.0,unique to Germany,0.2
Japan,Germany,9,98011,False,0.0,0.0,unique to Germany,0.33333333333333337
Japan,Germany,9,108364,False,0.0,0.0,unique to Germany,0.03333333333333338
Japan,Germany,9,121235,False,0.0,0.0,unique to Germany,0.2
Japan,Germany,9,127173,False,0.0,0.0,unique to Germany,0.06666666666666676
Japan,Germany,9,134991,False,0.0,0.0,unique to Germany,0.13333333333333353
Japan,Germany,9,143899,False,0.0,0.0,unique to Germany,0.03333333333333338
Japan,Germany,9,161940,False,0.0,0.0,unique to Germany,0.16666666666666674
Japan,Germany,10,19623,False,0.0,0.0,unique to Germany,0.16666666666666674
Japan,Germany,10,28475,False,0.0,0.0,unique to Germany,0.13333333333333336
Japan,Germany,10,40871,False,0.0,0.0,unique to Germany,0.3
Japan,Germany,10,44218,False,0.0,0.0,unique to Germany,0.13333333333333336
Japan,Germany,10,44624,False,0.0,0.0,unique to Germany,0.3
Japan,Germany,10,48697,False,0.0,0.0,unique to Germany,0.13333333333333336
Japan,Germany,10,57177,False,0.0,0.0,unique to Germany,0.2
Japan,Germany,10,75324,False,0.0,0.0,unique to Germany,0.2333333333333334
Japan,Germany,10,76335,False,0.0,0.0,unique to Germany,0.2
Japan,Germany,10,93313,False,0.0,0.0,unique to Germany,0.6
Japan,Germany,10,105877,False,0.0,0.0,unique to Germany,0.03333333333333338
Japan,Germany,10,106685,False,0.0,0.0,unique to Germany,0.43333333333333335
Japan,Germany,10,124363,False,0.0,0.0,unique to Germany,0.2
Japan,Germany,10,137775,False,0.0,0.0,unique to Germany,0.3666666666666667
Japan,Germany,10,163052,False,0.0,0.0,unique to Germany,0.2
Japan,Germany,11,3717,False,0.0,0.0,unique to Germany,0.03333333333333338
Japan,Germany,11,20782,False,0.0,0.0,unique to Germany,0.13333333333333336
Japan,Germany,11,40856,False,0.0,0.0,unique to Germany,0.03333333333333338
Japan,Germany,11,46610,False,0.0,0.0,unique to Germany,0.3
Japan,Germany,11,49219,False,0.0,0.0,unique to Germany,0.16666666666666674
Japan,Germany,11,50688,False,0.0,0.0,unique to Germany,0.2333333333333334
Japan,Germany,11,53149,False,0.0,0.0,unique to Germany,0.2
Japan,Germany,11,53888,False,0.0,0.0,unique to Germany,0.03333333333333344
Japan,Germany,11,71329,False,0.0,0.0,unique to Germany,0.2
Japan,Germany,11,84682,False,0.0,0.0,unique to Germany,0.03333333333333338
Japan,Germany,11,85853,False,0.0,0.0,unique to Germany,0.3
Japan,Germany,11,94536,False,0.0,0.0,unique to Germany,0.2
Japan,Germany,11,115114,False,0.0,0.0,unique to Germany,0.03333333333333338
Japan,Germany,11,122920,False,0.0,0.0,unique to Germany,0.2
Japan,Germany,11,125462,False,0.0,0.0,unique to Germany,0.03333333333333338
Japan,Germany,11,142125,False,0.0,0.0,unique to Germany,0.2333333333333335
Japan,Germany,11,142499,False,0.0,0.0,unique to Germany,0.2
Japan,Germany,12,5825,False,0.0,0.0,unique to Germany,0.10000000000000003
Japan,Germany,12,12898,False,0.0,0.0,unique to Germany,0.4
Japan,Germany,12,22015,False,0.0,0.0,unique to Germany,0.03333333333333338
Japan,Germany,12,35518,False,0.0,0.0,unique to Germany,0.03333333333333338
Japan,Germany,12,39067,False,0.0,0.0,unique to Germany,0.16666666666666674
Japan,Germany,12,44400,False,0.0,0.0,unique to Germany,0.3
Japan,Germany,12,51348,False,0.0,0.0,unique to Germany,0.2333333333333334
Japan,Germany,12,69673,False,0.0,0.0,unique to Germany,0.16666666666666674
Japan,Germany,12,80031,False,0.0,0.0,unique to Germany,0.06666666666666676
Japan,Germany,12,88120,False,0.0,0.0,unique to Germany,0.03333333333333338
Japan,Germany,12,99286,True,4.517864227294922,4.517863750457764,unique to Germany,0.16666666666666674
Japan,Germany,12,102481,False,0.0,0.0,unique to Germany,0.13333333333333336
Japan,Germany,12,141782,False,0.0,0.0,unique to Germany,0.13333333333333336
Japan,Germany,12,148536,False,0.0,0.0,unique to Germany,0.2333333333333334
Japan,Germany,12,149110,False,0.0,0.0,unique to Germany,0.16666666666666674
Japan,Germany,12,153929,False,0.0,0.0,unique to Germany,0.2
Japan,Germany,12,155526,False,0.0,0.0,unique to Germany,0.4
Japan,Germany,12,158865,False,0.0,0.0,unique to Germany,0.16666666666666674
Japan,Germany,12,159762,False,0.0,0.0,unique to Germany,0.16666666666666674
Japan,Germany,12,160349,False,0.0,0.0,unique to Germany,0.2
Japan,Germany,13,17221,False,0.0,0.0,unique to Germany,0.2
Japan,Germany,13,38036,False,0.0,0.0,unique to Germany,0.2
Japan,Germany,13,42938,True,5.364869594573975,5.364872932434082,unique to Germany,0.13333333333333353
Japan,Germany,13,68967,False,0.0,0.0,unique to Germany,0.10000000000000003
Japan,Germany,13,69500,False,0.0,0.0,unique to Germany,0.13333333333333336
Japan,Germany,13,72286,False,0.0,0.0,unique to Germany,0.16666666666666674
Japan,Germany,13,133023,False,0.0,0.0,unique to Germany,0.2
Japan,Germany,13,135331,False,0.0,0.0,unique to Germany,0.2
Japan,Germany,13,135412,False,0.0,0.0,unique to Germany,0.16666666666666674
Japan,Germany,13,138000,False,0.0,0.0,unique to Germany,0.03333333333333338
Japan,Germany,13,146600,False,0.0,0.0,unique to Germany,0.4000000000000001
Japan,Germany,13,153483,False,0.0,0.0,unique to Germany,0.06666666666666676
Japan,Germany,13,161257,False,0.0,0.0,unique to Germany,0.2666666666666667
Japan,Germany,13,161883,False,0.0,0.0,unique to Germany,0.03333333333333338
Japan,Germany,14,14054,False,0.0,0.0,unique to Germany,0.06666666666666676
Japan,Germany,14,19752,False,0.0,0.0,unique to Germany,0.03333333333333338
Japan,Germany,14,20347,False,0.0,0.0,unique to Germany,0.2
Japan,Germany,14,38934,False,0.0,0.0,unique to Germany,0.2666666666666667
Japan,Germany,14,62700,False,0.0,0.0,unique to Germany,0.3
Japan,Germany,14,72875,False,0.0,0.0,unique to Germany,0.2
Japan,Germany,14,82244,False,0.0,0.0,unique to Germany,0.3
Japan,Germany,14,90756,False,0.0,0.0,unique to Germany,0.03333333333333338
Japan,Germany,14,98348,False,0.0,0.0,unique to Germany,0.13333333333333336
Japan,Germany,14,103153,False,0.0,0.0,unique to Germany,0.03333333333333338
Japan,Germany,14,107592,False,0.0,0.0,unique to Germany,0.2
Japan,Germany,14,111574,False,0.0,0.0,unique to Germany,0.03333333333333338
Japan,Germany,14,119869,False,0.0,0.0,unique to Germany,0.2
Japan,Germany,14,130471,False,0.0,0.0,unique to Germany,0.03333333333333338
Japan,Germany,14,131742,False,0.0,0.0,unique to Germany,0.13333333333333336
Japan,Germany,14,150878,False,0.0,0.0,unique to Germany,0.3
Japan,Germany,14,154187,False,0.0,0.0,shared with Berlin,0.03333333333333338
Japan,Germany,14,156353,False,0.0,0.0,unique to Germany,0.03333333333333338
Japan,Germany,14,162378,False,0.0,0.0,unique to Germany,0.3
Japan,Germany,15,8658,False,0.0,0.0,unique to Germany,0.13333333333333336
Japan,Germany,15,41343,False,0.0,0.0,unique to Germany,0.03333333333333338
Japan,Germany,15,43381,False,0.0,0.0,unique to Germany,0.03333333333333338
Japan,Germany,15,51381,False,0.0,0.0,unique to Germany,0.13333333333333336
Japan,Germany,15,104728,False,0.0,0.0,unique to Germany,0.16666666666666674
Japan,Germany,15,110691,False,0.0,0.0,unique to Germany,0.03333333333333338
Japan,Germany,15,125007,False,0.0,0.0,unique to Germany,0.2
Japan,Germany,15,126841,False,0.0,0.0,unique to Germany,0.5
Japan,Germany,15,127742,False,0.0,0.0,unique to Germany,0.03333333333333338
Japan,Germany,15,139744,False,0.0,0.0,unique to Germany,0.06666666666666676
Japan,Germany,16,11104,False,0.0,0.0,unique to Germany,0.2
Japan,Germany,16,22822,False,0.0,0.0,unique to Germany,0.06666666666666676
Japan,Germany,16,30610,False,0.0,0.0,unique to Germany,0.2333333333333335
Japan,Germany,16,32597,False,0.0,0.0,unique to Germany,0.2
Japan,Germany,16,56854,False,0.0,0.0,unique to Germany,0.2
Japan,Germany,16,58460,False,0.0,0.0,unique to Germany,0.2
Japan,Germany,16,65332,False,0.0,0.0,unique to Germany,0.13333333333333336
Japan,Germany,16,83053,False,0.0,0.0,unique to Germany,0.16666666666666674
Japan,Germany,16,88530,False,0.0,0.0,unique to Germany,0.4
Japan,Germany,16,96026,False,0.0,0.0,unique to Germany,0.03333333333333338
Japan,Germany,16,98882,False,0.0,0.0,unique to Germany,0.13333333333333336
Japan,Germany,16,121560,False,0.0,0.0,unique to Germany,0.13333333333333336
Japan,Germany,16,126688,False,0.0,0.0,unique to Germany,0.03333333333333338
Japan,Germany,16,145588,False,0.0,0.0,unique to Germany,0.06666666666666676
Japan,Germany,16,153553,False,0.0,0.0,unique to Germany,0.2333333333333334
Japan,Germany,17,3582,False,0.0,0.0,unique to Germany,0.6
Japan,Germany,17,44147,False,0.0,0.0,unique to Germany,0.13333333333333353
Japan,Germany,17,48028,False,0.0,0.0,unique to Germany,0.06666666666666676
Japan,Germany,17,63089,False,0.0,0.0,unique to Germany,0.2
Japan,Germany,17,80134,False,0.0,0.0,unique to Germany,0.13333333333333336
Japan,Germany,17,90347,False,0.0,0.0,unique to Germany,0.03333333333333338
Japan,Germany,17,160677,False,0.0,0.0,unique to Germany,0.2
Japan,Germany,18,64894,False,0.0,0.0,unique to Germany,0.2
Japan,Germany,18,93102,False,0.0,0.0,unique to Germany,0.3
Japan,Germany,18,118228,False,0.0,0.0,unique to Germany,0.06666666666666676
Japan,Germany,19,10133,False,0.0,0.0,unique to Germany,0.06666666666666676
Japan,Germany,19,13118,False,0.0,0.0,unique to Germany,0.2
Japan,Germany,19,43260,False,0.0,0.0,unique to Germany,0.03333333333333338
Japan,Germany,19,63012,False,0.0,0.0,unique to Germany,0.2666666666666667
Japan,Germany,19,132843,False,0.0,0.0,unique to Germany,0.13333333333333336
Japan,Germany,19,148887,False,0.0,0.0,unique to Germany,0.2
Japan,Germany,20,1548,False,0.0,0.0,unique to Germany,0.03333333333333338
Japan,Germany,20,12419,False,0.0,0.0,unique to Germany,0.2333333333333335
Japan,Germany,20,83986,False,0.0,0.0,unique to Germany,0.10000000000000003
Japan,Germany,20,100658,False,0.0,0.0,unique to Germany,0.3000000000000001
Japan,Germany,20,118132,False,0.0,0.0,unique to Germany,0.2
Japan,Germany,20,120321,False,0.0,0.0,unique to Germany,0.2
Japan,Germany,20,150811,False,0.0,0.0,unique to Germany,0.03333333333333338
Japan,Germany,20,155146,False,0.0,0.0,shared with Berlin,0.2
Japan,Germany,21,22443,False,0.0,0.0,shared with Berlin,0.2
Japan,Germany,21,30268,False,0.0,0.0,unique to Germany,0.2
Japan,Germany,21,44657,False,0.0,0.0,unique to Germany,0.03333333333333338
Japan,Germany,21,74492,False,0.0,0.0,unique to Germany,0.2
Japan,Germany,21,109878,False,0.0,0.0,unique to Germany,0.13333333333333336
Japan,Germany,21,136668,False,0.0,0.0,unique to Germany,0.2666666666666667
Japan,Germany,21,140748,False,0.0,0.0,unique to Germany,0.43333333333333335
Japan,Germany,22,13033,False,0.0,0.0,unique to Germany,0.2
Japan,Germany,22,21382,False,0.0,0.0,unique to Germany,0.2
Japan,Germany,22,24182,False,0.0,0.0,unique to Germany,0.03333333333333338
Japan,Germany,22,38365,False,0.0,0.0,shared with Berlin,0.4000000000000001
Japan,Germany,22,47602,False,0.0,0.0,unique to Germany,0.8
Japan,Germany,22,74666,False,0.0,0.0,shared with Berlin,0.8333333333333334
Japan,Germany,22,106347,False,0.0,0.0,shared with Berlin,0.2
Japan,Germany,22,134213,False,0.0,0.0,unique to Germany,0.2
Japan,Germany,22,158576,False,0.0,0.0,unique to Germany,0.06666666666666676
Japan,Germany,23,6452,False,0.0,0.0,unique to Germany,0.13333333333333336
Japan,Germany,23,42951,False,0.0,0.0,unique to Germany,0.16666666666666674
Japan,Germany,23,105218,False,0.0,0.0,unique to Germany,0.16666666666666674
Japan,Germany,23,106820,False,0.0,0.0,shared with Berlin,0.6666666666666667
Japan,Germany,23,133099,False,0.0,0.0,unique to Germany,0.2
Japan,Germany,23,144162,False,0.0,0.0,shared with Berlin,0.9
Japan,Germany,23,146233,False,0.0,0.0,unique to Germany,0.16666666666666674
Japan,Germany,24,9840,False,0.0,0.0,unique to Germany,0.2
Japan,Germany,24,10383,False,0.0,0.0,unique to Germany,0.3
Japan,Germany,24,39495,False,0.0,0.0,shared with Berlin,0.8333333333333334
Japan,Germany,24,64220,False,0.0,0.0,unique to Germany,0.2
Japan,Germany,24,73908,False,0.0,0.0,shared with Berlin,0.4
Japan,Germany,24,124388,False,0.0,0.0,unique to Germany,0.4000000000000001
Japan,Germany,24,141184,False,0.0,0.0,unique to Germany,0.03333333333333344
Japan,Germany,24,143239,False,0.0,0.0,unique to Germany,0.2
Japan,Germany,25,10288,False,0.0,0.0,unique to Germany,0.3
Japan,Germany,25,29740,False,0.0,0.0,unique to Germany,0.3333333333333335
Japan,Germany,25,40466,False,0.0,0.0,shared with Berlin,0.7
Japan,Germany,25,43416,False,0.0,0.0,unique to Germany,0.03333333333333338
Japan,Germany,25,46793,False,0.0,0.0,unique to Germany,0.6333333333333334
Japan,Germany,26,3994,False,0.0,0.0,unique to Germany,0.5
Japan,Germany,26,26970,False,0.0,0.0,unique to Germany,0.03333333333333338
Japan,Germany,26,49427,False,0.0,0.0,unique to Germany,0.2
Japan,Germany,26,57289,False,0.0,0.0,unique to Germany,0.3
Japan,Germany,26,75059,False,0.0,0.0,shared with Berlin,0.3
Japan,Germany,26,78201,False,0.0,0.0,shared with Berlin,0.6666666666666667
Japan,Germany,26,81034,False,0.0,0.0,unique to Germany,0.13333333333333336
Japan,Germany,26,129482,False,0.0,0.0,unique to Germany,0.5333333333333333
Japan,Germany,27,4655,False,0.0,0.0,unique to Germany,0.16666666666666674
Japan,Germany,27,86525,False,0.0,0.0,shared with Berlin,0.8
Germany,Tokyo,1,66729,False,0.0,0.0,unique to Tokyo,0.055555555555555566
Germany,Tokyo,1,71951,False,0.0,0.0,unique to Tokyo,0.2698412698412699
Germany,Tokyo,1,125932,False,0.0,0.0,unique to Tokyo,0.47222222222222215
Germany,Tokyo,2,39720,False,0.0,0.0,unique to Tokyo,0.1435185185185186
Germany,Tokyo,2,65894,False,0.0,0.0,unique to Tokyo,0.09722222222222221
Germany,Tokyo,2,81480,False,0.0,0.0,unique to Tokyo,0.15277777777777776
Germany,Tokyo,2,96109,False,0.0,0.0,unique to Tokyo,0.06944444444444448
Germany,Tokyo,2,104408,False,0.0,0.0,unique to Tokyo,0.12500000000000003
Germany,Tokyo,2,122612,False,0.0,0.0,shared with Japan,0.1111111111111111
Germany,Tokyo,2,146023,False,0.0,0.0,unique to Tokyo,0.18981481481481483
Germany,Tokyo,2,150479,False,0.0,0.0,unique to Tokyo,0.08333333333333336
Germany,Tokyo,2,158641,False,0.0,0.0,unique to Tokyo,0.17592592592592593
Germany,Tokyo,3,1960,False,0.0,0.0,shared with Japan,0.2314814814814814
Germany,Tokyo,3,11081,False,0.0,0.0,unique to Tokyo,0.2506613756613757
Germany,Tokyo,3,63954,False,0.0,0.0,unique to Tokyo,0.09722222222222221
Germany,Tokyo,3,122002,False,0.0,0.0,unique to Tokyo,0.2777777777777778
Germany,Tokyo,4,6032,False,0.0,0.0,unique to Tokyo,0.16666666666666669
Germany,Tokyo,4,15369,False,0.0,0.0,shared with Japan,0.18981481481481477
Germany,Tokyo,4,32282,False,0.0,0.0,unique to Tokyo,0.21759259259259262
Germany,Tokyo,4,32774,False,0.0,0.0,unique to Tokyo,0.12962962962962962
Germany,Tokyo,4,76115,False,0.0,0.0,unique to Tokyo,0.03703703703703709
Germany,Tokyo,4,106600,False,0.0,0.0,shared with Japan,0.17592592592592593
Germany,Tokyo,4,109369,False,0.0,0.0,unique to Tokyo,0.027116402116402122
Germany,Tokyo,4,112666,False,0.0,0.0,unique to Tokyo,0.1111111111111111
Germany,Tokyo,5,17163,False,0.0,0.0,unique to Tokyo,0.19444444444444448
Germany,Tokyo,5,19817,False,0.0,0.0,unique to Tokyo,0.23677248677248675
Germany,Tokyo,5,29932,False,0.0,0.0,unique to Tokyo,0.27314814814814814
Germany,Tokyo,5,30719,False,0.0,0.0,shared with Japan,0.12500000000000006
Germany,Tokyo,5,40534,False,0.0,0.0,unique to Tokyo,0.09722222222222221
Germany,Tokyo,5,50493,False,0.0,0.0,unique to Tokyo,0.2777777777777778
Germany,Tokyo,5,59874,False,0.0,0.0,unique to Tokyo,0.09722222222222221
Germany,Tokyo,5,91090,False,0.0,0.0,unique to Tokyo,0.03240740740740744
Germany,Tokyo,5,94504,False,0.0,0.0,unique to Tokyo,0.03703703703703706
Germany,Tokyo,5,96571,False,0.0,0.0,unique to Tokyo,0.12500000000000003
Germany,Tokyo,5,106011,False,0.0,0.0,unique to Tokyo,0.06481481481481481
Germany,Tokyo,5,108375,False,0.0,0.0,unique to Tokyo,0.16666666666666669
Germany,Tokyo,5,112090,False,0.0,0.0,unique to Tokyo,0.06481481481481481
Germany,Tokyo,5,113383,False,0.0,0.0,unique to Tokyo,0.2962962962962963
Germany,Tokyo,5,149112,False,0.0,0.0,unique to Tokyo,0.12962962962962965
Germany,Tokyo,5,151106,False,0.0,0.0,unique to Tokyo,0.1693121693121693
Germany,Tokyo,5,155885,False,0.0,0.0,unique to Tokyo,0.3472222222222222
Germany,Tokyo,5,158962,False,0.0,0.0,unique to Tokyo,0.27314814814814814
Germany,Tokyo,5,160638,False,0.0,0.0,unique to Tokyo,0.32870370370370366
Germany,Tokyo,6,10937,False,0.0,0.0,unique to Tokyo,0.17592592592592593
Germany,Tokyo,6,12218,False,0.0,0.0,unique to Tokyo,0.17592592592592593
Germany,Tokyo,6,50621,False,0.0,0.0,unique to Tokyo,0.20833333333333337
Germany,Tokyo,6,63485,False,0.0,0.0,shared with Japan,0.12962962962962962
Germany,Tokyo,6,73928,False,0.0,0.0,unique to Tokyo,0.3194444444444444
Germany,Tokyo,6,80954,False,0.0,0.0,unique to Tokyo,0.13425925925925924
Germany,Tokyo,6,85810,False,0.0,0.0,unique to Tokyo,0.08796296296296297
Germany,Tokyo,6,86527,False,0.0,0.0,unique to Tokyo,0.0787037037037037
Germany,Tokyo,6,111553,False,0.0,0.0,unique to Tokyo,0.20833333333333331
Germany,Tokyo,6,131579,False,0.0,0.0,unique to Tokyo,0.16203703703703703
Germany,Tokyo,6,152655,False,0.0,0.0,shared with Japan,0.2222222222222222
Germany,Tokyo,6,163372,False,0.0,0.0,unique to Tokyo,0.19444444444444448
Germany,Tokyo,7,24701,False,0.0,0.0,unique to Tokyo,0.19444444444444442
Germany,Tokyo,7,38043,False,0.0,0.0,unique to Tokyo,0.27777777777777773
Germany,Tokyo,7,71339,False,0.0,0.0,unique to Tokyo,0.16666666666666669
Germany,Tokyo,7,79317,False,0.0,0.0,unique to Tokyo,0.013888888888888895
Germany,Tokyo,7,88743,False,0.0,0.0,unique to Tokyo,0.14748677248677244
Germany,Tokyo,7,89770,False,0.0,0.0,unique to Tokyo,0.2222222222222222
Germany,Tokyo,7,90303,False,0.0,0.0,unique to Tokyo,0.07870370370370378
Germany,Tokyo,7,93975,False,0.0,0.0,unique to Tokyo,0.15277777777777776
Germany,Tokyo,7,100860,False,0.0,0.0,unique to Tokyo,0.09722222222222221
Germany,Tokyo,7,108103,False,0.0,0.0,shared with Japan,0.08851333851333854
Germany,Tokyo,7,112980,False,0.0,0.0,unique to Tokyo,0.09722222222222227
Germany,Tokyo,7,117978,False,0.0,0.0,shared with Japan,0.18055555555555558
Germany,Tokyo,7,118702,False,0.0,0.0,unique to Tokyo,0.009259259259259245
Germany,Tokyo,7,122110,False,0.0,0.0,unique to Tokyo,0.15277777777777776
Germany,Tokyo,7,141747,False,0.0,0.0,unique to Tokyo,0.06481481481481481
Germany,Tokyo,7,142347,False,0.0,0.0,unique to Tokyo,0.023148148148148168
Germany,Tokyo,8,21811,False,0.0,0.0,unique to Tokyo,0.12962962962962962
Germany,Tokyo,8,21940,False,0.0,0.0,unique to Tokyo,0.37499999999999994
Germany,Tokyo,8,22115,False,0.0,0.0,unique to Tokyo,0.4259259259259259
Germany,Tokyo,8,22680,False,0.0,0.0,shared with Japan,0.18518518518518523
Germany,Tokyo,8,33412,False,0.0,0.0,shared with Japan,0.14814814814814814
Germany,Tokyo,8,33475,False,0.0,0.0,unique to Tokyo,0.2129629629629629
Germany,Tokyo,8,34025,False,0.0,0.0,unique to Tokyo,0.13756613756613756
Germany,Tokyo,8,36564,False,0.0,0.0,unique to Tokyo,0.13888888888888887
Germany,Tokyo,8,36718,False,0.0,0.0,unique to Tokyo,0.19444444444444442
Germany,Tokyo,8,68551,False,0.0,0.0,unique to Tokyo,0.15277777777777776
Germany,Tokyo,8,93245,False,0.0,0.0,unique to Tokyo,0.12962962962962962
Germany,Tokyo,8,100092,False,0.0,0.0,unique to Tokyo,0.13888888888888887
Germany,Tokyo,8,100289,False,0.0,0.0,shared with Japan,0.12433862433862436
Germany,Tokyo,8,113581,False,0.0,0.0,unique to Tokyo,0.18518518518518517
Germany,Tokyo,8,120378,False,0.0,0.0,unique to Tokyo,0.14351851851851855
Germany,Tokyo,8,123843,False,0.0,0.0,shared with Japan,0.27777777777777773
Germany,Tokyo,8,127082,False,0.0,0.0,unique to Tokyo,0.3333333333333333
Germany,Tokyo,8,140177,False,0.0,0.0,unique to Tokyo,0.20833333333333334
Germany,Tokyo,8,149762,False,0.0,0.0,unique to Tokyo,0.21759259259259262
Germany,Tokyo,8,161515,False,0.0,0.0,shared with Japan,0.2222222222222222
Germany,Tokyo,9,4582,False,0.0,0.0,unique to Tokyo,0.18055555555555552
Germany,Tokyo,9,8286,False,0.0,0.0,unique to Tokyo,0.15277777777777776
Germany,Tokyo,9,12625,False,0.0,0.0,unique to Tokyo,0.16666666666666666
Germany,Tokyo,9,17191,False,0.0,0.0,unique to Tokyo,0.09722222222222221
Germany,Tokyo,9,18950,False,0.0,0.0,unique to Tokyo,0.10185185185185186
Germany,Tokyo,9,27109,False,0.0,0.0,unique to Tokyo,0.2222222222222222
Germany,Tokyo,9,30820,False,0.0,0.0,unique to Tokyo,0.18055555555555558
Germany,Tokyo,9,72947,False,0.0,0.0,unique to Tokyo,0.09722222222222221
Germany,Tokyo,9,87218,False,0.0,0.0,unique to Tokyo,0.337962962962963
Germany,Tokyo,9,91365,False,0.0,0.0,unique to Tokyo,0.13425925925925924
Germany,Tokyo,9,103390,False,0.0,0.0,unique to Tokyo,0.2976190476190476
Germany,Tokyo,9,109434,False,0.0,0.0,unique to Tokyo,0.31481481481481477
Germany,Tokyo,9,120054,False,0.0,0.0,unique to Tokyo,0.3075396825396826
Germany,Tokyo,9,126947,False,0.0,0.0,unique to Tokyo,0.20833333333333334
Germany,Tokyo,9,128609,False,0.0,0.0,unique to Tokyo,0.0185185185185186
Germany,Tokyo,9,146338,False,0.0,0.0,unique to Tokyo,0.1111111111111111
Germany,Tokyo,9,146855,False,0.0,0.0,unique to Tokyo,0.06481481481481483
Germany,Tokyo,9,155511,False,0.0,0.0,unique to Tokyo,0.14351851851851852
Germany,Tokyo,9,161940,False,0.0,0.0,shared with Japan,0.1157407407407407
Germany,Tokyo,10,11817,False,0.0,0.0,unique to Tokyo,0.12037037037037036
Germany,Tokyo,10,11956,False,0.0,0.0,unique to Tokyo,0.19444444444444442
Germany,Tokyo,10,18035,False,0.0,0.0,unique to Tokyo,0.125
Germany,Tokyo,10,19838,False,0.0,0.0,unique to Tokyo,0.10648148148148147
Germany,Tokyo,10,21495,False,0.0,0.0,unique to Tokyo,0.1111111111111111
Germany,Tokyo,10,62097,False,0.0,0.0,unique to Tokyo,0.05099067599067608
Germany,Tokyo,10,73005,False,0.0,0.0,unique to Tokyo,0.09722222222222221
Germany,Tokyo,10,77034,False,0.0,0.0,unique to Tokyo,0.125
Germany,Tokyo,10,91844,False,0.0,0.0,unique to Tokyo,0.1111111111111111
Germany,Tokyo,10,111103,False,0.0,0.0,unique to Tokyo,0.1851851851851852
Germany,Tokyo,10,114174,False,0.0,0.0,unique to Tokyo,0.3425925925925926
Germany,Tokyo,10,120845,False,0.0,0.0,unique to Tokyo,0.04166666666666671
Germany,Tokyo,10,132591,False,0.0,0.0,unique to Tokyo,0.19444444444444442
Germany,Tokyo,10,139483,False,0.0,0.0,unique to Tokyo,0.1111111111111111
Germany,Tokyo,11,2937,False,0.0,0.0,unique to Tokyo,0.08796296296296297
Germany,Tokyo,11,9997,False,0.0,0.0,unique to Tokyo,0.17129629629629628
Germany,Tokyo,11,21296,False,0.0,0.0,unique to Tokyo,0.22685185185185183
Germany,Tokyo,11,28169,True,5.548717021942139,5.548718452453613,unique to Tokyo,0.16417378917378922
Germany,Tokyo,11,37561,False,0.0,0.0,unique to Tokyo,0.18518518518518523
Germany,Tokyo,11,39764,False,0.0,0.0,unique to Tokyo,0.04629629629629628
Germany,Tokyo,11,49219,False,0.0,0.0,shared with Japan,0.29766992266992265
Germany,Tokyo,11,84119,False,0.0,0.0,unique to Tokyo,0.3194444444444444
Germany,Tokyo,11,93482,False,0.0,0.0,unique to Tokyo,0.023148148148148168
Germany,Tokyo,11,109934,False,0.0,0.0,unique to Tokyo,0.44907407407407407
Germany,Tokyo,11,132163,False,0.0,0.0,unique to Tokyo,0.21296296296296294
Germany,Tokyo,11,161940,False,0.0,0.0,unique to Tokyo,0.18055555555555555
Germany,Tokyo,12,25183,False,0.0,0.0,unique to Tokyo,0.04166666666666663
Germany,Tokyo,12,39067,False,0.0,0.0,unique to Tokyo,0.27777777777777773
Germany,Tokyo,12,71541,False,0.0,0.0,unique to Tokyo,0.22685185185185186
Germany,Tokyo,12,77827,False,0.0,0.0,unique to Tokyo,0.03240740740740741
Germany,Tokyo,12,99286,True,6.9825119972229,6.982514381408691,unique to Tokyo,0.1957671957671957
Germany,Tokyo,12,111243,False,0.0,0.0,unique to Tokyo,0.08333333333333333
Germany,Tokyo,12,148536,False,0.0,0.0,unique to Tokyo,0.28240740740740744
Germany,Tokyo,13,29363,False,0.0,0.0,unique to Tokyo,0.30092592592592593
Germany,Tokyo,13,40740,False,0.0,0.0,unique to Tokyo,0.24074074074074073
Germany,Tokyo,13,46039,False,0.0,0.0,shared with Japan,0.08796296296296313
Germany,Tokyo,13,68967,False,0.0,0.0,unique to Tokyo,0.29166666666666663
Germany,Tokyo,13,72286,False,0.0,0.0,unique to Tokyo,0.21296296296296294
Germany,Tokyo,13,106084,False,0.0,0.0,unique to Tokyo,0.1111111111111111
Germany,Tokyo,13,127036,False,0.0,0.0,unique to Tokyo,0.16666666666666666
Germany,Tokyo,14,12382,False,0.0,0.0,unique to Tokyo,0.01124338624338625
Germany,Tokyo,14,33839,False,0.0,0.0,unique to Tokyo,0.06481481481481481
Germany,Tokyo,14,37876,False,0.0,0.0,unique to Tokyo,0.20833333333333331
Germany,Tokyo,14,97966,False,0.0,0.0,unique to Tokyo,0.09722222222222221
Germany,Tokyo,14,103153,False,0.0,0.0,shared with Japan,0.11838624338624343
Germany,Tokyo,15,21247,False,0.0,0.0,unique to Tokyo,0.0667989417989418
Germany,Tokyo,15,43182,False,0.0,0.0,unique to Tokyo,0.16666666666666666
Germany,Tokyo,15,43898,False,0.0,0.0,unique to Tokyo,0.12962962962962965
Germany,Tokyo,15,59831,False,0.0,0.0,unique to Tokyo,0.15277777777777776
Germany,Tokyo,15,67569,False,0.0,0.0,unique to Tokyo,0.02513227513227513
Germany,Tokyo,15,79659,False,0.0,0.0,shared with Japan,0.09589947089947098
Germany,Tokyo,15,81621,False,0.0,0.0,unique to Tokyo,0.24074074074074073
Germany,Tokyo,15,89333,True,14.873611450195312,14.873610496520996,unique to Tokyo,0.10119047619047628
Germany,Tokyo,15,89462,False,0.0,0.0,unique to Tokyo,0.13425925925925924
Germany,Tokyo,15,96919,False,0.0,0.0,unique to Tokyo,0.24537037037037035
Germany,Tokyo,15,103296,False,0.0,0.0,unique to Tokyo,0.07010582010582009
Germany,Tokyo,15,104468,False,0.0,0.0,unique to Tokyo,0.31018518518518534
Germany,Tokyo,15,106203,False,0.0,0.0,unique to Tokyo,0.0740740740740741
Germany,Tokyo,15,114421,False,0.0,0.0,unique to Tokyo,0.16666666666666666
Germany,Tokyo,15,118183,False,0.0,0.0,unique to Tokyo,0.023148148148148154
Germany,Tokyo,15,121025,False,0.0,0.0,unique to Tokyo,0.06018518518518523
Germany,Tokyo,15,121137,False,0.0,0.0,unique to Tokyo,0.0787037037037037
Germany,Tokyo,15,126841,False,0.0,0.0,shared with Japan,0.39814814814814814
Germany,Tokyo,15,150074,False,0.0,0.0,shared with Japan,0.009920634920634941
Germany,Tokyo,16,6676,False,0.0,0.0,unique to Tokyo,0.1851851851851852
Germany,Tokyo,16,91781,False,0.0,0.0,unique to Tokyo,0.06481481481481481
Germany,Tokyo,16,95290,False,0.0,0.0,unique to Tokyo,0.05092592592592593
Germany,Tokyo,16,115915,False,0.0,0.0,unique to Tokyo,0.10515873015873023
Germany,Tokyo,16,145588,False,0.0,0.0,unique to Tokyo,0.2222222222222222
Germany,Tokyo,17,13891,False,0.0,0.0,shared with Japan,0.04034391534391529
Germany,Tokyo,17,44880,False,0.0,0.0,unique to Tokyo,0.20833333333333334
Germany,Tokyo,17,49539,False,0.0,0.0,unique to Tokyo,0.05555555555555558
Germany,Tokyo,17,60424,False,0.0,0.0,unique to Tokyo,0.3829365079365079
Germany,Tokyo,17,87385,False,0.0,0.0,unique to Tokyo,0.10648148148148151
Germany,Tokyo,17,112974,False,0.0,0.0,shared with Japan,0.2222222222222222
Germany,Tokyo,18,21757,False,0.0,0.0,unique to Tokyo,0.003968253968253954
Germany,Tokyo,18,53348,False,0.0,0.0,unique to Tokyo,0.10185185185185186
Germany,Tokyo,18,79350,False,0.0,0.0,unique to Tokyo,0.29166666666666663
Germany,Tokyo,18,94462,False,0.0,0.0,unique to Tokyo,0.10383597883597889
Germany,Tokyo,18,156633,False,0.0,0.0,shared with Japan,0.01719576719576721
Germany,Tokyo,19,30735,False,0.0,0.0,unique to Tokyo,0.25
Germany,Tokyo,19,43260,False,0.0,0.0,shared with Japan,0.2222222222222222
Germany,Tokyo,19,58500,False,0.0,0.0,unique to Tokyo,0.125
Germany,Tokyo,19,93784,False,0.0,0.0,unique to Tokyo,0.09722222222222221
Germany,Tokyo,19,105571,False,0.0,0.0,unique to Tokyo,0.02777777777777779
Germany,Tokyo,19,143083,False,0.0,0.0,unique to Tokyo,0.06481481481481483
Germany,Tokyo,20,12419,False,0.0,0.0,shared with Japan,0.38888888888888884
Germany,Tokyo,20,18824,False,0.0,0.0,shared with Japan,0.8333333333333334
Germany,Tokyo,20,62864,False,0.0,0.0,shared with Japan,0.07407407407407407
Germany,Tokyo,20,128479,False,0.0,0.0,unique to Tokyo,0.2638888888888889
Germany,Tokyo,20,154744,False,0.0,0.0,shared with Japan,0.38888888888888884
Germany,Tokyo,20,163792,False,0.0,0.0,unique to Tokyo,0.023698523698523766
Germany,Tokyo,21,21850,False,0.0,0.0,unique to Tokyo,0.29166666666666663
Germany,Tokyo,21,28638,False,0.0,0.0,shared with Japan,0.27777777777777773
Germany,Tokyo,21,32044,False,0.0,0.0,shared with Japan,0.0005966255966256134
Germany,Tokyo,21,75179,False,0.0,0.0,unique to Tokyo,0.016534391534391513
Germany,Tokyo,21,81925,False,0.0,0.0,unique to Tokyo,0.27777777777777773
Germany,Tokyo,21,82598,False,0.0,0.0,unique to Tokyo,0.11081973581973581
Germany,Tokyo,21,123565,False,0.0,0.0,unique to Tokyo,0.12037037037037038
Germany,Tokyo,21,136683,False,0.0,0.0,shared with Japan,1.0
Germany,Tokyo,22,3362,False,0.0,0.0,unique to Tokyo,0.23611111111111108
Germany,Tokyo,22,12946,False,0.0,0.0,unique to Tokyo,0.27777777777777773
Germany,Tokyo,22,18603,False,0.0,0.0,unique to Tokyo,0.27777777777777773
Germany,Tokyo,22,44003,False,0.0,0.0,unique to Tokyo,0.13425925925925924
Germany,Tokyo,22,62260,False,0.0,0.0,unique to Tokyo,0.06481481481481481
Germany,Tokyo,22,74086,False,0.0,0.0,shared with Japan,0.6805555555555555
Germany,Tokyo,22,151732,False,0.0,0.0,shared with Japan,0.5555555555555556
Germany,Tokyo,23,39939,False,0.0,0.0,shared with Japan,0.7268518518518519
Germany,Tokyo,23,63756,False,0.0,0.0,unique to Tokyo,0.2222222222222222
Germany,Tokyo,23,71037,False,0.0,0.0,unique to Tokyo,0.2222222222222222
Germany,Tokyo,23,73197,False,0.0,0.0,shared with Japan,0.7453703703703702
Germany,Tokyo,23,129862,False,0.0,0.0,unique to Tokyo,0.6145197395197397
Germany,Tokyo,23,130995,False,0.0,0.0,shared with Japan,0.40277777777777773
Germany,Tokyo,23,133006,False,0.0,0.0,unique to Tokyo,0.09722222222222221
Germany,Tokyo,23,141950,False,0.0,0.0,unique to Tokyo,0.125
Germany,Tokyo,23,142507,False,0.0,0.0,unique to Tokyo,0.18187830687830686
Germany,Tokyo,23,147945,False,0.0,0.0,shared with Japan,0.9543003293003293
Germany,Tokyo,24,23611,False,0.0,0.0,unique to Tokyo,0.27777777777777773
Germany,Tokyo,24,38736,False,0.0,0.0,unique to Tokyo,0.42863617863617876
Germany,Tokyo,24,64220,False,0.0,0.0,unique to Tokyo,0.27777777777777773
Germany,Tokyo,24,64670,False,0.0,0.0,unique to Tokyo,0.345904095904096
Germany,Tokyo,24,73908,False,0.0,0.0,unique to Tokyo,0.14403651903651904
Germany,Tokyo,24,80507,False,0.0,0.0,shared with Japan,0.8888888888888888
Germany,Tokyo,24,95076,False,0.0,0.0,unique to Tokyo,0.5376336626336629
Germany,Tokyo,24,95885,False,0.0,0.0,unique to Tokyo,0.018518518518518573
Germany,Tokyo,24,96405,False,0.0,0.0,shared with Japan,0.7783744033744033
Germany,Tokyo,24,99127,False,0.0,0.0,unique to Tokyo,0.3154761904761905
Germany,Tokyo,24,100878,False,0.0,0.0,shared with Japan,0.27777777777777773
Germany,Tokyo,24,125318,False,0.0,0.0,shared with Japan,0.007936507936507908
Germany,Tokyo,24,134564,False,0.0,0.0,unique to Tokyo,0.2433862433862434
Germany,Tokyo,24,141184,False,0.0,0.0,unique to Tokyo,0.45105820105820105
Germany,Tokyo,24,147659,False,0.0,0.0,unique to Tokyo,0.2278693528693529
Germany,Tokyo,25,14008,False,0.0,0.0,shared with Japan,0.57004107004107
Germany,Tokyo,25,26186,False,0.0,0.0,unique to Tokyo,0.20851370851370854
Germany,Tokyo,25,28687,False,0.0,0.0,shared with Japan,0.8795648795648795
Germany,Tokyo,25,38009,False,0.0,0.0,unique to Tokyo,0.2222222222222222
Germany,Tokyo,25,38391,False,0.0,0.0,unique to Tokyo,0.21398046398046397
Germany,Tokyo,25,46793,False,0.0,0.0,shared with Japan,0.17592592592592593
Germany,Tokyo,25,51417,False,0.0,0.0,unique to Tokyo,0.3333333333333333
Germany,Tokyo,25,58615,False,0.0,0.0,unique to Tokyo,0.03342490842490843
Germany,Tokyo,25,74405,False,0.0,0.0,shared with Japan,0.2638888888888889
Germany,Tokyo,25,114963,False,0.0,0.0,shared with Japan,0.7777777777777777
Germany,Tokyo,25,116436,False,0.0,0.0,unique to Tokyo,0.2183372183372183
Germany,Tokyo,25,148402,False,0.0,0.0,unique to Tokyo,0.10119047619047639
Germany,Tokyo,25,152765,False,0.0,0.0,shared with Japan,0.7649063899063899
Germany,Tokyo,25,157337,False,0.0,0.0,unique to Tokyo,0.2222222222222222
Germany,Tokyo,26,12101,False,0.0,0.0,unique to Tokyo,0.24140211640211637
Germany,Tokyo,26,19883,False,0.0,0.0,unique to Tokyo,0.1428571428571428
Germany,Tokyo,26,26970,False,0.0,0.0,shared with Japan,0.4583333333333333
Germany,Tokyo,26,41624,False,0.0,0.0,shared with Japan,0.40277777777777773
Germany,Tokyo,26,41862,False,0.0,0.0,unique to Tokyo,0.5828060828060828
Germany,Tokyo,26,44472,False,0.0,0.0,unique to Tokyo,0.35648148148148145
Germany,Tokyo,26,66734,False,0.0,0.0,shared with Japan,0.38888888888888884
Germany,Tokyo,26,79683,False,0.0,0.0,shared with Japan,0.27777777777777773
Germany,Tokyo,26,81034,False,0.0,0.0,shared with Japan,0.4444444444444444
Germany,Tokyo,26,104415,False,0.0,0.0,shared with Japan,0.7505966255966257
Germany,Tokyo,26,114593,False,0.0,0.0,shared with Japan,0.611111111111111
Germany,Tokyo,26,117516,False,0.0,0.0,unique to Tokyo,0.009166759166759186
Germany,Tokyo,26,128045,False,0.0,0.0,unique to Tokyo,0.043942168942168985
Germany,Tokyo,26,130687,False,0.0,0.0,unique to Tokyo,0.5931892181892182
Germany,Tokyo,26,152195,False,0.0,0.0,shared with Japan,0.15902153402153402
Germany,Tokyo,27,4655,False,0.0,0.0,shared with Japan,0.022616272616272637
Germany,Tokyo,27,70045,False,0.0,0.0,shared with Japan,0.8888888888888888
Germany,Tokyo,27,106589,False,0.0,0.0,unique to Tokyo,0.35185185185185186
Germany,Tokyo,27,108741,False,0.0,0.0,unique to Tokyo,0.3445767195767196
Germany,Tokyo,27,112881,False,0.0,0.0,unique to Tokyo,0.37037037037037046
Germany,Japan,1,58135,False,0.0,0.0,unique to Japan,0.017361111111111112
Germany,Japan,1,65935,False,0.0,0.0,unique to Japan,0.01215277777777779
Germany,Japan,1,69173,False,0.0,0.0,unique to Japan,0.25
Germany,Japan,1,76663,False,0.0,0.0,unique to Japan,0.01215277777777779
Germany,Japan,1,83748,False,0.0,0.0,unique to Japan,0.3350694444444444
Germany,Japan,1,122637,False,0.0,0.0,unique to Japan,0.125
Germany,Japan,1,137166,False,0.0,0.0,unique to Japan,0.03125
Germany,Japan,1,139412,False,0.0,0.0,unique to Japan,0.078125
Germany,Japan,1,143999,False,0.0,0.0,unique to Japan,0.034722222222222224
Germany,Japan,1,161467,False,0.0,0.0,unique to Japan,0.026041666666666664
Germany,Japan,2,1665,False,0.0,0.0,unique to Japan,0.15625
Germany,Japan,2,5834,False,0.0,0.0,unique to Japan,0.14756944444444445
Germany,Japan,2,9991,False,0.0,0.0,unique to Japan,0.25
Germany,Japan,2,25919,False,0.0,0.0,unique to Japan,0.3142361111111111
Germany,Japan,2,32804,False,0.0,0.0,unique to Japan,0.15625
Germany,Japan,2,36597,False,0.0,0.0,unique to Japan,0.296875
Germany,Japan,2,43019,False,0.0,0.0,unique to Japan,0.33333333333333337
Germany,Japan,2,45978,False,0.0,0.0,unique to Japan,0.140625
Germany,Japan,2,47580,False,0.0,0.0,unique to Japan,0.3125
Germany,Japan,2,54888,False,0.0,0.0,unique to Japan,0.515625
Germany,Japan,2,67115,False,0.0,0.0,unique to Japan,0.15625
Germany,Japan,2,91615,False,0.0,0.0,unique to Japan,0.203125
Germany,Japan,2,93713,False,0.0,0.0,unique to Japan,0.296875
Germany,Japan,2,102472,False,0.0,0.0,unique to Japan,0.21006944444444445
Germany,Japan,2,116318,False,0.0,0.0,unique to Japan,0.15625
Germany,Japan,2,119256,False,0.0,0.0,unique to Japan,0.2638888888888889
Germany,Japan,2,122612,False,0.0,0.0,shared with Tokyo,0.1406249999999999
Germany,Japan,2,138065,False,0.0,0.0,unique to Japan,0.15625
Germany,Japan,2,149103,False,0.0,0.0,unique to Japan,0.28125
Germany,Japan,2,155687,False,0.0,0.0,unique to Japan,0.31076388888888884
Germany,Japan,3,1960,False,0.0,0.0,shared with Tokyo,0.029513888888888895
Germany,Japan,3,11820,False,0.0,0.0,unique to Japan,0.24131944444444445
Germany,Japan,3,19955,False,0.0,0.0,unique to Japan,0.12152777777777782
Germany,Japan,3,22667,False,0.0,0.0,unique to Japan,0.017361111111111112
Germany,Japan,3,36246,False,0.0,0.0,unique to Japan,0.0920138888888889
Germany,Japan,3,41567,False,0.0,0.0,unique to Japan,0.0034722222222222238
Germany,Japan,3,53359,False,0.0,0.0,unique to Japan,0.13368055555555552
Germany,Japan,3,70746,False,0.0,0.0,unique to Japan,0.125
Germany,Japan,3,91864,False,0.0,0.0,unique to Japan,0.2013888888888889
Germany,Japan,3,92147,False,0.0,0.0,unique to Japan,0.045138888888888895
Germany,Japan,3,119350,False,0.0,0.0,unique to Japan,0.234375
Germany,Japan,3,133616,False,0.0,0.0,unique to Japan,0.03125
Germany,Japan,3,139624,False,0.0,0.0,unique to Japan,0.050347222222222265
Germany,Japan,3,155659,False,0.0,0.0,unique to Japan,0.015625
Germany,Japan,4,4010,False,0.0,0.0,unique to Japan,0.125
Germany,Japan,4,12531,False,0.0,0.0,unique to Japan,0.359375
Germany,Japan,4,15369,False,0.0,0.0,shared with Tokyo,0.078125
Germany,Japan,4,19533,False,0.0,0.0,unique to Japan,0.140625
Germany,Japan,4,25591,False,0.0,0.0,unique to Japan,0.1076388888888889
Germany,Japan,4,27978,False,0.0,0.0,unique to Japan,0.09375
Germany,Japan,4,44726,False,0.0,0.0,unique to Japan,0.11284722222222221
Germany,Japan,4,95492,False,0.0,0.0,unique to Japan,0.25
Germany,Japan,4,105200,False,0.0,0.0,unique to Japan,0.043402777777777776
Germany,Japan,4,106600,False,0.0,0.0,shared with Tokyo,0.42534722222222227
Germany,Japan,4,109153,False,0.0,0.0,unique to Japan,0.14756944444444445
Germany,Japan,4,115486,False,0.0,0.0,unique to Japan,0.125
Germany,Japan,4,125529,False,0.0,0.0,unique to Japan,0.125
Germany,Japan,4,133501,False,0.0,0.0,unique to Japan,0.3333333333333333
Germany,Japan,4,138354,False,0.0,0.0,unique to Japan,0.53125
Germany,Japan,4,144311,False,0.0,0.0,unique to Japan,0.057291666666666664
Germany,Japan,5,1248,False,0.0,0.0,unique to Japan,0.046875
Germany,Japan,5,7094,False,0.0,0.0,unique to Japan,0.09722222222222222
Germany,Japan,5,10839,False,0.0,0.0,unique to Japan,0.00520833333333337
Germany,Japan,5,15392,False,0.0,0.0,unique to Japan,0.11631944444444445
Germany,Japan,5,25048,False,0.0,0.0,unique to Japan,0.05208333333333333
Germany,Japan,5,30719,False,0.0,0.0,shared with Tokyo,0.03819444444444445
Germany,Japan,5,43893,False,0.0,0.0,unique to Japan,0.06944444444444445
Germany,Japan,5,50237,False,0.0,0.0,unique to Japan,0.1875
Germany,Japan,5,50957,False,0.0,0.0,unique to Japan,0.1076388888888889
Germany,Japan,5,53569,False,0.0,0.0,unique to Japan,0.05208333333333333
Germany,Japan,5,70418,False,0.0,0.0,unique to Japan,0.0625
Germany,Japan,5,76858,False,0.0,0.0,unique to Japan,0.057291666666666664
Germany,Japan,5,76874,False,0.0,0.0,unique to Japan,0.265625
Germany,Japan,5,78479,False,0.0,0.0,unique to Japan,0.21006944444444445
Germany,Japan,5,79660,False,0.0,0.0,unique to Japan,0.060763888888888895
Germany,Japan,5,88723,False,0.0,0.0,unique to Japan,0.14756944444444442
Germany,Japan,5,138221,False,0.0,0.0,unique to Japan,0.0069444444444444475
Germany,Japan,5,159485,False,0.0,0.0,unique to Japan,0.1875
Germany,Japan,6,29258,False,0.0,0.0,unique to Japan,0.1875
Germany,Japan,6,45477,False,0.0,0.0,unique to Japan,0.125
Germany,Japan,6,47404,False,0.0,0.0,unique to Japan,0.020833333333333343
Germany,Japan,6,47569,False,0.0,0.0,unique to Japan,0.06944444444444442
Germany,Japan,6,62105,False,0.0,0.0,unique to Japan,0.19444444444444445
Germany,Japan,6,63485,False,0.0,0.0,shared with Tokyo,0.03993055555555558
Germany,Japan,6,79042,False,0.0,0.0,unique to Japan,0.1076388888888889
Germany,Japan,6,80803,False,0.0,0.0,unique to Japan,0.125
Germany,Japan,6,82733,False,0.0,0.0,unique to Japan,0.125
Germany,Japan,6,83120,False,0.0,0.0,unique to Japan,0.10069444444444442
Germany,Japan,6,85813,False,0.0,0.0,unique to Japan,0.07118055555555555
Germany,Japan,6,90842,False,0.0,0.0,unique to Japan,0.109375
Germany,Japan,6,94199,False,0.0,0.0,unique to Japan,0.125
Germany,Japan,6,113024,False,0.0,0.0,unique to Japan,0.09375
Germany,Japan,6,122623,False,0.0,0.0,unique to Japan,0.2725694444444444
Germany,Japan,6,134548,False,0.0,0.0,unique to Japan,0.3993055555555556
Germany,Japan,6,135643,False,0.0,0.0,unique to Japan,0.125
Germany,Japan,6,152655,False,0.0,0.0,shared with Tokyo,0.1875
Germany,Japan,7,32783,False,0.0,0.0,unique to Japan,0.21180555555555547
Germany,Japan,7,41040,False,0.0,0.0,unique to Japan,0.046875
Germany,Japan,7,53469,False,0.0,0.0,unique to Japan,0.05208333333333333
Germany,Japan,7,61443,False,0.0,0.0,unique to Japan,0.029513888888888895
Germany,Japan,7,89330,False,0.0,0.0,unique to Japan,0.25
Germany,Japan,7,108103,False,0.0,0.0,shared with Tokyo,0.3246527777777778
Germany,Japan,7,117978,False,0.0,0.0,shared with Tokyo,0.1874999999999999
Germany,Japan,7,118829,False,0.0,0.0,unique to Japan,0.15625
Germany,Japan,7,142671,False,0.0,0.0,unique to Japan,0.125
Germany,Japan,7,143843,False,0.0,0.0,unique to Japan,0.09375
Germany,Japan,7,157881,False,0.0,0.0,unique to Japan,0.00868055555555547
Germany,Japan,8,11099,False,0.0,0.0,unique to Japan,0.15625
Germany,Japan,8,22680,False,0.0,0.0,shared with Tokyo,0.43750000000000006
Germany,Japan,8,29114,False,0.0,0.0,unique to Japan,0.1284722222222222
Germany,Japan,8,33412,False,0.0,0.0,shared with Tokyo,0.1597222222222222
Germany,Japan,8,46694,False,0.0,0.0,unique to Japan,0.078125
Germany,Japan,8,49577,False,0.0,0.0,unique to Japan,0.46875
Germany,Japan,8,88193,False,0.0,0.0,unique to Japan,0.109375
Germany,Japan,8,100289,False,0.0,0.0,shared with Tokyo,0.109375
Germany,Japan,8,100688,False,0.0,0.0,unique to Japan,0.043402777777777776
Germany,Japan,8,110317,False,0.0,0.0,unique to Japan,0.02777777777777779
Germany,Japan,8,111124,False,0.0,0.0,unique to Japan,0.05034722222222221
Germany,Japan,8,123749,False,0.0,0.0,unique to Japan,0.17881944444444445
Germany,Japan,8,123843,False,0.0,0.0,shared with Tokyo,0.1267361111111111
Germany,Japan,8,161515,False,0.0,0.0,shared with Tokyo,0.125
Germany,Japan,8,162409,False,0.0,0.0,unique to Japan,0.15625
Germany,Japan,9,8406,False,0.0,0.0,unique to Japan,0.125
Germany,Japan,9,10024,False,0.0,0.0,unique to Japan,0.125
Germany,Japan,9,10981,False,0.0,0.0,unique to Japan,0.375
Germany,Japan,9,20037,False,0.0,0.0,unique to Japan,0.13368055555555558
Germany,Japan,9,26098,False,0.0,0.0,unique to Japan,0.10069444444444445
Germany,Japan,9,30958,False,0.0,0.0,unique to Japan,0.125
Germany,Japan,9,50628,False,0.0,0.0,unique to Japan,0.1875
Germany,Japan,9,50852,False,0.0,0.0,unique to Japan,0.125
Germany,Japan,9,51693,False,0.0,0.0,unique to Japan,0.2951388888888889
Germany,Japan,9,52253,False,0.0,0.0,unique to Japan,0.125
Germany,Japan,9,52767,False,0.0,0.0,unique to Japan,0.07812499999999989
Germany,Japan,9,60029,False,0.0,0.0,unique to Japan,0.09375
Germany,Japan,9,60912,False,0.0,0.0,unique to Japan,0.25
Germany,Japan,9,67318,False,0.0,0.0,unique to Japan,0.1875
Germany,Japan,9,108364,False,0.0,0.0,unique to Japan,0.046875
Germany,Japan,9,127173,False,0.0,0.0,unique to Japan,0.1111111111111111
Germany,Japan,9,134991,False,0.0,0.0,unique to Japan,0.15104166666666663
Germany,Japan,9,138216,False,0.0,0.0,unique to Japan,0.125
Germany,Japan,9,147717,False,0.0,0.0,unique to Japan,0.06076388888888884
Germany,Japan,9,161940,False,0.0,0.0,shared with Tokyo,0.09375
Germany,Japan,10,1418,True,3.769467353820801,3.7694735527038574,unique to Japan,0.08333333333333334
Germany,Japan,10,19623,False,0.0,0.0,unique to Japan,0.06944444444444442
Germany,Japan,10,27477,False,0.0,0.0,unique to Japan,0.125
Germany,Japan,10,33022,False,0.0,0.0,unique to Japan,0.125
Germany,Japan,10,33545,False,0.0,0.0,unique to Japan,0.125
Germany,Japan,10,44218,False,0.0,0.0,unique to Japan,0.029513888888888895
Germany,Japan,10,45109,False,0.0,0.0,unique to Japan,0.1875
Germany,Japan,10,75324,False,0.0,0.0,unique to Japan,0.265625
Germany,Japan,10,82534,False,0.0,0.0,unique to Japan,0.125
Germany,Japan,10,93113,False,0.0,0.0,unique to Japan,0.02083333333333326
Germany,Japan,10,93313,False,0.0,0.0,unique to Japan,0.125
Germany,Japan,10,93834,False,0.0,0.0,unique to Japan,0.03125
Germany,Japan,10,103877,False,0.0,0.0,unique to Japan,0.02083333333333333
Germany,Japan,10,106685,False,0.0,0.0,unique to Japan,0.265625
Germany,Japan,10,113828,False,0.0,0.0,unique to Japan,0.09375
Germany,Japan,10,121178,False,0.0,0.0,unique to Japan,0.25
Germany,Japan,10,125080,False,0.0,0.0,unique to Japan,0.21875
Germany,Japan,10,131190,False,0.0,0.0,unique to Japan,0.125
Germany,Japan,10,137775,False,0.0,0.0,unique to Japan,0.11631944444444442
Germany,Japan,10,149838,False,0.0,0.0,unique to Japan,0.026041666666666664
Germany,Japan,11,3717,False,0.0,0.0,unique to Japan,0.07812500000000006
Germany,Japan,11,20782,False,0.0,0.0,unique to Japan,0.3194444444444444
Germany,Japan,11,21202,False,0.0,0.0,unique to Japan,0.125
Germany,Japan,11,24430,False,0.0,0.0,unique to Japan,0.25
Germany,Japan,11,40856,False,0.0,0.0,unique to Japan,0.140625
Germany,Japan,11,49219,False,0.0,0.0,shared with Tokyo,0.07465277777777779
Germany,Japan,11,52969,False,0.0,0.0,unique to Japan,0.24131944444444445
Germany,Japan,11,53149,False,0.0,0.0,unique to Japan,0.203125
Germany,Japan,11,53888,False,0.0,0.0,unique to Japan,0.15625
Germany,Japan,11,69360,False,0.0,0.0,unique to Japan,0.125
Germany,Japan,11,85853,False,0.0,0.0,unique to Japan,0.1076388888888889
Germany,Japan,11,101548,False,0.0,0.0,unique to Japan,0.125
Germany,Japan,11,101995,False,0.0,0.0,unique to Japan,0.21875
Germany,Japan,11,102221,False,0.0,0.0,unique to Japan,0.125
Germany,Japan,11,105030,False,0.0,0.0,unique to Japan,0.125
Germany,Japan,11,106962,False,0.0,0.0,unique to Japan,0.125
Germany,Japan,11,125475,False,0.0,0.0,unique to Japan,0.17881944444444445
Germany,Japan,11,132604,False,0.0,0.0,unique to Japan,0.1875
Germany,Japan,11,153837,False,0.0,0.0,unique to Japan,0.11631944444444445
Germany,Japan,11,156423,False,0.0,0.0,unique to Japan,0.1875
Germany,Japan,12,281,False,0.0,0.0,unique to Japan,0.15625
Germany,Japan,12,11009,False,0.0,0.0,unique to Japan,0.15625
Germany,Japan,12,35518,False,0.0,0.0,unique to Japan,0.171875
Germany,Japan,12,43546,False,0.0,0.0,unique to Japan,0.125
Germany,Japan,12,51348,False,0.0,0.0,unique to Japan,0.3819444444444444
Germany,Japan,12,57362,False,0.0,0.0,unique to Japan,0.125
Germany,Japan,12,68621,False,0.0,0.0,unique to Japan,0.359375
Germany,Japan,12,68966,False,0.0,0.0,unique to Japan,0.125
Germany,Japan,12,70209,False,0.0,0.0,unique to Japan,0.1875
Germany,Japan,12,72369,True,1.3354514837265015,1.3354533910751343,unique to Japan,0.25
Germany,Japan,12,74792,False,0.0,0.0,unique to Japan,0.1875
Germany,Japan,12,88120,False,0.0,0.0,unique to Japan,0.140625
Germany,Japan,12,94946,False,0.0,0.0,unique to Japan,0.17881944444444445
Germany,Japan,12,98189,False,0.0,0.0,unique to Japan,0.2569444444444444
Germany,Japan,12,119305,False,0.0,0.0,unique to Japan,0.125
Germany,Japan,12,132744,True,0.791107177734375,0.791108250617981,unique to Japan,0.1875
Germany,Japan,12,134601,False,0.0,0.0,unique to Japan,0.21875
Germany,Japan,12,141782,False,0.0,0.0,unique to Japan,0.1371527777777778
Germany,Japan,12,146909,False,0.0,0.0,unique to Japan,0.140625
Germany,Japan,12,155654,False,0.0,0.0,unique to Japan,0.21875
Germany,Japan,13,4442,False,0.0,0.0,unique to Japan,0.125
Germany,Japan,13,4845,False,0.0,0.0,unique to Japan,0.026041666666666664
Germany,Japan,13,11236,False,0.0,0.0,unique to Japan,0.07291666666666666
Germany,Japan,13,17221,False,0.0,0.0,unique to Japan,0.15625
Germany,Japan,13,30860,False,0.0,0.0,unique to Japan,0.03993055555555556
Germany,Japan,13,32433,False,0.0,0.0,unique to Japan,0.21875
Germany,Japan,13,38036,False,0.0,0.0,unique to Japan,0.125
Germany,Japan,13,46039,False,0.0,0.0,shared with Tokyo,0.0625
Germany,Japan,13,54387,False,0.0,0.0,unique to Japan,0.03125
Germany,Japan,13,60147,False,0.0,0.0,unique to Japan,0.109375
Germany,Japan,13,65279,False,0.0,0.0,unique to Japan,0.125
Germany,Japan,13,101057,False,0.0,0.0,unique to Japan,0.15625
Germany,Japan,13,104449,False,0.0,0.0,unique to Japan,0.1111111111111111
Germany,Japan,13,104563,False,0.0,0.0,unique to Japan,0.06770833333333334
Germany,Japan,13,127349,False,0.0,0.0,unique to Japan,0.15625
Germany,Japan,13,133007,False,0.0,0.0,unique to Japan,0.125
Germany,Japan,13,135294,False,0.0,0.0,unique to Japan,0.125
Germany,Japan,13,135412,False,0.0,0.0,unique to Japan,0.06076388888888884
Germany,Japan,13,154518,False,0.0,0.0,unique to Japan,0.2552083333333333
Germany,Japan,13,161862,False,0.0,0.0,unique to Japan,0.1875
Germany,Japan,14,5663,False,0.0,0.0,unique to Japan,0.125
Germany,Japan,14,14054,False,0.0,0.0,unique to Japan,0.15625
Germany,Japan,14,33576,False,0.0,0.0,unique to Japan,0.125
Germany,Japan,14,43919,False,0.0,0.0,unique to Japan,0.125
Germany,Japan,14,51347,False,0.0,0.0,unique to Japan,0.171875
Germany,Japan,14,54503,False,0.0,0.0,unique to Japan,0.125
Germany,Japan,14,76536,False,0.0,0.0,unique to Japan,0.125
Germany,Japan,14,82244,False,0.0,0.0,unique to Japan,0.125
Germany,Japan,14,88458,False,0.0,0.0,unique to Japan,0.125
Germany,Japan,14,98096,False,0.0,0.0,unique to Japan,0.125
Germany,Japan,14,100709,False,0.0,0.0,unique to Japan,0.125
Germany,Japan,14,103153,False,0.0,0.0,shared with Tokyo,0.1371527777777778
Germany,Japan,14,107592,False,0.0,0.0,unique to Japan,0.15625
Germany,Japan,14,114902,False,0.0,0.0,unique to Japan,0.125
Germany,Japan,14,124939,False,0.0,0.0,unique to Japan,0.25
Germany,Japan,14,125122,False,0.0,0.0,unique to Japan,0.125
Germany,Japan,14,125227,False,0.0,0.0,unique to Japan,0.21875
Germany,Japan,14,131742,False,0.0,0.0,unique to Japan,0.078125
Germany,Japan,14,156353,False,0.0,0.0,unique to Japan,0.171875
Germany,Japan,14,162378,False,0.0,0.0,unique to Japan,0.3125
Germany,Japan,15,2340,False,0.0,0.0,unique to Japan,0.125
Germany,Japan,15,4253,False,0.0,0.0,unique to Japan,0.125
Germany,Japan,15,13340,False,0.0,0.0,unique to Japan,0.125
Germany,Japan,15,15624,False,0.0,0.0,unique to Japan,0.3888888888888889
Germany,Japan,15,32096,False,0.0,0.0,unique to Japan,0.125
Germany,Japan,15,33670,False,0.0,0.0,unique to Japan,0.1701388888888889
Germany,Japan,15,34619,False,0.0,0.0,unique to Japan,0.25
Germany,Japan,15,39291,False,0.0,0.0,unique to Japan,0.125
Germany,Japan,15,39890,False,0.0,0.0,unique to Japan,0.1979166666666667
Germany,Japan,15,75578,False,0.0,0.0,unique to Japan,0.125
Germany,Japan,15,79659,False,0.0,0.0,shared with Tokyo,0.21354166666666669
Germany,Japan,15,90009,False,0.0,0.0,unique to Japan,0.125
Germany,Japan,15,99164,False,0.0,0.0,unique to Japan,0.125
Germany,Japan,15,104728,False,0.0,0.0,unique to Japan,0.15451388888888884
Germany,Japan,15,111299,False,0.0,0.0,unique to Japan,0.1875
Germany,Japan,15,117698,False,0.0,0.0,unique to Japan,0.1875
Germany,Japan,15,126841,False,0.0,0.0,shared with Tokyo,0.22569444444444442
Germany,Japan,15,147550,False,0.0,0.0,unique to Japan,0.171875
Germany,Japan,15,150074,False,0.0,0.0,shared with Tokyo,0.1267361111111111
Germany,Japan,15,158731,False,0.0,0.0,unique to Japan,0.1875
Germany,Japan,16,6417,False,0.0,0.0,unique to Japan,0.125
Germany,Japan,16,12730,False,0.0,0.0,unique to Japan,0.125
Germany,Japan,16,15758,False,0.0,0.0,unique to Japan,0.25
Germany,Japan,16,22822,False,0.0,0.0,unique to Japan,0.3125
Germany,Japan,16,22953,False,0.0,0.0,unique to Japan,0.125
Germany,Japan,16,27800,False,0.0,0.0,unique to Japan,0.125
Germany,Japan,16,32781,False,0.0,0.0,unique to Japan,0.125
Germany,Japan,16,35598,False,0.0,0.0,unique to Japan,0.125
Germany,Japan,16,35637,False,0.0,0.0,unique to Japan,0.1875
Germany,Japan,16,48242,False,0.0,0.0,unique to Japan,0.125
Germany,Japan,16,55765,False,0.0,0.0,unique to Japan,0.125
Germany,Japan,16,72533,False,0.0,0.0,unique to Japan,0.125
Germany,Japan,16,76912,False,0.0,0.0,unique to Japan,0.125
Germany,Japan,16,89178,False,0.0,0.0,unique to Japan,0.125
Germany,Japan,16,90640,False,0.0,0.0,unique to Japan,0.125
Germany,Japan,16,101698,False,0.0,0.0,unique to Japan,0.125
Germany,Japan,16,106025,False,0.0,0.0,unique to Japan,0.1875
Germany,Japan,16,107183,False,0.0,0.0,unique to Japan,0.1875
Germany,Japan,16,121560,False,0.0,0.0,unique to Japan,0.171875
Germany,Japan,16,153344,False,0.0,0.0,unique to Japan,0.1875
Germany,Japan,17,1812,False,0.0,0.0,unique to Japan,0.125
Germany,Japan,17,3582,False,0.0,0.0,unique to Japan,0.53125
Germany,Japan,17,13022,False,0.0,0.0,unique to Japan,0.1875
Germany,Japan,17,13891,False,0.0,0.0,shared with Tokyo,0.0069444444444444475
Germany,Japan,17,14403,False,0.0,0.0,unique to Japan,0.125
Germany,Japan,17,15678,False,0.0,0.0,unique to Japan,0.21354166666666669
Germany,Japan,17,20350,False,0.0,0.0,unique to Japan,0.0625
Germany,Japan,17,42562,False,0.0,0.0,unique to Japan,0.125
Germany,Japan,17,46041,False,0.0,0.0,unique to Japan,0.125
Germany,Japan,17,61503,False,0.0,0.0,unique to Japan,0.1875
Germany,Japan,17,63089,False,0.0,0.0,unique to Japan,0.25
Germany,Japan,17,92340,False,0.0,0.0,unique to Japan,0.125
Germany,Japan,17,103584,False,0.0,0.0,unique to Japan,0.125
Germany,Japan,17,104640,False,0.0,0.0,unique to Japan,0.09027777777777779
Germany,Japan,17,112974,False,0.0,0.0,shared with Tokyo,0.125
Germany,Japan,17,132685,False,0.0,0.0,unique to Japan,0.09375
Germany,Japan,17,150354,False,0.0,0.0,unique to Japan,0.05381944444444445
Germany,Japan,17,152071,False,0.0,0.0,unique to Japan,0.125
Germany,Japan,17,160677,False,0.0,0.0,unique to Japan,0.2065972222222222
Germany,Japan,18,16848,False,0.0,0.0,unique to Japan,0.125
Germany,Japan,18,23197,False,0.0,0.0,unique to Japan,0.34375
Germany,Japan,18,36588,False,0.0,0.0,unique to Japan,0.22916666666666669
Germany,Japan,18,39038,False,0.0,0.0,unique to Japan,0.125
Germany,Japan,18,44849,False,0.0,0.0,unique to Japan,0.1875
Germany,Japan,18,64894,False,0.0,0.0,unique to Japan,0.1875
Germany,Japan,18,87606,False,0.0,0.0,unique to Japan,0.08333333333333326
Germany,Japan,18,102200,False,0.0,0.0,unique to Japan,0.125
Germany,Japan,18,107772,False,0.0,0.0,unique to Japan,0.125
Germany,Japan,18,113590,False,0.0,0.0,unique to Japan,0.125
Germany,Japan,18,118228,False,0.0,0.0,unique to Japan,0.5625
Germany,Japan,18,120976,False,0.0,0.0,unique to Japan,0.0625
Germany,Japan,18,137786,False,0.0,0.0,unique to Japan,0.125
Germany,Japan,18,143985,False,0.0,0.0,unique to Japan,0.4288194444444444
Germany,Japan,18,149762,False,0.0,0.0,unique to Japan,0.125
Germany,Japan,18,156633,False,0.0,0.0,shared with Tokyo,0.2309027777777778
Germany,Japan,19,16715,False,0.0,0.0,unique to Japan,0.031249999999999997
Germany,Japan,19,43260,False,0.0,0.0,shared with Tokyo,0.109375
Germany,Japan,19,104594,False,0.0,0.0,unique to Japan,0.1875
Germany,Japan,19,105355,False,0.0,0.0,unique to Japan,0.125
Germany,Japan,19,106312,False,0.0,0.0,unique to Japan,0.125
Germany,Japan,19,121148,False,0.0,0.0,unique to Japan,0.00868055555555547
Germany,Japan,19,130649,False,0.0,0.0,unique to Japan,0.125
Germany,Japan,19,149577,False,0.0,0.0,unique to Japan,0.265625
Germany,Japan,20,12419,False,0.0,0.0,shared with Tokyo,0.21006944444444442
Germany,Japan,20,18824,False,0.0,0.0,shared with Tokyo,0.8333333333333334
Germany,Japan,20,51106,False,0.0,0.0,unique to Japan,0.125
Germany,Japan,20,53552,False,0.0,0.0,unique to Japan,0.11631944444444445
Germany,Japan,20,62864,False,0.0,0.0,shared with Tokyo,0.03819444444444442
Germany,Japan,20,83986,False,0.0,0.0,unique to Japan,0.08333333333333331
Germany,Japan,20,100658,False,0.0,0.0,unique to Japan,0.046875
Germany,Japan,20,133005,False,0.0,0.0,unique to Japan,0.125
Germany,Japan,20,146850,False,0.0,0.0,unique to Japan,0.13368055555555558
Germany,Japan,20,154744,False,0.0,0.0,shared with Tokyo,0.2534722222222222
Germany,Japan,21,28638,False,0.0,0.0,shared with Tokyo,0.25
Germany,Japan,21,32044,False,0.0,0.0,shared with Tokyo,0.09375
Germany,Japan,21,66836,False,0.0,0.0,unique to Japan,0.017361111111111112
Germany,Japan,21,68751,False,0.0,0.0,unique to Japan,0.125
Germany,Japan,21,74492,False,0.0,0.0,unique to Japan,0.4444444444444445
Germany,Japan,21,116860,False,0.0,0.0,unique to Japan,0.32638888888888884
Germany,Japan,21,119347,False,0.0,0.0,unique to Japan,0.0763888888888889
Germany,Japan,21,121718,False,0.0,0.0,unique to Japan,0.125
Germany,Japan,21,136683,False,0.0,0.0,shared with Tokyo,0.9791666666666666
Germany,Japan,22,4434,False,0.0,0.0,unique to Japan,0.005208333333333329
Germany,Japan,22,53187,False,0.0,0.0,unique to Japan,0.21701388888888895
Germany,Japan,22,74086,False,0.0,0.0,shared with Tokyo,0.9270833333333334
Germany,Japan,22,85645,False,0.0,0.0,unique to Japan,0.25
Germany,Japan,22,151732,False,0.0,0.0,shared with Tokyo,0.6875
Germany,Japan,22,154077,False,0.0,0.0,unique to Japan,0.1892361111111111
Germany,Japan,22,163293,False,0.0,0.0,unique to Japan,0.017361111111111112
Germany,Japan,23,39939,False,0.0,0.0,shared with Tokyo,0.1875
Germany,Japan,23,61597,False,0.0,0.0,unique to Japan,0.125
Germany,Japan,23,65431,False,0.0,0.0,unique to Japan,0.008680555555555566
Germany,Japan,23,71845,False,0.0,0.0,unique to Japan,0.08333333333333333
Germany,Japan,23,73197,False,0.0,0.0,shared with Tokyo,0.75
Germany,Japan,23,82376,False,0.0,0.0,unique to Japan,0.125
Germany,Japan,23,130995,False,0.0,0.0,shared with Tokyo,0.46875
Germany,Japan,23,132435,False,0.0,0.0,unique to Japan,0.06076388888888884
Germany,Japan,23,144551,False,0.0,0.0,unique to Japan,0.07638888888888888
Germany,Japan,23,146233,False,0.0,0.0,unique to Japan,0.16319444444444453
Germany,Japan,23,147945,False,0.0,0.0,shared with Tokyo,1.0
Germany,Japan,23,154537,False,0.0,0.0,unique to Japan,0.8541666666666666
Germany,Japan,24,10794,False,0.0,0.0,unique to Japan,0.10416666666666666
Germany,Japan,24,62193,False,0.0,0.0,unique to Japan,0.2708333333333333
Germany,Japan,24,65613,False,0.0,0.0,unique to Japan,0.375
Germany,Japan,24,80507,False,0.0,0.0,shared with Tokyo,1.0
Germany,Japan,24,90752,False,0.0,0.0,unique to Japan,0.6458333333333334
Germany,Japan,24,94518,False,0.0,0.0,unique to Japan,0.17881944444444445
Germany,Japan,24,96405,False,0.0,0.0,shared with Tokyo,0.75
Germany,Japan,24,100878,False,0.0,0.0,shared with Tokyo,0.1875
Germany,Japan,24,125318,False,0.0,0.0,shared with Tokyo,0.25
Germany,Japan,24,129974,False,0.0,0.0,unique to Japan,0.005208333333333329
Germany,Japan,24,161260,False,0.0,0.0,unique to Japan,0.3125
Germany,Japan,25,5145,False,0.0,0.0,unique to Japan,0.09375
Germany,Japan,25,14008,False,0.0,0.0,shared with Tokyo,0.3454861111111111
Germany,Japan,25,28687,False,0.0,0.0,shared with Tokyo,0.6458333333333334
Germany,Japan,25,46793,False,0.0,0.0,shared with Tokyo,0.359375
Germany,Japan,25,74405,False,0.0,0.0,shared with Tokyo,0.1875
Germany,Japan,25,84604,False,0.0,0.0,unique to Japan,0.05208333333333333
Germany,Japan,25,107523,False,0.0,0.0,unique to Japan,0.02083333333333326
Germany,Japan,25,114963,False,0.0,0.0,shared with Tokyo,0.7708333333333334
Germany,Japan,25,130192,False,0.0,0.0,unique to Japan,0.09375
Germany,Japan,25,152765,False,0.0,0.0,shared with Tokyo,0.21875
Germany,Japan,26,24128,False,0.0,0.0,unique to Japan,0.1875
Germany,Japan,26,25293,False,0.0,0.0,unique to Japan,0.0954861111111111
Germany,Japan,26,26970,False,0.0,0.0,shared with Tokyo,0.1736111111111111
Germany,Japan,26,41624,False,0.0,0.0,shared with Tokyo,0.3125
Germany,Japan,26,49427,False,0.0,0.0,unique to Japan,0.1875
Germany,Japan,26,64531,False,0.0,0.0,unique to Japan,0.125
Germany,Japan,26,66734,False,0.0,0.0,shared with Tokyo,0.3125
Germany,Japan,26,79683,False,0.0,0.0,shared with Tokyo,0.4375
Germany,Japan,26,81034,False,0.0,0.0,shared with Tokyo,0.3993055555555556
Germany,Japan,26,104415,False,0.0,0.0,shared with Tokyo,0.875
Germany,Japan,26,114593,False,0.0,0.0,shared with Tokyo,0.17708333333333334
Germany,Japan,26,122224,False,0.0,0.0,unique to Japan,0.1875
Germany,Japan,26,133870,False,0.0,0.0,unique to Japan,0.25
Germany,Japan,26,137978,False,0.0,0.0,unique to Japan,0.017361111111111105
Germany,Japan,26,141900,False,0.0,0.0,unique to Japan,0.020833333333333315
Germany,Japan,26,152195,False,0.0,0.0,shared with Tokyo,0.034722222222222224
Germany,Japan,27,4655,False,0.0,0.0,shared with Tokyo,0.08333333333333326
Germany,Japan,27,58549,False,0.0,0.0,unique to Japan,0.5
Germany,Japan,27,70045,False,0.0,0.0,shared with Tokyo,0.9166666666666666
Germany,Berlin,3,122823,False,0.0,0.0,unique to Berlin,0.0625
Germany,Berlin,4,76115,False,0.0,0.0,unique to Berlin,0.1875
Germany,Berlin,6,56601,False,0.0,0.0,unique to Berlin,0.02083333333333337
Germany,Berlin,7,108103,False,0.0,0.0,unique to Berlin,0.05026223776223776
Germany,Berlin,8,49577,False,0.0,0.0,unique to Berlin,0.04761904761904756
Germany,Berlin,9,21866,False,0.0,0.0,unique to Berlin,0.04166666666666663
Germany,Berlin,9,32744,True,4.898324966430664,4.898329734802246,unique to Berlin,0.19711538461538453
Germany,Berlin,9,125396,False,0.0,0.0,unique to Berlin,0.28273809523809523
Germany,Berlin,10,1418,True,3.769467353820801,3.7694735527038574,unique to Berlin,0.13095238095238093
Germany,Berlin,10,5895,False,0.0,0.0,unique to Berlin,0.2589285714285714
Germany,Berlin,10,48590,False,0.0,0.0,unique to Berlin,0.09523809523809523
Germany,Berlin,10,62097,False,0.0,0.0,unique to Berlin,0.048805361305361394
Germany,Berlin,10,137591,False,0.0,0.0,unique to Berlin,0.24810606060606055
Germany,Berlin,11,28169,True,5.548717021942139,5.548718452453613,unique to Berlin,0.06891025641025639
Germany,Berlin,12,1483,False,0.0,0.0,unique to Berlin,0.023809523809523836
Germany,Berlin,12,29330,False,0.0,0.0,unique to Berlin,0.009761072261072257
Germany,Berlin,12,55450,False,0.0,0.0,unique to Berlin,0.03273809523809523
Germany,Berlin,13,19368,False,0.0,0.0,unique to Berlin,0.2738095238095238
Germany,Berlin,13,27421,False,0.0,0.0,unique to Berlin,0.020833333333333315
Germany,Berlin,13,114033,False,0.0,0.0,unique to Berlin,0.020833333333333315
Germany,Berlin,14,40906,False,0.0,0.0,unique to Berlin,0.14583333333333331
Germany,Berlin,14,113103,False,0.0,0.0,unique to Berlin,0.10416666666666663
Germany,Berlin,14,154187,False,0.0,0.0,shared with Germany,0.04166666666666663
Germany,Berlin,15,79659,False,0.0,0.0,unique to Berlin,0.2321428571428571
Germany,Berlin,15,150074,False,0.0,0.0,unique to Berlin,0.11309523809523803
Germany,Berlin,16,115915,False,0.0,0.0,unique to Berlin,0.08630952380952384
Germany,Berlin,17,13891,False,0.0,0.0,unique to Berlin,0.14880952380952384
Germany,Berlin,17,15678,False,0.0,0.0,unique to Berlin,0.08333333333333326
Germany,Berlin,17,70371,True,4.819536209106445,4.819536209106445,unique to Berlin,0.02083333333333337
Germany,Berlin,17,150354,False,0.0,0.0,unique to Berlin,0.19478438228438227
Germany,Berlin,18,156633,False,0.0,0.0,unique to Berlin,0.044642857142857095
Germany,Berlin,19,10162,False,0.0,0.0,unique to Berlin,0.16724941724941722
Germany,Berlin,19,67024,False,0.0,0.0,unique to Berlin,0.04166666666666674
Germany,Berlin,20,33005,False,0.0,0.0,unique to Berlin,0.37460456210456206
Germany,Berlin,20,51506,False,0.0,0.0,unique to Berlin,0.32939976689976685
Germany,Berlin,20,62864,False,0.0,0.0,unique to Berlin,0.16666666666666663
Germany,Berlin,20,146850,False,0.0,0.0,unique to Berlin,0.04166666666666674
Germany,Berlin,20,155146,False,0.0,0.0,shared with Germany,1.0
Germany,Berlin,20,163792,False,0.0,0.0,unique to Berlin,0.07109557109557108
Germany,Berlin,21,22443,False,0.0,0.0,shared with Germany,1.0
Germany,Berlin,21,36202,False,0.0,0.0,unique to Berlin,0.1040417915417915
Germany,Berlin,21,75179,False,0.0,0.0,unique to Berlin,0.1607142857142857
Germany,Berlin,21,82598,False,0.0,0.0,unique to Berlin,0.1032925407925408
Germany,Berlin,21,88236,False,0.0,0.0,unique to Berlin,0.2624458874458875
Germany,Berlin,21,123565,False,0.0,0.0,unique to Berlin,0.20833333333333326
Germany,Berlin,22,9237,False,0.0,0.0,unique to Berlin,0.29166666666666663
Germany,Berlin,22,38365,False,0.0,0.0,shared with Germany,0.06547619047619035
Germany,Berlin,22,64313,False,0.0,0.0,unique to Berlin,0.06639194139194149
Germany,Berlin,22,74666,True,46.622127532958984,46.62213897705078,shared with Germany,0.9166666666666666
Germany,Berlin,22,106347,False,0.0,0.0,shared with Germany,1.0
Germany,Berlin,22,138210,False,0.0,0.0,unique to Berlin,0.10052447552447563
Germany,Berlin,23,67123,False,0.0,0.0,unique to Berlin,0.5416666666666666
Germany,Berlin,23,92900,False,0.0,0.0,unique to Berlin,1.0
Germany,Berlin,23,106820,False,0.0,0.0,shared with Germany,0.7687312687312687
Germany,Berlin,23,117077,False,0.0,0.0,unique to Berlin,0.29166666666666663
Germany,Berlin,23,142507,False,0.0,0.0,unique to Berlin,0.18452380952380942
Germany,Berlin,23,144162,False,0.0,0.0,shared with Germany,0.891941391941392
Germany,Berlin,24,4417,False,0.0,0.0,unique to Berlin,0.29166666666666663
Germany,Berlin,24,25510,False,0.0,0.0,unique to Berlin,1.0
Germany,Berlin,24,38736,False,0.0,0.0,unique to Berlin,0.2095196470196471
Germany,Berlin,24,39495,False,0.0,0.0,shared with Germany,0.9166666666666666
Germany,Berlin,24,56177,False,0.0,0.0,unique to Berlin,0.6666666666666666
Germany,Berlin,24,73908,False,0.0,0.0,shared with Germany,0.18210955710955706
Germany,Berlin,24,82854,False,0.0,0.0,unique to Berlin,0.5595238095238095
Germany,Berlin,24,131573,False,0.0,0.0,unique to Berlin,1.0
Germany,Berlin,24,142467,False,0.0,0.0,unique to Berlin,0.8121878121878121
Germany,Berlin,25,26186,False,0.0,0.0,unique to Berlin,0.2505411255411255
Germany,Berlin,25,28710,True,10.952369689941406,10.952367782592773,unique to Berlin,0.9880952380952381
Germany,Berlin,25,40466,False,0.0,0.0,shared with Germany,1.0
Germany,Berlin,25,58766,False,0.0,0.0,unique to Berlin,1.0
Germany,Berlin,25,95592,False,0.0,0.0,unique to Berlin,0.018127705627705826
Germany,Berlin,25,98860,False,0.0,0.0,unique to Berlin,0.5481809856809857
Germany,Berlin,25,104247,False,0.0,0.0,unique to Berlin,0.8333333333333333
Germany,Berlin,25,146554,False,0.0,0.0,unique to Berlin,0.35416666666666663
Germany,Berlin,25,148402,False,0.0,0.0,unique to Berlin,0.09523809523809523
Germany,Berlin,25,162614,False,0.0,0.0,unique to Berlin,0.6603604728604728
Germany,Berlin,26,19883,False,0.0,0.0,unique to Berlin,0.09523809523809512
Germany,Berlin,26,41862,False,0.0,0.0,unique to Berlin,0.5609182484182484
Germany,Berlin,26,58020,False,0.0,0.0,unique to Berlin,1.0
Germany,Berlin,26,75059,False,0.0,0.0,shared with Germany,0.7877747252747254
Germany,Berlin,26,78201,False,0.0,0.0,shared with Germany,0.7934565434565435
Germany,Berlin,26,117516,False,0.0,0.0,unique to Berlin,0.013611388611388608
Germany,Berlin,27,86525,False,0.0,0.0,shared with Germany,1.0
Germany,Berlin,27,108741,False,0.0,0.0,unique to Berlin,0.15178571428571436
Germany,Berlin,27,131997,True,26.507747650146484,26.507762908935547,unique to Berlin,0.004162504162504077
Germany,Germany,1,69173,False,0.0,0.0,unique to Germany,0.4666666666666668
Germany,Germany,1,110636,False,0.0,0.0,unique to Germany,0.16666666666666674
Germany,Germany,2,9991,False,0.0,0.0,unique to Germany,0.4
Germany,Germany,2,36597,False,0.0,0.0,unique to Germany,0.13333333333333336
Germany,Germany,2,43019,False,0.0,0.0,unique to Germany,0.03333333333333338
Germany,Germany,2,45978,False,0.0,0.0,unique to Germany,0.06666666666666676
Germany,Germany,2,49408,False,0.0,0.0,unique to Germany,0.2
Germany,Germany,2,54888,False,0.0,0.0,unique to Germany,0.2333333333333334
Germany,Germany,2,61660,False,0.0,0.0,unique to Germany,0.16666666666666674
Germany,Germany,2,82493,False,0.0,0.0,unique to Germany,0.13333333333333336
Germany,Germany,2,91615,False,0.0,0.0,unique to Germany,0.03333333333333338
Germany,Germany,2,93713,False,0.0,0.0,unique to Germany,0.43333333333333335
Germany,Germany,2,94642,False,0.0,0.0,unique to Germany,0.10000000000000003
Germany,Germany,2,98380,False,0.0,0.0,unique to Germany,0.2
Germany,Germany,2,107006,False,0.0,0.0,unique to Germany,0.3
Germany,Germany,3,1960,False,0.0,0.0,unique to Germany,0.2
Germany,Germany,3,36246,False,0.0,0.0,unique to Germany,0.10000000000000003
Germany,Germany,3,40263,False,0.0,0.0,unique to Germany,0.06666666666666676
Germany,Germany,3,110742,False,0.0,0.0,unique to Germany,0.4666666666666668
Germany,Germany,3,119350,False,0.0,0.0,unique to Germany,0.13333333333333336
Germany,Germany,4,3771,False,0.0,0.0,unique to Germany,0.2
Germany,Germany,4,27443,False,0.0,0.0,unique to Germany,0.2
Germany,Germany,4,76613,False,0.0,0.0,unique to Germany,0.2
Germany,Germany,4,85253,False,0.0,0.0,unique to Germany,0.2
Germany,Germany,4,106600,False,0.0,0.0,unique to Germany,0.3000000000000001
Germany,Germany,5,28566,False,0.0,0.0,unique to Germany,0.33333333333333337
Germany,Germany,5,39162,False,0.0,0.0,unique to Germany,0.03333333333333344
Germany,Germany,5,40534,False,0.0,0.0,unique to Germany,0.16666666666666674
Germany,Germany,5,43893,False,0.0,0.0,unique to Germany,0.03333333333333338
Germany,Germany,5,62221,False,0.0,0.0,unique to Germany,0.03333333333333338
Germany,Germany,5,62478,False,0.0,0.0,unique to Germany,0.16666666666666674
Germany,Germany,5,76874,False,0.0,0.0,unique to Germany,0.2333333333333334
Germany,Germany,5,79169,False,0.0,0.0,unique to Germany,0.2333333333333335
Germany,Germany,5,79660,False,0.0,0.0,unique to Germany,0.10000000000000003
Germany,Germany,5,88723,False,0.0,0.0,unique to Germany,0.4666666666666668
Germany,Germany,5,106538,False,0.0,0.0,unique to Germany,0.2
Germany,Germany,5,107328,False,0.0,0.0,unique to Germany,0.2
Germany,Germany,5,112488,False,0.0,0.0,unique to Germany,0.13333333333333336
Germany,Germany,5,119940,False,0.0,0.0,unique to Germany,0.13333333333333336
Germany,Germany,5,125132,False,0.0,0.0,unique to Germany,0.03333333333333344
Germany,Germany,5,154766,False,0.0,0.0,unique to Germany,0.2666666666666667
Germany,Germany,6,23366,False,0.0,0.0,unique to Germany,0.3
Germany,Germany,6,36169,False,0.0,0.0,unique to Germany,0.06666666666666676
Germany,Germany,6,55758,False,0.0,0.0,unique to Germany,0.2
Germany,Germany,6,63485,False,0.0,0.0,unique to Germany,0.03333333333333344
Germany,Germany,6,67281,False,0.0,0.0,unique to Germany,0.03333333333333338
Germany,Germany,6,82968,False,0.0,0.0,unique to Germany,0.2
Germany,Germany,6,83120,False,0.0,0.0,unique to Germany,0.16666666666666674
Germany,Germany,6,87589,False,0.0,0.0,unique to Germany,0.4
Germany,Germany,6,104199,False,0.0,0.0,unique to Germany,0.13333333333333336
Germany,Germany,6,123743,False,0.0,0.0,unique to Germany,0.2
Germany,Germany,6,134548,False,0.0,0.0,unique to Germany,0.33333333333333337
Germany,Germany,6,149150,False,0.0,0.0,unique to Germany,0.2
Germany,Germany,6,163423,False,0.0,0.0,unique to Germany,0.03333333333333338
Germany,Germany,7,32783,False,0.0,0.0,unique to Germany,0.3000000000000001
Germany,Germany,7,117978,False,0.0,0.0,unique to Germany,0.06666666666666676
Germany,Germany,8,11099,False,0.0,0.0,unique to Germany,0.2
Germany,Germany,8,22587,False,0.0,0.0,unique to Germany,0.2
Germany,Germany,8,22680,False,0.0,0.0,unique to Germany,0.06666666666666676
Germany,Germany,8,33412,False,0.0,0.0,unique to Germany,0.03333333333333338
Germany,Germany,8,39845,False,0.0,0.0,unique to Germany,0.2
Germany,Germany,8,47860,False,0.0,0.0,unique to Germany,0.16666666666666674
Germany,Germany,8,50248,False,0.0,0.0,unique to Germany,0.2
Germany,Germany,8,55941,False,0.0,0.0,unique to Germany,0.2
Germany,Germany,8,60876,False,0.0,0.0,unique to Germany,0.2
Germany,Germany,8,88193,False,0.0,0.0,unique to Germany,0.13333333333333336
Germany,Germany,8,100289,False,0.0,0.0,unique to Germany,0.03333333333333338
Germany,Germany,8,100823,False,0.0,0.0,unique to Germany,0.43333333333333335
Germany,Germany,8,111124,False,0.0,0.0,unique to Germany,0.3666666666666667
Germany,Germany,8,114086,True,1.4808472394943237,1.4808459281921387,unique to Germany,0.06666666666666676
Germany,Germany,8,122053,False,0.0,0.0,unique to Germany,0.2
Germany,Germany,8,132731,False,0.0,0.0,unique to Germany,0.2
Germany,Germany,8,146635,False,0.0,0.0,unique to Germany,0.06666666666666676
Germany,Germany,8,150468,False,0.0,0.0,unique to Germany,0.10000000000000003
Germany,Germany,8,154781,False,0.0,0.0,unique to Germany,0.33333333333333337
Germany,Germany,8,162605,False,0.0,0.0,unique to Germany,0.2
Germany,Germany,9,3011,False,0.0,0.0,unique to Germany,0.2333333333333334
Germany,Germany,9,10024,False,0.0,0.0,unique to Germany,0.2
Germany,Germany,9,30958,False,0.0,0.0,unique to Germany,0.3
Germany,Germany,9,51693,False,0.0,0.0,unique to Germany,0.2
Germany,Germany,9,52253,False,0.0,0.0,unique to Germany,0.4
Germany,Germany,9,53530,False,0.0,0.0,unique to Germany,0.13333333333333336
Germany,Germany,9,60029,False,0.0,0.0,unique to Germany,0.3333333333333335
Germany,Germany,9,85238,False,0.0,0.0,unique to Germany,0.2
Germany,Germany,9,98011,False,0.0,0.0,unique to Germany,0.33333333333333337
Germany,Germany,9,108364,False,0.0,0.0,unique to Germany,0.03333333333333338
Germany,Germany,9,121235,False,0.0,0.0,unique to Germany,0.2
Germany,Germany,9,127173,False,0.0,0.0,unique to Germany,0.06666666666666676
Germany,Germany,9,134991,False,0.0,0.0,unique to Germany,0.13333333333333353
Germany,Germany,9,143899,False,0.0,0.0,unique to Germany,0.03333333333333338
Germany,Germany,9,161940,False,0.0,0.0,unique to Germany,0.16666666666666674
Germany,Germany,10,19623,False,0.0,0.0,unique to Germany,0.16666666666666674
Germany,Germany,10,28475,False,0.0,0.0,unique to Germany,0.13333333333333336
Germany,Germany,10,40871,False,0.0,0.0,unique to Germany,0.3
Germany,Germany,10,44218,False,0.0,0.0,unique to Germany,0.13333333333333336
Germany,Germany,10,44624,False,0.0,0.0,unique to Germany,0.3
Germany,Germany,10,48697,False,0.0,0.0,unique to Germany,0.13333333333333336
Germany,Germany,10,57177,False,0.0,0.0,unique to Germany,0.2
Germany,Germany,10,75324,False,0.0,0.0,unique to Germany,0.2333333333333334
Germany,Germany,10,76335,False,0.0,0.0,unique to Germany,0.2
Germany,Germany,10,93313,False,0.0,0.0,unique to Germany,0.6
Germany,Germany,10,105877,False,0.0,0.0,unique to Germany,0.03333333333333338
Germany,Germany,10,106685,False,0.0,0.0,unique to Germany,0.43333333333333335
Germany,Germany,10,124363,False,0.0,0.0,unique to Germany,0.2
Germany,Germany,10,137775,False,0.0,0.0,unique to Germany,0.3666666666666667
Germany,Germany,10,163052,False,0.0,0.0,unique to Germany,0.2
Germany,Germany,11,3717,False,0.0,0.0,unique to Germany,0.03333333333333338
Germany,Germany,11,20782,False,0.0,0.0,unique to Germany,0.13333333333333336
Germany,Germany,11,40856,False,0.0,0.0,unique to Germany,0.03333333333333338
Germany,Germany,11,46610,False,0.0,0.0,unique to Germany,0.3
Germany,Germany,11,49219,False,0.0,0.0,unique to Germany,0.16666666666666674
Germany,Germany,11,50688,False,0.0,0.0,unique to Germany,0.2333333333333334
Germany,Germany,11,53149,False,0.0,0.0,unique to Germany,0.2
Germany,Germany,11,53888,False,0.0,0.0,unique to Germany,0.03333333333333344
Germany,Germany,11,71329,False,0.0,0.0,unique to Germany,0.2
Germany,Germany,11,84682,False,0.0,0.0,unique to Germany,0.03333333333333338
Germany,Germany,11,85853,False,0.0,0.0,unique to Germany,0.3
Germany,Germany,11,94536,False,0.0,0.0,unique to Germany,0.2
Germany,Germany,11,115114,False,0.0,0.0,unique to Germany,0.03333333333333338
Germany,Germany,11,122920,False,0.0,0.0,unique to Germany,0.2
Germany,Germany,11,125462,False,0.0,0.0,unique to Germany,0.03333333333333338
Germany,Germany,11,142125,False,0.0,0.0,unique to Germany,0.2333333333333335
Germany,Germany,11,142499,False,0.0,0.0,unique to Germany,0.2
Germany,Germany,12,5825,False,0.0,0.0,unique to Germany,0.10000000000000003
Germany,Germany,12,12898,False,0.0,0.0,unique to Germany,0.4
Germany,Germany,12,22015,False,0.0,0.0,unique to Germany,0.03333333333333338
Germany,Germany,12,35518,False,0.0,0.0,unique to Germany,0.03333333333333338
Germany,Germany,12,39067,False,0.0,0.0,unique to Germany,0.16666666666666674
Germany,Germany,12,44400,False,0.0,0.0,unique to Germany,0.3
Germany,Germany,12,51348,False,0.0,0.0,unique to Germany,0.2333333333333334
Germany,Germany,12,69673,False,0.0,0.0,unique to Germany,0.16666666666666674
Germany,Germany,12,80031,False,0.0,0.0,unique to Germany,0.06666666666666676
Germany,Germany,12,88120,False,0.0,0.0,unique to Germany,0.03333333333333338
Germany,Germany,12,99286,True,6.9825119972229,6.982514381408691,unique to Germany,0.16666666666666674
Germany,Germany,12,102481,False,0.0,0.0,unique to Germany,0.13333333333333336
Germany,Germany,12,141782,False,0.0,0.0,unique to Germany,0.13333333333333336
Germany,Germany,12,148536,False,0.0,0.0,unique to Germany,0.2333333333333334
Germany,Germany,12,149110,False,0.0,0.0,unique to Germany,0.16666666666666674
Germany,Germany,12,153929,False,0.0,0.0,unique to Germany,0.2
Germany,Germany,12,155526,False,0.0,0.0,unique to Germany,0.4
Germany,Germany,12,158865,False,0.0,0.0,unique to Germany,0.16666666666666674
Germany,Germany,12,159762,False,0.0,0.0,unique to Germany,0.16666666666666674
Germany,Germany,12,160349,False,0.0,0.0,unique to Germany,0.2
Germany,Germany,13,17221,False,0.0,0.0,unique to Germany,0.2
Germany,Germany,13,38036,False,0.0,0.0,unique to Germany,0.2
Germany,Germany,13,42938,True,5.4158782958984375,5.415879726409912,unique to Germany,0.13333333333333353
Germany,Germany,13,68967,False,0.0,0.0,unique to Germany,0.10000000000000003
Germany,Germany,13,69500,False,0.0,0.0,unique to Germany,0.13333333333333336
Germany,Germany,13,72286,False,0.0,0.0,unique to Germany,0.16666666666666674
Germany,Germany,13,133023,False,0.0,0.0,unique to Germany,0.2
Germany,Germany,13,135331,False,0.0,0.0,unique to Germany,0.2
Germany,Germany,13,135412,False,0.0,0.0,unique to Germany,0.16666666666666674
Germany,Germany,13,138000,False,0.0,0.0,unique to Germany,0.03333333333333338
Germany,Germany,13,146600,False,0.0,0.0,unique to Germany,0.4000000000000001
Germany,Germany,13,153483,False,0.0,0.0,unique to Germany,0.06666666666666676
Germany,Germany,13,161257,False,0.0,0.0,unique to Germany,0.2666666666666667
Germany,Germany,13,161883,False,0.0,0.0,unique to Germany,0.03333333333333338
Germany,Germany,14,14054,False,0.0,0.0,unique to Germany,0.06666666666666676
Germany,Germany,14,19752,False,0.0,0.0,unique to Germany,0.03333333333333338
Germany,Germany,14,20347,False,0.0,0.0,unique to Germany,0.2
Germany,Germany,14,38934,False,0.0,0.0,unique to Germany,0.2666666666666667
Germany,Germany,14,62700,False,0.0,0.0,unique to Germany,0.3
Germany,Germany,14,72875,False,0.0,0.0,unique to Germany,0.2
Germany,Germany,14,82244,False,0.0,0.0,unique to Germany,0.3
Germany,Germany,14,90756,False,0.0,0.0,unique to Germany,0.03333333333333338
Germany,Germany,14,98348,False,0.0,0.0,unique to Germany,0.13333333333333336
Germany,Germany,14,103153,False,0.0,0.0,unique to Germany,0.03333333333333338
Germany,Germany,14,107592,False,0.0,0.0,unique to Germany,0.2
Germany,Germany,14,111574,False,0.0,0.0,unique to Germany,0.03333333333333338
Germany,Germany,14,119869,False,0.0,0.0,unique to Germany,0.2
Germany,Germany,14,130471,False,0.0,0.0,unique to Germany,0.03333333333333338
Germany,Germany,14,131742,False,0.0,0.0,unique to Germany,0.13333333333333336
Germany,Germany,14,150878,False,0.0,0.0,unique to Germany,0.3
Germany,Germany,14,154187,False,0.0,0.0,shared with Berlin,0.03333333333333338
Germany,Germany,14,156353,False,0.0,0.0,unique to Germany,0.03333333333333338
Germany,Germany,14,162378,False,0.0,0.0,unique to Germany,0.3
Germany,Germany,15,8658,False,0.0,0.0,unique to Germany,0.13333333333333336
Germany,Germany,15,41343,False,0.0,0.0,unique to Germany,0.03333333333333338
Germany,Germany,15,43381,False,0.0,0.0,unique to Germany,0.03333333333333338
Germany,Germany,15,51381,False,0.0,0.0,unique to Germany,0.13333333333333336
Germany,Germany,15,104728,False,0.0,0.0,unique to Germany,0.16666666666666674
Germany,Germany,15,110691,False,0.0,0.0,unique to Germany,0.03333333333333338
Germany,Germany,15,125007,False,0.0,0.0,unique to Germany,0.2
Germany,Germany,15,126841,False,0.0,0.0,unique to Germany,0.5
Germany,Germany,15,127742,False,0.0,0.0,unique to Germany,0.03333333333333338
Germany,Germany,15,139744,False,0.0,0.0,unique to Germany,0.06666666666666676
Germany,Germany,16,11104,False,0.0,0.0,unique to Germany,0.2
Germany,Germany,16,22822,False,0.0,0.0,unique to Germany,0.06666666666666676
Germany,Germany,16,30610,False,0.0,0.0,unique to Germany,0.2333333333333335
Germany,Germany,16,32597,False,0.0,0.0,unique to Germany,0.2
Germany,Germany,16,56854,False,0.0,0.0,unique to Germany,0.2
Germany,Germany,16,58460,False,0.0,0.0,unique to Germany,0.2
Germany,Germany,16,65332,False,0.0,0.0,unique to Germany,0.13333333333333336
Germany,Germany,16,83053,False,0.0,0.0,unique to Germany,0.16666666666666674
Germany,Germany,16,88530,False,0.0,0.0,unique to Germany,0.4
Germany,Germany,16,96026,False,0.0,0.0,unique to Germany,0.03333333333333338
Germany,Germany,16,98882,False,0.0,0.0,unique to Germany,0.13333333333333336
Germany,Germany,16,121560,False,0.0,0.0,unique to Germany,0.13333333333333336
Germany,Germany,16,126688,False,0.0,0.0,unique to Germany,0.03333333333333338
Germany,Germany,16,145588,False,0.0,0.0,unique to Germany,0.06666666666666676
Germany,Germany,16,153553,False,0.0,0.0,unique to Germany,0.2333333333333334
Germany,Germany,17,3582,False,0.0,0.0,unique to Germany,0.6
Germany,Germany,17,44147,False,0.0,0.0,unique to Germany,0.13333333333333353
Germany,Germany,17,48028,False,0.0,0.0,unique to Germany,0.06666666666666676
Germany,Germany,17,63089,False,0.0,0.0,unique to Germany,0.2
Germany,Germany,17,80134,False,0.0,0.0,unique to Germany,0.13333333333333336
Germany,Germany,17,90347,False,0.0,0.0,unique to Germany,0.03333333333333338
Germany,Germany,17,160677,False,0.0,0.0,unique to Germany,0.2
Germany,Germany,18,64894,False,0.0,0.0,unique to Germany,0.2
Germany,Germany,18,93102,False,0.0,0.0,unique to Germany,0.3
Germany,Germany,18,118228,False,0.0,0.0,unique to Germany,0.06666666666666676
Germany,Germany,19,10133,False,0.0,0.0,unique to Germany,0.06666666666666676
Germany,Germany,19,13118,False,0.0,0.0,unique to Germany,0.2
Germany,Germany,19,43260,False,0.0,0.0,unique to Germany,0.03333333333333338
Germany,Germany,19,63012,False,0.0,0.0,unique to Germany,0.2666666666666667
Germany,Germany,19,132843,False,0.0,0.0,unique to Germany,0.13333333333333336
Germany,Germany,19,148887,False,0.0,0.0,unique to Germany,0.2
Germany,Germany,20,1548,False,0.0,0.0,unique to Germany,0.03333333333333338
Germany,Germany,20,12419,False,0.0,0.0,unique to Germany,0.2333333333333335
Germany,Germany,20,83986,False,0.0,0.0,unique to Germany,0.10000000000000003
Germany,Germany,20,100658,False,0.0,0.0,unique to Germany,0.3000000000000001
Germany,Germany,20,118132,False,0.0,0.0,unique to Germany,0.2
Germany,Germany,20,120321,False,0.0,0.0,unique to Germany,0.2
Germany,Germany,20,150811,False,0.0,0.0,unique to Germany,0.03333333333333338
Germany,Germany,20,155146,False,0.0,0.0,shared with Berlin,0.2
Germany,Germany,21,22443,False,0.0,0.0,shared with Berlin,0.2
Germany,Germany,21,30268,False,0.0,0.0,unique to Germany,0.2
Germany,Germany,21,44657,False,0.0,0.0,unique to Germany,0.03333333333333338
Germany,Germany,21,74492,False,0.0,0.0,unique to Germany,0.2
Germany,Germany,21,109878,False,0.0,0.0,unique to Germany,0.13333333333333336
Germany,Germany,21,136668,False,0.0,0.0,unique to Germany,0.2666666666666667
Germany,Germany,21,140748,False,0.0,0.0,unique to Germany,0.43333333333333335
Germany,Germany,22,13033,False,0.0,0.0,unique to Germany,0.2
Germany,Germany,22,21382,False,0.0,0.0,unique to Germany,0.2
Germany,Germany,22,24182,False,0.0,0.0,unique to Germany,0.03333333333333338
Germany,Germany,22,38365,False,0.0,0.0,shared with Berlin,0.4000000000000001
Germany,Germany,22,47602,False,0.0,0.0,unique to Germany,0.8
Germany,Germany,22,74666,True,46.622127532958984,46.62213897705078,shared with Berlin,0.8333333333333334
Germany,Germany,22,106347,False,0.0,0.0,shared with Berlin,0.2
Germany,Germany,22,134213,False,0.0,0.0,unique to Germany,0.2
Germany,Germany,22,158576,False,0.0,0.0,unique to Germany,0.06666666666666676
Germany,Germany,23,6452,False,0.0,0.0,unique to Germany,0.13333333333333336
Germany,Germany,23,42951,False,0.0,0.0,unique to Germany,0.16666666666666674
Germany,Germany,23,105218,False,0.0,0.0,unique to Germany,0.16666666666666674
Germany,Germany,23,106820,False,0.0,0.0,shared with Berlin,0.6666666666666667
Germany,Germany,23,133099,False,0.0,0.0,unique to Germany,0.2
Germany,Germany,23,144162,False,0.0,0.0,shared with Berlin,0.9
Germany,Germany,23,146233,False,0.0,0.0,unique to Germany,0.16666666666666674
Germany,Germany,24,9840,False,0.0,0.0,unique to Germany,0.2
Germany,Germany,24,10383,False,0.0,0.0,unique to Germany,0.3
Germany,Germany,24,39495,False,0.0,0.0,shared with Berlin,0.8333333333333334
Germany,Germany,24,64220,False,0.0,0.0,unique to Germany,0.2
Germany,Germany,24,73908,False,0.0,0.0,shared with Berlin,0.4
Germany,Germany,24,124388,False,0.0,0.0,unique to Germany,0.4000000000000001
Germany,Germany,24,141184,False,0.0,0.0,unique to Germany,0.03333333333333344
Germany,Germany,24,143239,False,0.0,0.0,unique to Germany,0.2
Germany,Germany,25,10288,False,0.0,0.0,unique to Germany,0.3
Germany,Germany,25,29740,False,0.0,0.0,unique to Germany,0.3333333333333335
Germany,Germany,25,40466,False,0.0,0.0,shared with Berlin,0.7
Germany,Germany,25,43416,False,0.0,0.0,unique to Germany,0.03333333333333338
Germany,Germany,25,46793,False,0.0,0.0,unique to Germany,0.6333333333333334
Germany,Germany,26,3994,False,0.0,0.0,unique to Germany,0.5
Germany,Germany,26,26970,False,0.0,0.0,unique to Germany,0.03333333333333338
Germany,Germany,26,49427,False,0.0,0.0,unique to Germany,0.2
Germany,Germany,26,57289,False,0.0,0.0,unique to Germany,0.3
Germany,Germany,26,75059,False,0.0,0.0,shared with Berlin,0.3
Germany,Germany,26,78201,False,0.0,0.0,shared with Berlin,0.6666666666666667
Germany,Germany,26,81034,False,0.0,0.0,unique to Germany,0.13333333333333336
Germany,Germany,26,129482,False,0.0,0.0,unique to Germany,0.5333333333333333
Germany,Germany,27,4655,False,0.0,0.0,unique to Germany,0.16666666666666674
Germany,Germany,27,86525,False,0.0,0.0,shared with Berlin,0.8
