group,layer,feature,rank_in_layer,score,positive_rate,background_rate,n_active_facts,heldout_last_token_rate,rate_Tokyo,mean_act_Tokyo,rate_Japan,mean_act_Japan,rate_Berlin,mean_act_Berlin,rate_Germany,mean_act_Germany,background_rate_unweighted
Tokyo,1,125932,1,0.47222222222222215,0.5555555555555555,0.08333333333333331,5,0.0,0.5555555555555555,0.0038923215276251235,0.0,0.0,0.0,0.0,0.0,0.0,0.024096385542168676
Tokyo,1,71951,2,0.2698412698412699,0.5972222222222222,0.32738095238095233,6,0.3333333333333333,0.5972222222222222,0.20318436374266943,0.0,0.0,0.125,0.009834282100200653,0.0,0.0,0.13253012048192772
Tokyo,1,66729,3,0.055555555555555566,0.15277777777777776,0.0972222222222222,3,0.0,0.15277777777777776,0.0003809874825593498,0.0,0.0,0.0,0.0,0.0,0.0,0.03614457831325301
Japan,1,83748,1,0.3350694444444444,0.34375,0.008680555555555554,6,nan,0.0,0.0,0.34375,0.0016102066147141159,0.0,0.0,0.0,0.0,0.012048192771084338
Japan,1,69173,2,0.25,0.53125,0.28125,9,nan,0.0,0.0,0.53125,0.0028795715770684183,0.0,0.0,0.8,0.006071478314697743,0.024096385542168676
Japan,1,122637,3,0.125,0.125,0.0,2,nan,0.0,0.0,0.125,0.0019255471415817738,0.0,0.0,0.1,0.0031580552458763123,0.0
Japan,1,139412,4,0.078125,0.10416666666666666,0.026041666666666664,2,nan,0.0,0.0,0.10416666666666666,0.0009491344486984113,0.0,0.0,0.0,0.0,0.03614457831325301
Japan,1,143999,5,0.034722222222222224,0.05208333333333333,0.01736111111111111,2,nan,0.0,0.0,0.05208333333333333,0.0011871923149252932,0.0,0.0,0.0,0.0,0.024096385542168676
Japan,1,137166,6,0.03125,0.08333333333333333,0.05208333333333333,2,nan,0.0,0.0,0.08333333333333333,0.0010158894583582878,0.0,0.0,0.1,0.00029268302023410797,0.07228915662650602
Japan,1,161467,7,0.026041666666666664,0.05208333333333333,0.026041666666666664,2,nan,0.0,0.0,0.05208333333333333,0.0002498857599372665,0.0,0.0,0.0,0.0,0.03614457831325301
Japan,1,58135,8,0.017361111111111112,0.05208333333333333,0.03472222222222222,2,nan,0.0,0.0,0.05208333333333333,0.006547048377494017,0.0,0.0,0.0,0.0,0.04819277108433735
Japan,1,65935,9,0.01215277777777779,0.8645833333333334,0.8524305555555556,15,nan,0.0,0.0,0.8645833333333334,0.2915225761632125,0.0,0.0,1.0,0.3078835248947144,0.08433734939759036
Japan,1,76663,10,0.01215277777777779,0.8645833333333334,0.8524305555555556,15,nan,0.0,0.0,0.8645833333333334,0.06671718872773151,0.0,0.0,1.0,0.07888550758361816,0.08433734939759036
Germany,1,69173,1,0.4666666666666668,0.8,0.33333333333333326,8,nan,0.0,0.0,0.53125,0.0028795715770684183,0.0,0.0,0.8,0.006071478314697743,0.024096385542168676
Germany,1,110636,2,0.16666666666666674,0.5,0.33333333333333326,5,nan,0.0,0.0,0.09375,4.333602920958413e-12,0.0,0.0,0.5,1.199484955805019e-10,0.060240963855421686
Tokyo,2,146023,1,0.18981481481481483,0.6388888888888888,0.449074074074074,5,0.3333333333333333,0.6388888888888888,0.2297208495438099,0.0625,0.000666540116071701,0.0,0.0,0.0,0.0,0.1686746987951807
Tokyo,2,158641,2,0.17592592592592593,0.5138888888888888,0.3379629629629629,4,0.0,0.5138888888888888,0.008154577213442987,0.0,0.0,0.125,0.001523763407021761,0.0,0.0,0.10843373493975904
Tokyo,2,81480,3,0.15277777777777776,0.15277777777777776,0.0,3,0.0,0.15277777777777776,0.0010800086375739838,0.0,0.0,0.0,0.0,0.0,0.0,0.0
Tokyo,2,39720,4,0.1435185185185186,0.75,0.6064814814814814,5,0.0,0.75,0.027350272051990032,0.0,0.0,0.375,0.007389366626739502,0.0,0.0,0.20481927710843373
Tokyo,2,104408,5,0.12500000000000003,0.20833333333333334,0.08333333333333331,2,0.0,0.20833333333333334,0.004913040126363437,0.0,0.0,0.125,0.0064199212938547134,0.0,0.0,0.024096385542168676
Tokyo,2,122612,6,0.1111111111111111,0.5138888888888888,0.40277777777777773,4,0.0,0.5138888888888888,0.3522610250446532,0.9479166666666666,0.4787936431045334,0.0,0.0,0.8,0.49023938179016113,0.3373493975903614
Tokyo,2,65894,7,0.09722222222222221,0.09722222222222221,0.0,2,0.0,0.09722222222222221,0.00044999478591812984,0.05208333333333333,0.005578978918492794,0.0,0.0,0.0,0.0,0.08433734939759036
Tokyo,2,150479,8,0.08333333333333336,0.20833333333333334,0.12499999999999999,2,0.0,0.20833333333333334,0.050163619220256805,0.0,0.0,0.0,0.0,0.0,0.0,0.03614457831325301
Tokyo,2,96109,9,0.06944444444444448,0.3055555555555555,0.23611111111111105,3,0.0,0.3055555555555555,0.006047074476050007,0.0,0.0,0.0,0.0,0.0,0.0,0.08433734939759036
Japan,2,54888,1,0.515625,0.7083333333333334,0.19270833333333331,13,nan,0.0,0.0,0.7083333333333334,0.010274492437019944,0.0,0.0,0.4,0.003526199609041214,0.08433734939759036
Japan,2,43019,2,0.33333333333333337,0.5,0.16666666666666666,9,nan,0.0,0.0,0.5,0.010873546591028571,0.0,0.0,0.2,0.0026335354894399645,0.04819277108433735
Japan,2,25919,3,0.3142361111111111,0.4895833333333333,0.1753472222222222,9,nan,0.0,0.0,0.4895833333333333,0.004741037031635642,0.0,0.0,0.1,0.0007271949201822281,0.060240963855421686
Japan,2,47580,4,0.3125,0.6979166666666666,0.38541666666666663,12,nan,0.0,0.0,0.6979166666666666,0.011984960408881307,0.0,0.0,0.3,0.003503056988120079,0.1686746987951807
Japan,2,155687,5,0.31076388888888884,0.5208333333333333,0.21006944444444442,10,nan,0.0,0.0,0.5208333333333333,0.00578894962867101,0.0,0.0,0.1,0.001491500809788704,0.10843373493975904
Japan,2,36597,6,0.296875,0.4375,0.140625,7,nan,0.0,0.0,0.4375,0.007982532260939479,0.0,0.0,0.3,0.0020208224654197694,0.012048192771084338
Japan,2,93713,7,0.296875,0.4375,0.140625,8,nan,0.0,0.0,0.4375,0.009024202590808272,0.0,0.0,0.6,0.009451689198613167,0.012048192771084338
Japan,2,149103,8,0.28125,0.28125,0.0,5,nan,0.0,0.0,0.28125,0.005019510630518198,0.0,0.0,0.1,2.470947802066803e-05,0.0
Japan,2,119256,9,0.2638888888888889,0.28125,0.01736111111111111,5,nan,0.0,0.0,0.28125,0.0015432584332302213,0.0,0.0,0.0,0.0,0.024096385542168676
Japan,2,9991,10,0.25,0.25,0.0,4,nan,0.0,0.0,0.25,0.0034037543227896094,0.0,0.0,0.4,0.0020118597894906998,0.0
Japan,2,102472,11,0.21006944444444445,0.21875,0.008680555555555554,4,nan,0.0,0.0,0.21875,0.005377711029723287,0.0,0.0,0.0,0.0,0.012048192771084338
Japan,2,91615,12,0.203125,0.34375,0.140625,6,nan,0.0,0.0,0.34375,1.360567658537093e-08,0.0,0.0,0.2,3.844489526727557e-09,0.012048192771084338
Japan,2,1665,13,0.15625,0.15625,0.0,3,nan,0.0,0.0,0.15625,0.0018421744462102652,0.0,0.0,0.0,0.0,0.0
Japan,2,32804,14,0.15625,0.15625,0.0,3,nan,0.0,0.0,0.15625,0.001705526141449809,0.0,0.0,0.1,2.051033079624176e-05,0.0
Japan,2,67115,15,0.15625,0.15625,0.0,3,nan,0.0,0.0,0.15625,0.0009805412264540792,0.0,0.0,0.0,0.0,0.0
Japan,2,116318,16,0.15625,0.15625,0.0,3,nan,0.0,0.0,0.15625,0.00034732511267066,0.0,0.0,0.0,0.0,0.0
Japan,2,138065,17,0.15625,0.15625,0.0,3,nan,0.0,0.0,0.15625,0.004159391392022371,0.0,0.0,0.0,0.0,0.0
Japan,2,5834,18,0.14756944444444445,0.15625,0.008680555555555554,3,nan,0.0,0.0,0.15625,0.007279647514224052,0.0,0.0,0.1,0.005342952907085419,0.012048192771084338
Japan,2,122612,19,0.1406249999999999,0.9479166666666666,0.8072916666666667,16,nan,0.5138888888888888,0.3522610250446532,0.9479166666666666,0.4787936431045334,0.0,0.0,0.8,0.49023938179016113,0.3373493975903614
Japan,2,45978,20,0.140625,0.84375,0.703125,14,nan,0.0,0.0,0.84375,0.01996271824464202,0.0,0.0,0.9,0.02549685500562191,0.060240963855421686
Japan,2,156688,21,0.140625,0.28125,0.140625,5,nan,0.0,0.0,0.28125,0.0060203352477401495,0.0,0.0,0.1,0.0019465386867523193,0.012048192771084338
Japan,2,107006,22,0.1388888888888889,0.15625,0.01736111111111111,3,nan,0.0,0.0,0.15625,0.0008976186509244144,0.0,0.0,0.3,0.0005641959607601166,0.024096385542168676
Japan,2,131921,23,0.125,0.17708333333333334,0.05208333333333333,4,nan,0.0,0.0,0.17708333333333334,0.018751364511748154,0.0,0.0,0.1,0.003311386704444885,0.07228915662650602
Japan,2,48511,24,0.125,0.125,0.0,2,nan,0.0,0.0,0.125,0.0037629050202667713,0.0,0.0,0.1,0.0004999160766601563,0.0
Japan,2,49408,25,0.125,0.125,0.0,2,nan,0.0,0.0,0.125,0.0007603740086778998,0.0,0.0,0.2,0.0030561361461877825,0.0
Japan,2,93992,26,0.125,0.125,0.0,2,nan,0.0,0.0,0.125,0.00035935151390731335,0.0,0.0,0.0,0.0,0.0
Japan,2,85854,27,0.1232638888888889,0.28125,0.1579861111111111,5,nan,0.0,0.0,0.28125,0.0048899659886956215,0.0,0.0,0.0,0.0,0.03614457831325301
Japan,2,142509,28,0.09722222222222222,0.11458333333333333,0.01736111111111111,3,nan,0.0,0.0,0.11458333333333333,0.0005474010637650887,0.0,0.0,0.0,0.0,0.024096385542168676
Japan,2,6550,29,0.09374999999999999,0.14583333333333331,0.05208333333333333,3,nan,0.0,0.0,0.14583333333333331,0.0016992746386677027,0.0,0.0,0.0,0.0,0.07228915662650602
Japan,2,91548,30,0.09374999999999999,0.14583333333333331,0.05208333333333333,4,nan,0.0,0.0,0.14583333333333331,0.0008111870265565813,0.0,0.0,0.0,0.0,0.07228915662650602
Japan,2,30754,31,0.09375,0.09375,0.0,2,nan,0.0,0.0,0.09375,0.0008906723232939839,0.0,0.0,0.1,0.0004464838653802872,0.0
Japan,2,57259,32,0.09375,0.09375,0.0,2,nan,0.0,0.0,0.09375,0.0033001673873513937,0.0,0.0,0.0,0.0,0.0
Japan,2,125328,33,0.08506944444444445,0.09375,0.008680555555555554,2,nan,0.0,0.0,0.09375,0.0019351241644471884,0.0,0.0,0.1,0.005266362428665161,0.012048192771084338
Japan,2,61660,34,0.0625,0.34375,0.28125,6,nan,0.0,0.0,0.34375,0.006279657478444278,0.0,0.0,0.5,0.0031592147424817085,0.024096385542168676
Japan,2,81223,35,0.06076388888888889,0.10416666666666666,0.04340277777777777,2,nan,0.0,0.0,0.10416666666666666,0.002442454065506657,0.0,0.0,0.0,0.0,0.060240963855421686
Japan,2,96333,36,0.048611111111111105,0.13541666666666666,0.08680555555555555,3,nan,0.0,0.0,0.13541666666666666,0.0018770496438567836,0.0,0.0,0.0,0.0,0.12048192771084337
Japan,2,11041,37,0.03993055555555556,0.08333333333333333,0.04340277777777777,3,nan,0.0,0.0,0.08333333333333333,0.0017487948838000496,0.0,0.0,0.1,0.0005176540464162827,0.060240963855421686
Japan,2,82493,38,0.03819444444444445,0.1875,0.14930555555555555,3,nan,0.0,0.0,0.1875,0.0031078411266207695,0.0,0.0,0.3,0.0013902094215154648,0.024096385542168676
Japan,2,66063,39,0.03472222222222224,0.21875,0.18402777777777776,4,nan,0.0,0.0,0.21875,0.0015230277786031365,0.0,0.0,0.1,6.561316549777985e-05,0.07228915662650602
Japan,2,99056,40,0.03125,0.13541666666666666,0.10416666666666666,3,nan,0.0,0.0,0.13541666666666666,0.00284554366953671,0.0,0.0,0.0,0.0,0.14457831325301204
Japan,2,130672,41,0.03125,0.13541666666666666,0.10416666666666666,3,nan,0.0,0.0,0.13541666666666666,0.005549065535888076,0.0,0.0,0.0,0.0,0.14457831325301204
Japan,2,109316,42,0.03125,0.08333333333333333,0.05208333333333333,2,nan,0.0,0.0,0.08333333333333333,0.0008590426101970177,0.0,0.0,0.0,0.0,0.07228915662650602
Japan,2,91468,43,0.026041666666666664,0.05208333333333333,0.026041666666666664,2,nan,0.0,0.0,0.05208333333333333,0.0004132896816978852,0.0,0.0,0.0,0.0,0.03614457831325301
Japan,2,119494,44,0.026041666666666664,0.05208333333333333,0.026041666666666664,2,nan,0.0,0.0,0.05208333333333333,0.0021361769177019596,0.0,0.0,0.0,0.0,0.03614457831325301
Japan,2,123455,45,0.026041666666666664,0.05208333333333333,0.026041666666666664,2,nan,0.0,0.0,0.05208333333333333,0.0011283078541358311,0.0,0.0,0.0,0.0,0.03614457831325301
Japan,2,40057,46,0.02083333333333333,0.07291666666666666,0.05208333333333333,2,nan,0.0,0.0,0.07291666666666666,0.0005136683272818725,0.0,0.0,0.0,0.0,0.07228915662650602
Japan,2,1962,47,0.017361111111111112,0.05208333333333333,0.03472222222222222,2,nan,0.0,0.0,0.05208333333333333,0.002293905126862228,0.0,0.0,0.1,0.0016278382390737534,0.04819277108433735
Japan,2,98426,48,0.017361111111111112,0.05208333333333333,0.03472222222222222,2,nan,0.0,0.0,0.05208333333333333,0.00027032910535732907,0.0,0.0,0.0,0.0,0.04819277108433735
Japan,2,114415,49,0.017361111111111112,0.05208333333333333,0.03472222222222222,2,nan,0.0,0.0,0.05208333333333333,0.001596978516317904,0.0,0.0,0.0,0.0,0.04819277108433735
Japan,2,8811,50,0.008680555555555552,0.05208333333333333,0.043402777777777776,2,nan,0.0,0.0,0.05208333333333333,0.00413271551951766,0.0,0.0,0.0,0.0,0.060240963855421686
Japan,2,88218,51,0.008680555555555552,0.05208333333333333,0.043402777777777776,2,nan,0.0,0.0,0.05208333333333333,0.00048221927136182785,0.0,0.0,0.0,0.0,0.060240963855421686
Japan,2,161870,52,0.00868055555555556,0.05208333333333333,0.04340277777777777,2,nan,0.0,0.0,0.05208333333333333,0.0012961778944979112,0.0,0.0,0.0,0.0,0.060240963855421686
Japan,2,69745,53,0.005208333333333329,0.08333333333333333,0.078125,2,nan,0.0,0.0,0.08333333333333333,0.0010440173791721463,0.0,0.0,0.0,0.0,0.10843373493975904
Germany,2,93713,1,0.43333333333333335,0.6,0.16666666666666663,6,nan,0.0,0.0,0.4375,0.009024202590808272,0.0,0.0,0.6,0.009451689198613167,0.012048192771084338
Germany,2,9991,2,0.4,0.4,0.0,4,nan,0.0,0.0,0.25,0.0034037543227896094,0.0,0.0,0.4,0.0020118597894906998,0.0
Germany,2,107006,3,0.3,0.3,0.0,3,nan,0.0,0.0,0.15625,0.0008976186509244144,0.0,0.0,0.3,0.0005641959607601166,0.024096385542168676
Germany,2,54888,4,0.2333333333333334,0.4,0.16666666666666663,4,nan,0.0,0.0,0.7083333333333334,0.010274492437019944,0.0,0.0,0.4,0.003526199609041214,0.08433734939759036
Germany,2,49408,5,0.2,0.2,0.0,2,nan,0.0,0.0,0.125,0.0007603740086778998,0.0,0.0,0.2,0.0030561361461877825,0.0
Germany,2,98380,6,0.2,0.2,0.0,2,nan,0.0,0.0,0.05208333333333333,0.00025118840858340263,0.0,0.0,0.2,0.001084340363740921,0.07228915662650602
Germany,2,61660,7,0.16666666666666674,0.5,0.33333333333333326,5,nan,0.0,0.0,0.34375,0.006279657478444278,0.0,0.0,0.5,0.0031592147424817085,0.024096385542168676
Germany,2,36597,8,0.13333333333333336,0.3,0.16666666666666663,3,nan,0.0,0.0,0.4375,0.007982532260939479,0.0,0.0,0.3,0.0020208224654197694,0.012048192771084338
Germany,2,82493,9,0.13333333333333336,0.3,0.16666666666666663,3,nan,0.0,0.0,0.1875,0.0031078411266207695,0.0,0.0,0.3,0.0013902094215154648,0.024096385542168676
Germany,2,94642,10,0.10000000000000003,0.6,0.49999999999999994,6,nan,0.0,0.0,0.40625,0.004796432564035058,0.0,0.0,0.6,0.006246185302734375,0.060240963855421686
Germany,2,45978,11,0.06666666666666676,0.9,0.8333333333333333,9,nan,0.0,0.0,0.84375,0.01996271824464202,0.0,0.0,0.9,0.02549685500562191,0.060240963855421686
Germany,2,43019,12,0.03333333333333338,0.2,0.16666666666666663,2,nan,0.0,0.0,0.5,0.010873546591028571,0.0,0.0,0.2,0.0026335354894399645,0.04819277108433735
Germany,2,91615,13,0.03333333333333338,0.2,0.16666666666666663,2,nan,0.0,0.0,0.34375,1.360567658537093e-08,0.0,0.0,0.2,3.844489526727557e-09,0.012048192771084338
Tokyo,3,122002,1,0.2777777777777778,0.47222222222222215,0.1944444444444444,4,0.0,0.47222222222222215,0.007782981989698279,0.0,0.0,0.0,0.0,0.0,0.0,0.07228915662650602
Tokyo,3,11081,2,0.2506613756613757,0.6388888888888888,0.38822751322751314,6,0.3333333333333333,0.6388888888888888,0.3160404455330637,0.0,0.0,0.25,0.022387772798538208,0.0,0.0,0.14457831325301204
Tokyo,3,1960,3,0.2314814814814814,0.5555555555555555,0.32407407407407407,5,0.0,0.5555555555555555,0.3176482977966468,0.46875,0.0710109667852521,0.0,0.0,0.7,0.13956065475940704,0.18072289156626506
Tokyo,3,63954,4,0.09722222222222221,0.09722222222222221,0.0,2,0.0,0.09722222222222221,0.005113129607505268,0.0,0.0,0.0,0.0,0.0,0.0,0.0
Japan,3,11820,1,0.24131944444444445,0.25,0.008680555555555554,4,nan,0.25,0.08395529786745708,0.25,0.02631356008350849,0.16666666666666666,0.06921171148618062,0.1,0.01197546124458313,0.25301204819277107
Japan,3,119350,2,0.234375,0.375,0.140625,6,nan,0.0,0.0,0.375,0.01160101080313325,0.0,0.0,0.3,0.008037389442324638,0.012048192771084338
Japan,3,91864,3,0.2013888888888889,0.21875,0.01736111111111111,4,nan,0.0,0.0,0.21875,0.0036668519023805857,0.0,0.0,0.1,0.0031430602073669435,0.024096385542168676
Japan,3,53359,4,0.13368055555555552,0.4583333333333333,0.3246527777777778,9,nan,0.0,0.0,0.4583333333333333,0.010369344536835948,0.0,0.0,0.0,0.0,0.08433734939759036
Japan,3,70746,5,0.125,0.125,0.0,2,nan,0.0,0.0,0.125,0.0009850738570094109,0.0,0.0,0.1,0.004257518798112869,0.0
Japan,3,19955,6,0.12152777777777782,0.3229166666666667,0.20138888888888887,6,nan,0.0,0.0,0.3229166666666667,0.004003943409770727,0.0,0.0,0.0,0.0,0.0963855421686747
Japan,3,36246,7,0.0920138888888889,0.53125,0.4392361111111111,9,nan,0.0,0.0,0.53125,0.00871264620218426,0.0,0.0,0.6,0.005097419023513794,0.060240963855421686
Japan,3,139624,8,0.050347222222222265,0.2604166666666667,0.21006944444444442,5,nan,0.0,0.0,0.2604166666666667,0.00396344061785688,0.0,0.0,0.0,0.0,0.10843373493975904
Japan,3,92147,9,0.045138888888888895,0.11458333333333333,0.06944444444444443,3,nan,0.0,0.0,0.11458333333333333,0.0008686642007281382,0.0,0.0,0.1,0.0012302715331315994,0.0963855421686747
Japan,3,133616,10,0.03125,0.08333333333333333,0.05208333333333333,2,nan,0.0,0.0,0.08333333333333333,0.002538953286906083,0.0,0.0,0.0,0.0,0.07228915662650602
Japan,3,1960,11,0.029513888888888895,0.46875,0.4392361111111111,8,nan,0.5555555555555555,0.3176482977966468,0.46875,0.0710109667852521,0.0,0.0,0.7,0.13956065475940704,0.18072289156626506
Japan,3,22667,12,0.017361111111111112,0.05208333333333333,0.03472222222222222,2,nan,0.0,0.0,0.05208333333333333,0.0043238129777212935,0.0,0.0,0.0,0.0,0.04819277108433735
Japan,3,155659,13,0.015625,0.15625,0.140625,3,nan,0.0,0.0,0.15625,0.020602657459676266,0.0,0.0,0.1,0.0029339365661144256,0.012048192771084338
Japan,3,41567,14,0.0034722222222222238,0.07291666666666666,0.06944444444444443,2,nan,0.0,0.0,0.07291666666666666,0.0024154883188505965,0.0,0.0,0.0,0.0,0.0963855421686747
Berlin,3,122823,1,0.0625,0.5416666666666666,0.47916666666666663,2,0.5,0.375,0.10800247980902593,0.9479166666666666,0.7503321624050537,0.5416666666666666,0.11024113806585471,1.0,0.8520005285739899,0.5662650602409639
Germany,3,110742,1,0.4666666666666668,0.8,0.33333333333333326,8,nan,0.0,0.0,0.125,0.0019174485933035612,0.0,0.0,0.8,0.021708765625953676,0.04819277108433735
Germany,3,1960,2,0.2,0.7,0.49999999999999994,7,nan,0.5555555555555555,0.3176482977966468,0.46875,0.0710109667852521,0.0,0.0,0.7,0.13956065475940704,0.18072289156626506
Germany,3,119350,3,0.13333333333333336,0.3,0.16666666666666663,3,nan,0.0,0.0,0.375,0.01160101080313325,0.0,0.0,0.3,0.008037389442324638,0.012048192771084338
Germany,3,36246,4,0.10000000000000003,0.6,0.49999999999999994,6,nan,0.0,0.0,0.53125,0.00871264620218426,0.0,0.0,0.6,0.005097419023513794,0.060240963855421686
Germany,3,40263,5,0.06666666666666676,0.4,0.33333333333333326,4,nan,0.0,0.0,0.1875,0.00420413026586175,0.0,0.0,0.4,0.003791823983192444,0.03614457831325301
Tokyo,4,32282,1,0.21759259259259262,0.25,0.0324074074074074,2,0.0,0.25,0.001543814626832803,0.0,0.0,0.0,0.0,0.0,0.0,0.012048192771084338
Tokyo,4,15369,2,0.18981481481481477,0.5138888888888888,0.32407407407407407,4,0.0,0.5138888888888888,0.43033592982424634,0.8333333333333334,0.7688668270905813,0.0,0.0,0.8,0.7816447734832763,0.25301204819277107
Tokyo,4,106600,3,0.17592592592592593,0.3055555555555555,0.1296296296296296,3,0.0,0.3055555555555555,0.028793624498777915,0.8645833333333334,0.07276279184346397,0.0,0.0,0.8,0.07462309747934341,0.10843373493975904
Tokyo,4,6032,4,0.16666666666666669,0.20833333333333334,0.04166666666666666,2,0.0,0.20833333333333334,0.001521441387012601,0.0,0.0,0.0,0.0,0.0,0.0,0.012048192771084338
Tokyo,4,32774,5,0.12962962962962962,0.19444444444444442,0.0648148148148148,2,0.0,0.19444444444444442,0.0018831153089801471,0.0,0.0,0.0,0.0,0.0,0.0,0.024096385542168676
Tokyo,4,112666,6,0.1111111111111111,0.1111111111111111,0.0,2,0.0,0.1111111111111111,0.000761255207988951,0.0,0.0,0.0,0.0,0.0,0.0,0.0
Tokyo,4,76115,7,0.03703703703703709,0.5416666666666666,0.5046296296296295,6,0.0,0.5416666666666666,0.217800406118234,0.9479166666666666,1.4255567515889804,0.5416666666666666,0.29199808463454247,1.0,1.84742728471756,0.4578313253012048
Tokyo,4,109369,8,0.027116402116402122,0.16666666666666666,0.13955026455026454,2,0.0,0.16666666666666666,0.0016443454143073826,0.0,0.0,0.16666666666666666,0.0010440157105525334,0.0,0.0,0.10843373493975904
Japan,4,138354,1,0.53125,0.53125,0.0,9,nan,0.0,0.0,0.53125,0.005518263555131853,0.0,0.0,0.0,0.0,0.0
Japan,4,106600,2,0.42534722222222227,0.8645833333333334,0.4392361111111111,15,nan,0.3055555555555555,0.028793624498777915,0.8645833333333334,0.07276279184346397,0.0,0.0,0.8,0.07462309747934341,0.10843373493975904
Japan,4,12531,3,0.359375,0.5,0.140625,8,nan,0.0,0.0,0.5,0.003847883199341595,0.0,0.0,0.1,0.0003782035782933235,0.012048192771084338
Japan,4,133501,4,0.3333333333333333,0.3333333333333333,0.0,6,nan,0.08333333333333333,0.07422571380933125,0.3333333333333333,0.157482930769523,0.0,0.0,0.0,0.0,0.0
Japan,4,95492,5,0.25,0.25,0.0,4,nan,0.0,0.0,0.25,0.030076222494244576,0.0,0.0,0.1,0.027352160215377806,0.0
Japan,4,109153,6,0.14756944444444445,0.15625,0.008680555555555554,3,nan,0.0,0.0,0.15625,0.0022760358406230807,0.0,0.0,0.0,0.0,0.012048192771084338
Japan,4,19533,7,0.140625,0.28125,0.140625,5,nan,0.0,0.0,0.28125,0.004489258164539933,0.0,0.0,0.1,0.0023514743894338607,0.012048192771084338
Japan,4,4010,8,0.125,0.125,0.0,2,nan,0.0,0.0,0.125,0.0034401630982756615,0.0,0.0,0.0,0.0,0.0
Japan,4,115486,9,0.125,0.125,0.0,2,nan,0.0,0.0,0.125,0.0011348908301442862,0.0,0.0,0.0,0.0,0.0
Japan,4,125529,10,0.125,0.125,0.0,2,nan,0.0,0.0,0.125,0.0012024113675579429,0.0,0.0,0.0,0.0,0.0
Japan,4,44726,11,0.11284722222222221,0.2708333333333333,0.1579861111111111,5,nan,0.0,0.0,0.2708333333333333,0.0014190549263730645,0.0,0.0,0.0,0.0,0.03614457831325301
Japan,4,25591,12,0.1076388888888889,0.125,0.01736111111111111,2,nan,0.0,0.0,0.125,0.0020874933106824756,0.0,0.0,0.0,0.0,0.024096385542168676
Japan,4,27978,13,0.09375,0.65625,0.5625,11,nan,0.0,0.0,0.65625,0.015205422881990671,0.0,0.0,0.6,0.008632887713611126,0.04819277108433735
Japan,4,15369,14,0.078125,0.8333333333333334,0.7552083333333334,15,nan,0.5138888888888888,0.43033592982424634,0.8333333333333334,0.7688668270905813,0.0,0.0,0.8,0.7816447734832763,0.25301204819277107
Japan,4,144311,15,0.057291666666666664,0.08333333333333333,0.026041666666666664,2,nan,0.0,0.0,0.08333333333333333,0.0013538227649405599,0.0,0.0,0.0,0.0,0.03614457831325301
Japan,4,105200,16,0.043402777777777776,0.05208333333333333,0.008680555555555554,2,nan,0.0,0.0,0.05208333333333333,0.003303663805127144,0.0,0.0,0.0,0.0,0.012048192771084338
Berlin,4,76115,1,0.1875,0.5416666666666666,0.35416666666666663,2,0.0,0.5416666666666666,0.217800406118234,0.9479166666666666,1.4255567515889804,0.5416666666666666,0.29199808463454247,1.0,1.84742728471756,0.4578313253012048
Germany,4,106600,1,0.3000000000000001,0.8,0.49999999999999994,8,nan,0.3055555555555555,0.028793624498777915,0.8645833333333334,0.07276279184346397,0.0,0.0,0.8,0.07462309747934341,0.10843373493975904
Germany,4,3771,2,0.2,0.2,0.0,2,nan,0.0,0.0,0.0,0.0,0.0,0.0,0.2,0.02561083287000656,0.012048192771084338
Germany,4,27443,3,0.2,0.2,0.0,2,nan,0.0,0.0,0.0,0.0,0.0,0.0,0.2,0.005370905995368958,0.0
Germany,4,76613,4,0.2,0.2,0.0,2,nan,0.0,0.0,0.0625,0.00044561736285686493,0.0,0.0,0.2,0.0016265679150819778,0.0
Germany,4,85253,5,0.2,0.2,0.0,2,nan,0.0,0.0,0.0,0.0,0.0,0.0,0.2,0.0005524871870875358,0.0
Tokyo,5,155885,1,0.3472222222222222,0.38888888888888884,0.04166666666666666,4,0.0,0.38888888888888884,0.015246253253685104,0.0,0.0,0.0,0.0,0.0,0.0,0.012048192771084338
Tokyo,5,160638,2,0.32870370370370366,0.40277777777777773,0.07407407407407406,4,0.0,0.40277777777777773,0.00894774217158556,0.0,0.0,0.0,0.0,0.0,0.0,0.024096385542168676
Tokyo,5,113383,3,0.2962962962962963,0.3611111111111111,0.0648148148148148,5,0.0,0.3611111111111111,0.028426669434540804,0.0,0.0,0.0,0.0,0.0,0.0,0.024096385542168676
Tokyo,5,50493,4,0.2777777777777778,0.3194444444444444,0.04166666666666666,4,0.0,0.3194444444444444,0.0029067792929708958,0.0,0.0,0.0,0.0,0.0,0.0,0.012048192771084338
Tokyo,5,29932,5,0.27314814814814814,0.3055555555555555,0.0324074074074074,3,0.0,0.3055555555555555,0.01818259795092874,0.0,0.0,0.0,0.0,0.0,0.0,0.012048192771084338
Tokyo,5,158962,6,0.27314814814814814,0.3055555555555555,0.0324074074074074,3,0.0,0.3055555555555555,0.12813402381208208,0.9479166666666666,1.9599516031642754,0.0,0.0,1.0,2.374409580230713,0.2289156626506024
Tokyo,5,19817,7,0.23677248677248675,0.34722222222222215,0.11044973544973542,3,0.0,0.34722222222222215,0.04936066394050916,0.0,0.0,0.0,0.0,0.0,0.0,0.04819277108433735
Tokyo,5,17163,8,0.19444444444444448,0.2916666666666667,0.09722222222222221,3,0.0,0.2916666666666667,0.015762803455193836,0.0,0.0,0.0,0.0,0.0,0.0,0.03614457831325301
Tokyo,5,151106,9,0.1693121693121693,0.5138888888888888,0.34457671957671954,4,0.0,0.5138888888888888,0.307661814822091,0.0,0.0,0.0,0.0,0.0,0.0,0.1566265060240964
Tokyo,5,108375,10,0.16666666666666669,0.20833333333333334,0.04166666666666666,2,0.0,0.20833333333333334,0.0017246549638609092,0.0,0.0,0.0,0.0,0.0,0.0,0.012048192771084338
Tokyo,5,149112,11,0.12962962962962965,0.7916666666666666,0.662037037037037,5,0.0,0.7916666666666666,0.034101448487490416,0.0,0.0,0.0,0.0,0.0,0.0,0.2289156626506024
Tokyo,5,30719,12,0.12500000000000006,0.5972222222222222,0.47222222222222215,5,0.0,0.5972222222222222,1.2302162018087175,0.1875,0.025916019454598427,0.125,0.032229676842689514,0.0,0.0,0.1927710843373494
Tokyo,5,96571,13,0.12500000000000003,0.2638888888888889,0.13888888888888887,3,0.0,0.2638888888888889,0.0016356948763132095,0.0,0.0,0.0,0.0,0.0,0.0,0.04819277108433735
Tokyo,5,40534,14,0.09722222222222221,0.09722222222222221,0.0,2,0.0,0.09722222222222221,0.005698169788552654,0.1875,0.01743543380871415,0.0,0.0,0.5,0.027064892649650573,0.024096385542168676
Tokyo,5,59874,15,0.09722222222222221,0.09722222222222221,0.0,2,0.0,0.09722222222222221,0.0003531630564894941,0.0,0.0,0.0,0.0,0.0,0.0,0.0
Tokyo,5,106011,16,0.06481481481481481,0.09722222222222221,0.0324074074074074,2,0.0,0.09722222222222221,3.444981606056293e-05,0.0,0.0,0.0,0.0,0.0,0.0,0.012048192771084338
Tokyo,5,112090,17,0.06481481481481481,0.09722222222222221,0.0324074074074074,2,0.0,0.09722222222222221,0.0011877699030770196,0.0,0.0,0.0,0.0,0.0,0.0,0.012048192771084338
Tokyo,5,94504,18,0.03703703703703706,0.16666666666666666,0.1296296296296296,2,0.0,0.16666666666666666,0.01130035271247228,0.0,0.0,0.0,0.0,0.0,0.0,0.04819277108433735
Tokyo,5,91090,19,0.03240740740740744,0.19444444444444442,0.16203703703703698,4,0.0,0.19444444444444442,0.0032047762845953307,0.0,0.0,0.0,0.0,0.0,0.0,0.060240963855421686
Japan,5,76874,1,0.265625,0.40625,0.140625,7,nan,0.0,0.0,0.40625,0.01718790433369577,0.0,0.0,0.4,0.005381420254707336,0.012048192771084338
Japan,5,78479,2,0.21006944444444445,0.21875,0.008680555555555554,4,nan,0.0,0.0,0.21875,0.005441025132313371,0.0,0.0,0.0,0.0,0.012048192771084338
Japan,5,50237,3,0.1875,0.1875,0.0,3,nan,0.0,0.0,0.1875,0.004572947742417455,0.0,0.0,0.0,0.0,0.0
Japan,5,159485,4,0.1875,0.1875,0.0,3,nan,0.0,0.0,0.1875,0.004917956423014402,0.0,0.0,0.0,0.0,0.0
Japan,5,88723,5,0.14756944444444442,0.4375,0.2899305555555556,7,nan,0.0,0.0,0.4375,0.01647924049757421,0.0,0.0,0.8,0.03236689120531082,0.03614457831325301
Japan,5,15392,6,0.11631944444444445,0.125,0.008680555555555554,2,nan,0.0,0.0,0.125,0.005645448807626963,0.0,0.0,0.0,0.0,0.012048192771084338
Japan,5,50957,7,0.1076388888888889,0.125,0.01736111111111111,2,nan,0.0,0.0,0.125,0.0009488703217357397,0.0,0.0,0.0,0.0,0.024096385542168676
Japan,5,7094,8,0.09722222222222222,0.11458333333333333,0.01736111111111111,3,nan,0.0,0.0,0.11458333333333333,0.001936477570173641,0.0,0.0,0.0,0.0,0.024096385542168676
Japan,5,43893,9,0.06944444444444445,0.21875,0.14930555555555555,4,nan,0.0,0.0,0.21875,0.0026675292174331844,0.0,0.0,0.2,0.0007130960933864116,0.024096385542168676
Japan,5,70418,10,0.0625,0.11458333333333333,0.05208333333333333,3,nan,0.0,0.0,0.11458333333333333,0.0024282052957763276,0.0,0.0,0.0,0.0,0.07228915662650602
Japan,5,79660,11,0.060763888888888895,0.5,0.4392361111111111,8,nan,0.05555555555555555,0.009929332468244765,0.5,0.18660994991660118,0.0,0.0,0.6,0.29532517194747926,0.060240963855421686
Japan,5,76858,12,0.057291666666666664,0.08333333333333333,0.026041666666666664,2,nan,0.0,0.0,0.08333333333333333,0.0007928900110224882,0.0,0.0,0.0,0.0,0.03614457831325301
Japan,5,25048,13,0.05208333333333333,0.05208333333333333,0.0,2,nan,0.0,0.0,0.05208333333333333,0.0005531929006489615,0.0,0.0,0.1,5.030203610658646e-05,0.0
Japan,5,53569,14,0.05208333333333333,0.05208333333333333,0.0,2,nan,0.0,0.0,0.05208333333333333,0.002624524485630294,0.0,0.0,0.0,0.0,0.0
Japan,5,1248,15,0.046875,0.46875,0.421875,8,nan,0.0,0.0,0.46875,0.04523187596350908,0.0,0.0,0.5,0.031575211137533185,0.03614457831325301
Japan,5,30719,16,0.03819444444444445,0.1875,0.14930555555555555,3,nan,0.5972222222222222,1.2302162018087175,0.1875,0.025916019454598427,0.125,0.032229676842689514,0.0,0.0,0.1927710843373494
Japan,5,138221,17,0.0069444444444444475,0.15625,0.14930555555555555,3,nan,0.0,0.0,0.15625,0.0016533432062715292,0.0,0.0,0.0,0.0,0.024096385542168676
Japan,5,10839,18,0.00520833333333337,0.9270833333333334,0.921875,16,nan,0.0,0.0,0.9270833333333334,0.6620680093765259,0.0,0.0,1.0,0.7632060021162033,0.18072289156626506
Germany,5,88723,1,0.4666666666666668,0.8,0.33333333333333326,8,nan,0.0,0.0,0.4375,0.01647924049757421,0.0,0.0,0.8,0.03236689120531082,0.03614457831325301
Germany,5,28566,2,0.33333333333333337,0.5,0.16666666666666663,5,nan,0.0,0.0,0.0625,0.001884958241134882,0.0,0.0,0.5,0.04008064940571785,0.04819277108433735
Germany,5,154766,3,0.2666666666666667,0.6,0.33333333333333326,6,nan,0.0,0.0,0.14583333333333334,0.06960899072388808,0.0,0.0,0.6,0.13293896317481996,0.07228915662650602
Germany,5,79169,4,0.2333333333333335,0.9,0.6666666666666665,9,nan,0.0,0.0,0.5520833333333334,0.15434339145819345,0.0,0.0,0.9,0.28379696905612944,0.12048192771084337
Germany,5,76874,5,0.2333333333333334,0.4,0.16666666666666663,4,nan,0.0,0.0,0.40625,0.01718790433369577,0.0,0.0,0.4,0.005381420254707336,0.012048192771084338
Germany,5,106538,6,0.2,0.2,0.0,2,nan,0.0,0.0,0.0,0.0,0.0,0.0,0.2,0.00237136036157608,0.0
Germany,5,107328,7,0.2,0.2,0.0,2,nan,0.0,0.0,0.0625,0.0008415835909545422,0.0,0.0,0.2,0.0058720197528600694,0.012048192771084338
Germany,5,40534,8,0.16666666666666674,0.5,0.33333333333333326,5,nan,0.09722222222222221,0.005698169788552654,0.1875,0.01743543380871415,0.0,0.0,0.5,0.027064892649650573,0.024096385542168676
Germany,5,62478,9,0.16666666666666674,0.5,0.33333333333333326,5,nan,0.0,0.0,0.25,0.0614720219746232,0.0,0.0,0.5,0.16781058460474013,0.024096385542168676
Germany,5,112488,10,0.13333333333333336,0.3,0.16666666666666663,3,nan,0.0,0.0,0.0,0.0,0.0,0.0,0.3,0.024783885478973387,0.012048192771084338
Germany,5,119940,11,0.13333333333333336,0.3,0.16666666666666663,3,nan,0.0,0.0,0.0,0.0,0.0,0.0,0.3,0.0029691021889448168,0.012048192771084338
Germany,5,79660,12,0.10000000000000003,0.6,0.49999999999999994,6,nan,0.05555555555555555,0.009929332468244765,0.5,0.18660994991660118,0.0,0.0,0.6,0.29532517194747926,0.060240963855421686
Germany,5,39162,13,0.03333333333333344,0.7,0.6666666666666665,7,nan,0.0,0.0,0.5520833333333333,0.0336805380648002,0.0,0.0,0.7,0.039860329031944274,0.1566265060240964
Germany,5,125132,14,0.03333333333333344,0.7,0.6666666666666665,7,nan,0.0,0.0,0.14583333333333334,0.004641336699326833,0.0,0.0,0.7,0.021731339395046234,0.10843373493975904
Germany,5,43893,15,0.03333333333333338,0.2,0.16666666666666663,2,nan,0.0,0.0,0.21875,0.0026675292174331844,0.0,0.0,0.2,0.0007130960933864116,0.024096385542168676
Germany,5,62221,16,0.03333333333333338,0.2,0.16666666666666663,2,nan,0.0,0.0,0.125,0.03859829157590866,0.0,0.0,0.2,0.13594887256622315,0.012048192771084338
Tokyo,6,73928,1,0.3194444444444444,0.3194444444444444,0.0,3,0.0,0.3194444444444444,0.06368790484137005,0.0,0.0,0.0,0.0,0.0,0.0,0.0
Tokyo,6,152655,2,0.2222222222222222,0.5138888888888888,0.29166666666666663,4,0.0,0.5138888888888888,0.6535042342212466,0.1875,0.03576062247157097,0.0,0.0,0.0,0.0,0.10843373493975904
Tokyo,6,50621,3,0.20833333333333337,0.5972222222222222,0.38888888888888884,5,0.0,0.5972222222222222,1.0876330137252808,0.0,0.0,0.125,0.030408911406993866,0.0,0.0,0.14457831325301204
Tokyo,6,111553,4,0.20833333333333331,0.3055555555555555,0.09722222222222221,3,0.0,0.3055555555555555,0.09147415806849797,0.0,0.0,0.0,0.0,0.0,0.0,0.03614457831325301
Tokyo,6,163372,5,0.19444444444444448,0.4305555555555555,0.23611111111111105,4,0.0,0.4305555555555555,0.162274236480395,0.0,0.0,0.0,0.0,0.0,0.0,0.08433734939759036
Tokyo,6,10937,6,0.17592592592592593,0.3055555555555555,0.1296296296296296,3,0.0,0.3055555555555555,0.30168982098499936,0.0,0.0,0.0,0.0,0.0,0.0,0.060240963855421686
Tokyo,6,12218,7,0.17592592592592593,0.3055555555555555,0.1296296296296296,3,0.0,0.3055555555555555,0.19559257643090355,0.0,0.0,0.0,0.0,0.0,0.0,0.04819277108433735
Tokyo,6,131579,8,0.16203703703703703,0.38888888888888884,0.2268518518518518,4,0.0,0.38888888888888884,0.05512255243957043,0.0625,0.00040684081614017487,0.0,0.0,0.0,0.0,0.0963855421686747
Tokyo,6,80954,9,0.13425925925925924,0.16666666666666666,0.0324074074074074,2,0.0,0.16666666666666666,0.043736860156059265,0.6770833333333334,0.2939392179250717,0.0,0.0,0.4,0.14705404937267302,0.1566265060240964
Tokyo,6,63485,10,0.12962962962962962,0.19444444444444442,0.0648148148148148,2,0.0,0.19444444444444442,0.02580513267053498,0.6458333333333334,0.21535348892211914,0.0,0.0,0.7,0.158288411796093,0.13253012048192772
Tokyo,6,85810,11,0.08796296296296297,0.15277777777777776,0.0648148148148148,3,0.0,0.15277777777777776,0.0008296647316051853,0.0,0.0,0.0,0.0,0.0,0.0,0.024096385542168676
Tokyo,6,86527,12,0.0787037037037037,0.1111111111111111,0.0324074074074074,2,0.0,0.1111111111111111,0.005960189633899264,0.020833333333333332,0.006559210518995921,0.0,0.0,0.0,0.0,0.024096385542168676
Japan,6,134548,1,0.3993055555555556,0.5833333333333334,0.1840277777777778,11,nan,0.041666666666666664,0.00997444490591685,0.5833333333333334,0.30003725178539753,0.0,0.0,0.5,0.14718609154224396,0.07228915662650602
Japan,6,122623,2,0.2725694444444444,0.28125,0.008680555555555554,5,nan,0.0,0.0,0.28125,0.1463613361120224,0.0,0.0,0.1,0.03142285943031311,0.012048192771084338
Japan,6,62105,3,0.19444444444444445,0.34375,0.14930555555555555,6,nan,0.0,0.0,0.34375,0.06366490432992578,0.0,0.0,0.0,0.0,0.024096385542168676
Japan,6,29258,4,0.1875,0.1875,0.0,3,nan,0.041666666666666664,0.010301200052102407,0.1875,0.06163162365555763,0.0,0.0,0.0,0.0,0.012048192771084338
Japan,6,152655,5,0.1875,0.1875,0.0,3,nan,0.5138888888888888,0.6535042342212466,0.1875,0.03576062247157097,0.0,0.0,0.0,0.0,0.10843373493975904
Japan,6,45477,6,0.125,0.125,0.0,2,nan,0.0,0.0,0.125,0.02657637931406498,0.0,0.0,0.0,0.0,0.0
Japan,6,80803,7,0.125,0.125,0.0,2,nan,0.0,0.0,0.125,0.001600417890585959,0.0,0.0,0.0,0.0,0.0
Japan,6,82733,8,0.125,0.125,0.0,2,nan,0.0,0.0,0.125,2.111163466267385e-10,0.0,0.0,0.0,0.0,0.0
Japan,6,94199,9,0.125,0.125,0.0,2,nan,0.0,0.0,0.125,0.0004541395464912057,0.0,0.0,0.0,0.0,0.0
Japan,6,135643,10,0.125,0.125,0.0,2,nan,0.0,0.0,0.125,0.0032420316711068153,0.0,0.0,0.1,0.0003446012735366821,0.0
Japan,6,90842,11,0.109375,0.25,0.140625,4,nan,0.0,0.0,0.25,0.023352420888841152,0.0,0.0,0.0,0.0,0.012048192771084338
Japan,6,79042,12,0.1076388888888889,0.125,0.01736111111111111,2,nan,0.0,0.0,0.125,0.002520481590181589,0.0,0.0,0.0,0.0,0.024096385542168676
Japan,6,83120,13,0.10069444444444442,0.8645833333333334,0.763888888888889,15,nan,0.0,0.0,0.8645833333333334,0.3252204198700686,0.0,0.0,1.0,0.6922665506601333,0.14457831325301204
Japan,6,113024,14,0.09375,0.09375,0.0,2,nan,0.0,0.0,0.09375,0.0032436621258966625,0.0,0.0,0.1,0.0025708012282848356,0.0
Japan,6,85813,15,0.07118055555555555,0.11458333333333333,0.04340277777777777,3,nan,0.0,0.0,0.11458333333333333,0.09552018779019515,0.0,0.0,0.0,0.0,0.060240963855421686
Japan,6,47569,16,0.06944444444444442,0.5,0.4305555555555556,8,nan,0.0,0.0,0.5,0.2999856434762478,0.0,0.0,0.4,0.15437187254428864,0.04819277108433735
Japan,6,63485,17,0.03993055555555558,0.6458333333333334,0.6059027777777778,12,nan,0.19444444444444442,0.02580513267053498,0.6458333333333334,0.21535348892211914,0.0,0.0,0.7,0.158288411796093,0.13253012048192772
Japan,6,47404,18,0.020833333333333343,0.1875,0.16666666666666666,3,nan,0.0,0.0,0.1875,0.006960884667932987,0.0,0.0,0.1,0.011659567058086396,0.04819277108433735
Berlin,6,56601,1,0.02083333333333337,0.6666666666666666,0.6458333333333333,2,0.25,0.8333333333333334,0.955732335233026,0.0,0.0,0.6666666666666666,0.5868945419788361,0.0,0.0,0.4457831325301205
Germany,6,87589,1,0.4,0.4,0.0,4,nan,0.0,0.0,0.0625,0.0004406964872032404,0.0,0.0,0.4,0.016489213891327383,0.0
Germany,6,134548,2,0.33333333333333337,0.5,0.16666666666666663,5,nan,0.041666666666666664,0.00997444490591685,0.5833333333333334,0.30003725178539753,0.0,0.0,0.5,0.14718609154224396,0.07228915662650602
Germany,6,23366,3,0.3,0.3,0.0,3,nan,0.0,0.0,0.0625,0.012955106794834137,0.0,0.0,0.3,0.015663863718509675,0.0
Germany,6,55758,4,0.2,0.2,0.0,2,nan,0.0,0.0,0.0,0.0,0.0,0.0,0.2,0.00012707167770713567,0.0
Germany,6,82968,5,0.2,0.2,0.0,2,nan,0.0,0.0,0.0,0.0,0.0,0.0,0.2,0.10834028124809265,0.0
Germany,6,123743,6,0.2,0.2,0.0,2,nan,0.0,0.0,0.0,0.0,0.0,0.0,0.2,0.02161282002925873,0.0
Germany,6,149150,7,0.2,0.2,0.0,2,nan,0.0,0.0,0.0625,0.008066359907388687,0.0,0.0,0.2,0.00403815284371376,0.0
Germany,6,83120,8,0.16666666666666674,1.0,0.8333333333333333,10,nan,0.0,0.0,0.8645833333333334,0.3252204198700686,0.0,0.0,1.0,0.6922665506601333,0.14457831325301204
Germany,6,104199,9,0.13333333333333336,0.3,0.16666666666666663,3,nan,0.0,0.0,0.0,0.0,0.0,0.0,0.3,0.002303038351237774,0.024096385542168676
Germany,6,36169,10,0.06666666666666676,0.4,0.33333333333333326,4,nan,0.0,0.0,0.1875,0.01943073980510235,0.0,0.0,0.4,0.03304797559976578,0.024096385542168676
Germany,6,63485,11,0.03333333333333344,0.7,0.6666666666666665,7,nan,0.19444444444444442,0.02580513267053498,0.6458333333333334,0.21535348892211914,0.0,0.0,0.7,0.158288411796093,0.13253012048192772
Germany,6,67281,12,0.03333333333333338,0.2,0.16666666666666663,2,nan,0.0,0.0,0.0625,0.005808538757264614,0.0,0.0,0.2,0.013040883094072342,0.024096385542168676
Germany,6,163423,13,0.03333333333333338,0.2,0.16666666666666663,2,nan,0.0,0.0,0.125,0.0035347561351954937,0.0,0.0,0.2,0.00750986784696579,0.012048192771084338
Tokyo,7,38043,1,0.27777777777777773,0.27777777777777773,0.0,3,0.0,0.27777777777777773,0.11745236482885148,0.0,0.0,0.0,0.0,0.0,0.0,0.0
Tokyo,7,89770,2,0.2222222222222222,0.2222222222222222,0.0,2,0.0,0.2222222222222222,0.018505093952020008,0.0,0.0,0.0,0.0,0.0,0.0,0.0
Tokyo,7,24701,3,0.19444444444444442,0.19444444444444442,0.0,2,0.0,0.19444444444444442,0.028753184609942962,0.0,0.0,0.0,0.0,0.0,0.0,0.0
Tokyo,7,117978,4,0.18055555555555558,0.5138888888888888,0.33333333333333326,4,0.0,0.5138888888888888,0.6247036788198683,0.5208333333333333,0.6626265840604901,0.0,0.0,0.4,0.08799119591712952,0.21686746987951808
Tokyo,7,71339,5,0.16666666666666669,0.20833333333333334,0.04166666666666666,2,0.0,0.20833333333333334,0.03205183148384094,0.0,0.0,0.0,0.0,0.0,0.0,0.012048192771084338
Tokyo,7,93975,6,0.15277777777777776,0.15277777777777776,0.0,2,0.0,0.15277777777777776,0.004975449293851852,0.0,0.0,0.0,0.0,0.0,0.0,0.0
Tokyo,7,122110,7,0.15277777777777776,0.15277777777777776,0.0,3,0.0,0.15277777777777776,1.9524571447012324e-05,0.0,0.0,0.0,0.0,0.0,0.0,0.0
Tokyo,7,88743,8,0.14748677248677244,0.34722222222222215,0.1997354497354497,3,0.0,0.34722222222222215,0.027303102322750617,0.0,0.0,0.16666666666666666,0.05892625451087952,0.0,0.0,0.20481927710843373
Tokyo,7,112980,9,0.09722222222222227,0.4444444444444444,0.34722222222222215,5,0.0,0.4444444444444444,0.28718654149108463,0.03125,2.9138289391994476e-05,0.25,0.18642686307430267,0.0,0.0,0.13253012048192772
Tokyo,7,100860,10,0.09722222222222221,0.09722222222222221,0.0,2,0.0,0.09722222222222221,0.0186331785387463,0.1875,0.12286357581615448,0.0,0.0,0.2,0.03038972020149231,0.03614457831325301
Tokyo,7,108103,11,0.08851333851333854,0.40277777777777773,0.3142644392644392,5,0.6666666666666666,0.40277777777777773,0.32431042277150685,0.6145833333333334,0.5351832211017609,0.4583333333333333,0.3000076661507289,0.3,0.21031839847564698,0.3493975903614458
Tokyo,7,90303,12,0.07870370370370378,0.4166666666666667,0.3379629629629629,5,0.0,0.4166666666666667,0.13824805803596973,0.0,0.0,0.29166666666666663,0.1902315355837345,0.0,0.0,0.25301204819277107
Tokyo,7,141747,13,0.06481481481481481,0.09722222222222221,0.0324074074074074,2,0.0,0.09722222222222221,0.04980305747853384,0.0,0.0,0.0,0.0,0.0,0.0,0.012048192771084338
Tokyo,7,142347,14,0.023148148148148168,0.15277777777777776,0.1296296296296296,3,0.0,0.15277777777777776,0.012215074358714953,0.0,0.0,0.0,0.0,0.0,0.0,0.04819277108433735
Tokyo,7,79317,15,0.013888888888888895,0.15277777777777776,0.13888888888888887,3,0.0,0.15277777777777776,0.08430582450495826,0.0,0.0,0.16666666666666666,0.15026680628458658,0.0,0.0,0.1927710843373494
Tokyo,7,118702,16,0.009259259259259245,0.3333333333333333,0.32407407407407407,4,0.0,0.3333333333333333,0.3621700704097748,0.0,0.0,0.25,0.5209084749221802,0.0,0.0,0.12048192771084337
Japan,7,108103,1,0.3246527777777778,0.6145833333333334,0.2899305555555556,11,nan,0.40277777777777773,0.32431042277150685,0.6145833333333334,0.5351832211017609,0.4583333333333333,0.3000076661507289,0.3,0.21031839847564698,0.3493975903614458
Japan,7,89330,2,0.25,0.25,0.0,4,nan,0.0,0.0,0.25,0.03760569542646408,0.0,0.0,0.0,0.0,0.0
Japan,7,32783,3,0.21180555555555547,0.7291666666666666,0.5173611111111112,13,nan,0.8888888888888888,2.063441057999929,0.7291666666666666,0.16271338883476952,0.6666666666666666,1.5171627004941304,0.8,0.1468532346189022,0.6265060240963856
Japan,7,117978,4,0.1874999999999999,0.5208333333333333,0.33333333333333337,10,nan,0.5138888888888888,0.6247036788198683,0.5208333333333333,0.6626265840604901,0.0,0.0,0.4,0.08799119591712952,0.21686746987951808
Japan,7,118829,5,0.15625,0.4375,0.28125,7,nan,0.0,0.0,0.4375,0.04879144253209233,0.0,0.0,0.1,0.0030239604413509367,0.024096385542168676
Japan,7,142671,6,0.125,0.125,0.0,2,nan,0.0,0.0,0.125,0.05618390068411827,0.0,0.0,0.0,0.0,0.0
Japan,7,143843,7,0.09375,0.09375,0.0,2,nan,0.0,0.0,0.09375,0.02126939781010151,0.0,0.0,0.0,0.0,0.0
Japan,7,53469,8,0.05208333333333333,0.05208333333333333,0.0,2,nan,0.0,0.0,0.05208333333333333,0.02860769381125768,0.0,0.0,0.0,0.0,0.0
Japan,7,41040,9,0.046875,0.08333333333333333,0.03645833333333333,2,nan,0.0,0.0,0.08333333333333333,0.03487452740470569,0.0,0.0,0.0,0.0,0.04819277108433735
Japan,7,61443,10,0.029513888888888895,0.19791666666666666,0.16840277777777776,4,nan,0.0,0.0,0.19791666666666666,0.05572368701299031,0.0,0.0,0.1,0.02303357720375061,0.04819277108433735
Japan,7,157881,11,0.00868055555555547,0.9479166666666666,0.9392361111111112,16,nan,0.8888888888888888,2.688676671021515,0.9479166666666666,1.3285478707402945,0.6666666666666666,2.1678156554698944,1.0,1.8516777634620667,0.6626506024096386
Berlin,7,108103,1,0.05026223776223776,0.4583333333333333,0.40807109557109555,2,0.5,0.40277777777777773,0.32431042277150685,0.6145833333333334,0.5351832211017609,0.4583333333333333,0.3000076661507289,0.3,0.21031839847564698,0.3493975903614458
Germany,7,32783,1,0.3000000000000001,0.8,0.49999999999999994,8,nan,0.8888888888888888,2.063441057999929,0.7291666666666666,0.16271338883476952,0.6666666666666666,1.5171627004941304,0.8,0.1468532346189022,0.6265060240963856
Germany,7,117978,2,0.06666666666666676,0.4,0.33333333333333326,4,nan,0.5138888888888888,0.6247036788198683,0.5208333333333333,0.6626265840604901,0.0,0.0,0.4,0.08799119591712952,0.21686746987951808
Tokyo,8,22115,1,0.4259259259259259,0.5555555555555555,0.1296296296296296,5,0.0,0.5555555555555555,1.2576078838772242,0.03125,0.02039201185107231,0.0,0.0,0.0,0.0,0.04819277108433735
Tokyo,8,21940,2,0.37499999999999994,0.47222222222222215,0.0972222222222222,4,0.0,0.47222222222222215,0.34021825177801984,0.7708333333333334,1.4666064027696848,0.0,0.0,0.9,1.4502490222454072,0.21686746987951808
Tokyo,8,127082,3,0.3333333333333333,0.4305555555555555,0.0972222222222222,4,0.3333333333333333,0.4305555555555555,0.13116307391060725,0.5208333333333333,0.7977098111684123,0.0,0.0,0.9,1.401571923494339,0.20481927710843373
Tokyo,8,123843,4,0.27777777777777773,0.27777777777777773,0.0,3,0.0,0.27777777777777773,0.25086643960740834,0.3020833333333333,0.22001278276244798,0.0,0.0,0.0,0.0,0.060240963855421686
Tokyo,8,161515,5,0.2222222222222222,0.2222222222222222,0.0,2,0.0,0.2222222222222222,0.01971289763847987,0.125,0.00216568261384964,0.0,0.0,0.0,0.0,0.0
Tokyo,8,149762,6,0.21759259259259262,0.25,0.0324074074074074,3,0.0,0.25,0.019081478317578632,0.0,0.0,0.0,0.0,0.0,0.0,0.012048192771084338
Tokyo,8,33475,7,0.2129629629629629,0.5138888888888888,0.30092592592592593,4,0.0,0.5138888888888888,0.7332801334559917,0.0,0.0,0.0,0.0,0.0,0.0,0.10843373493975904
Tokyo,8,140177,8,0.20833333333333334,0.20833333333333334,0.0,2,0.0,0.20833333333333334,0.025673843920230865,0.0,0.0,0.0,0.0,0.0,0.0,0.0
Tokyo,8,36718,9,0.19444444444444442,0.19444444444444442,0.0,2,0.0,0.19444444444444442,0.019635840008656185,0.0,0.0,0.0,0.0,0.0,0.0,0.0
Tokyo,8,22680,10,0.18518518518518523,0.5833333333333334,0.39814814814814814,5,0.0,0.5833333333333334,0.4688538610935211,0.7708333333333334,0.5967035988966624,0.0,0.0,0.4,0.13946951925754547,0.24096385542168675
Tokyo,8,113581,11,0.18518518518518517,0.3055555555555555,0.12037037037037035,4,0.3333333333333333,0.3055555555555555,0.02700727567490604,0.0,0.0,0.16666666666666666,0.023302127917607624,0.0,0.0,0.1927710843373494
Tokyo,8,68551,12,0.15277777777777776,0.15277777777777776,0.0,2,0.0,0.15277777777777776,0.0015403360852764712,0.0,0.0,0.0,0.0,0.0,0.0,0.0
Tokyo,8,33412,13,0.14814814814814814,0.5555555555555555,0.40740740740740733,5,0.0,0.5555555555555555,0.4854177716705534,0.34375,0.058888062834739685,0.25,0.1016109474003315,0.2,0.02278284579515457,0.21686746987951808
Tokyo,8,120378,14,0.14351851851851855,0.20833333333333334,0.0648148148148148,3,0.0,0.20833333333333334,0.010853135751353368,0.0,0.0,0.0,0.0,0.0,0.0,0.024096385542168676
Tokyo,8,36564,15,0.13888888888888887,0.13888888888888887,0.0,2,0.0,0.13888888888888887,0.00037167009819919866,0.0,0.0,0.0,0.0,0.0,0.0,0.0
Tokyo,8,100092,16,0.13888888888888887,0.13888888888888887,0.0,2,0.0,0.13888888888888887,0.015465540190537771,0.0,0.0,0.0,0.0,0.0,0.0,0.0
Tokyo,8,34025,17,0.13756613756613756,0.5694444444444444,0.43187830687830686,6,0.0,0.5694444444444444,0.19763621398144302,0.0,0.0,0.16666666666666666,0.03528061509132385,0.0,0.0,0.27710843373493976
Tokyo,8,21811,18,0.12962962962962962,0.19444444444444442,0.0648148148148148,2,0.0,0.19444444444444442,0.0019280517525557012,0.0,0.0,0.0,0.0,0.0,0.0,0.024096385542168676
Tokyo,8,93245,19,0.12962962962962962,0.19444444444444442,0.0648148148148148,2,0.0,0.19444444444444442,0.031685742239157356,0.0,0.0,0.0,0.0,0.0,0.0,0.024096385542168676
Tokyo,8,100289,20,0.12433862433862436,0.20833333333333334,0.08399470899470898,3,0.3333333333333333,0.20833333333333334,0.2195874138010873,0.25,0.15204696357250214,0.16666666666666666,0.2459415594736735,0.2,0.03937905132770538,0.18072289156626506
Tokyo,8,72389,21,0.1203703703703704,0.25,0.1296296296296296,3,0.0,0.25,0.08574865344497891,0.3645833333333333,0.6205374101797739,0.0,0.0,0.5,0.2456764757633209,0.1686746987951807
Tokyo,8,38661,22,0.10648148148148147,0.13888888888888887,0.0324074074074074,2,0.0,0.13888888888888887,0.00345932361152437,0.0,0.0,0.0,0.0,0.0,0.0,0.012048192771084338
Tokyo,8,139476,23,0.09722222222222221,0.5555555555555555,0.45833333333333326,5,0.0,0.5555555555555555,0.818116637567679,0.020833333333333332,0.006101200977961223,0.25,0.1362227275967598,0.0,0.0,0.25301204819277107
Tokyo,8,87005,24,0.09722222222222227,0.2638888888888889,0.16666666666666663,3,0.0,0.2638888888888889,0.36055098142888814,0.1875,0.20979424566030502,0.375,0.4751187413930893,0.5,0.4304048418998718,0.0963855421686747
Tokyo,8,64883,25,0.09722222222222221,0.09722222222222221,0.0,2,0.0,0.09722222222222221,0.0008246865537431504,0.0,0.0,0.0,0.0,0.0,0.0,0.0
Tokyo,8,157176,26,0.09722222222222221,0.09722222222222221,0.0,2,0.0,0.09722222222222221,0.004718962642881605,0.0,0.0,0.0,0.0,0.0,0.0,0.0
Tokyo,8,161531,27,0.09325396825396824,0.09722222222222221,0.003968253968253968,2,0.0,0.09722222222222221,0.0014669029042124748,0.0,0.0,0.0,0.0,0.0,0.0,0.012048192771084338
Tokyo,8,118720,28,0.09259259259259262,0.2222222222222222,0.1296296296296296,2,0.0,0.2222222222222222,0.008890563208195899,0.0,0.0,0.0,0.0,0.0,0.0,0.04819277108433735
Tokyo,8,155164,29,0.07870370370370372,0.3055555555555555,0.2268518518518518,3,0.0,0.3055555555555555,0.05542074764768282,0.0,0.0,0.0,0.0,0.0,0.0,0.08433734939759036
Tokyo,8,18479,30,0.06481481481481483,0.19444444444444442,0.1296296296296296,2,0.0,0.19444444444444442,0.009469379981358847,0.0,0.0,0.0,0.0,0.0,0.0,0.04819277108433735
Tokyo,8,147077,31,0.05555555555555558,0.24999999999999997,0.1944444444444444,3,0.0,0.24999999999999997,0.008262777907980813,0.0,0.0,0.25,0.020631985738873482,0.0,0.0,0.07228915662650602
Tokyo,8,33267,32,0.04629629629629631,0.15277777777777776,0.10648148148148145,2,0.0,0.15277777777777776,0.07055461158355077,0.0625,0.03581279516220093,0.0,0.0,0.0,0.0,0.03614457831325301
Tokyo,8,62750,33,0.04166666666666671,0.2638888888888889,0.22222222222222218,3,0.0,0.2638888888888889,0.3222229149606493,0.4375,0.511689692735672,0.0,0.0,0.3,0.08022019267082214,0.12048192771084337
Tokyo,8,153094,34,0.03703703703703706,0.16666666666666666,0.1296296296296296,2,0.0,0.16666666666666666,0.019486211240291595,0.0,0.0,0.0,0.0,0.0,0.0,0.04819277108433735
Tokyo,8,112424,35,0.03240740740740741,0.09722222222222221,0.0648148148148148,2,0.0,0.09722222222222221,0.003011725635992156,0.0,0.0,0.0,0.0,0.0,0.0,0.024096385542168676
Tokyo,8,88511,36,0.02777777777777779,0.4444444444444444,0.41666666666666663,5,0.0,0.4444444444444444,0.004596866382699874,0.0,0.0,0.0,0.0,0.0,0.0,0.14457831325301204
Tokyo,8,49577,37,0.015873015873015928,0.8888888888888888,0.8730158730158729,6,0.3333333333333333,0.8888888888888888,1.373961589402623,0.8020833333333334,0.5387806625415881,0.6666666666666666,0.9510624458392462,0.3,0.0631301909685135,0.5060240963855421
Japan,8,49577,1,0.46875,0.8020833333333334,0.33333333333333337,14,nan,0.8888888888888888,1.373961589402623,0.8020833333333334,0.5387806625415881,0.6666666666666666,0.9510624458392462,0.3,0.0631301909685135,0.5060240963855421
Japan,8,22680,2,0.43750000000000006,0.7708333333333334,0.3333333333333333,14,nan,0.5833333333333334,0.4688538610935211,0.7708333333333334,0.5967035988966624,0.0,0.0,0.4,0.13946951925754547,0.24096385542168675
Japan,8,123749,3,0.17881944444444445,0.1875,0.008680555555555554,3,nan,0.0,0.0,0.1875,0.08192531019449234,0.0,0.0,0.1,0.014913105964660644,0.012048192771084338
Japan,8,33412,4,0.1597222222222222,0.34375,0.1840277777777778,6,nan,0.5555555555555555,0.4854177716705534,0.34375,0.058888062834739685,0.25,0.1016109474003315,0.2,0.02278284579515457,0.21686746987951808
Japan,8,11099,5,0.15625,0.15625,0.0,3,nan,0.0,0.0,0.15625,0.036001287400722504,0.0,0.0,0.2,0.0670171320438385,0.012048192771084338
Japan,8,162409,6,0.15625,0.15625,0.0,3,nan,0.0,0.0,0.15625,0.04332517832517624,0.0,0.0,0.0,0.0,0.024096385542168676
Japan,8,29114,7,0.1284722222222222,0.14583333333333331,0.01736111111111111,4,nan,0.0,0.0,0.14583333333333331,0.10219775574902694,0.0,0.0,0.0,0.0,0.024096385542168676
Japan,8,123843,8,0.1267361111111111,0.3020833333333333,0.1753472222222222,6,nan,0.27777777777777773,0.25086643960740834,0.3020833333333333,0.22001278276244798,0.0,0.0,0.0,0.0,0.060240963855421686
Japan,8,161515,9,0.125,0.125,0.0,2,nan,0.2222222222222222,0.01971289763847987,0.125,0.00216568261384964,0.0,0.0,0.0,0.0,0.0
Japan,8,88193,10,0.109375,0.25,0.140625,4,nan,0.041666666666666664,0.009971921642621359,0.25,0.04275868646800518,0.0,0.0,0.3,0.17798658609390258,0.012048192771084338
Japan,8,100289,11,0.109375,0.25,0.140625,4,nan,0.20833333333333334,0.2195874138010873,0.25,0.15204696357250214,0.16666666666666666,0.2459415594736735,0.2,0.03937905132770538,0.18072289156626506
Japan,8,46694,12,0.078125,0.21875,0.140625,4,nan,0.0,0.0,0.21875,0.15149754844605923,0.0,0.0,0.0,0.0,0.012048192771084338
Japan,8,111124,13,0.05034722222222221,0.375,0.3246527777777778,6,nan,0.0,0.0,0.375,0.2961439751088619,0.0,0.0,0.7,0.5490178227424621,0.08433734939759036
Japan,8,100688,14,0.043402777777777776,0.10416666666666666,0.06076388888888888,2,nan,0.0,0.0,0.10416666666666666,0.002874695191470285,0.0,0.0,0.0,0.0,0.08433734939759036
Japan,8,110317,15,0.02777777777777779,0.34375,0.3159722222222222,6,nan,0.041666666666666664,0.009339064359664917,0.34375,0.15516889281570911,0.0,0.0,0.2,0.0935075044631958,0.07228915662650602
Berlin,8,49577,1,0.04761904761904756,0.6666666666666666,0.6190476190476191,2,0.25,0.8888888888888888,1.373961589402623,0.8020833333333334,0.5387806625415881,0.6666666666666666,0.9510624458392462,0.3,0.0631301909685135,0.5060240963855421
Germany,8,100823,1,0.43333333333333335,0.6,0.16666666666666663,6,nan,0.0,0.0,0.125,0.11289999261498451,0.0,0.0,0.6,0.4827438235282898,0.012048192771084338
Germany,8,111124,2,0.3666666666666667,0.7,0.33333333333333326,7,nan,0.0,0.0,0.375,0.2961439751088619,0.0,0.0,0.7,0.5490178227424621,0.08433734939759036
Germany,8,154781,3,0.33333333333333337,0.5,0.16666666666666663,5,nan,0.0,0.0,0.0625,0.00904675479978323,0.0,0.0,0.5,0.023615151643753052,0.024096385542168676
Germany,8,162605,4,0.2,0.7,0.49999999999999994,7,nan,0.0,0.0,0.125,0.04418096877634525,0.0,0.0,0.7,0.23247379958629608,0.04819277108433735
Germany,8,11099,5,0.2,0.2,0.0,2,nan,0.0,0.0,0.15625,0.036001287400722504,0.0,0.0,0.2,0.0670171320438385,0.012048192771084338
Germany,8,22587,6,0.2,0.2,0.0,2,nan,0.0,0.0,0.020833333333333332,0.0016317327196399372,0.0,0.0,0.2,0.0253422811627388,0.024096385542168676
Germany,8,39845,7,0.2,0.2,0.0,2,nan,0.0,0.0,0.0,0.0,0.0,0.0,0.2,0.06644633412361145,0.0
Germany,8,50248,8,0.2,0.2,0.0,2,nan,0.0,0.0,0.0,0.0,0.0,0.0,0.2,0.03041326403617859,0.0
Germany,8,55941,9,0.2,0.2,0.0,2,nan,0.0,0.0,0.0,0.0,0.0,0.0,0.2,0.029179340600967406,0.0
Germany,8,60876,10,0.2,0.2,0.0,2,nan,0.0,0.0,0.0625,0.042736828327178955,0.0,0.0,0.2,0.14469561576843262,0.0
Germany,8,122053,11,0.2,0.2,0.0,2,nan,0.0,0.0,0.0,0.0,0.0,0.0,0.2,0.020499823987483977,0.0
Germany,8,132731,12,0.2,0.2,0.0,2,nan,0.8888888888888888,3.364061484734217,0.03125,2.7853762730956078e-05,0.6666666666666666,2.698905348777771,0.2,0.021493247151374816,0.4939759036144578
Germany,8,47860,13,0.16666666666666674,0.5,0.33333333333333326,5,nan,0.0,0.0,0.125,0.08641879633069038,0.0,0.0,0.5,0.5759445130825043,0.03614457831325301
Germany,8,88193,14,0.13333333333333336,0.3,0.16666666666666663,3,nan,0.041666666666666664,0.009971921642621359,0.25,0.04275868646800518,0.0,0.0,0.3,0.17798658609390258,0.012048192771084338
Germany,8,150468,15,0.10000000000000003,0.6,0.49999999999999994,6,nan,0.0,0.0,0.25,0.20596174895763397,0.0,0.0,0.6,0.34926087260246275,0.03614457831325301
Germany,8,22680,16,0.06666666666666676,0.4,0.33333333333333326,4,nan,0.5833333333333334,0.4688538610935211,0.7708333333333334,0.5967035988966624,0.0,0.0,0.4,0.13946951925754547,0.24096385542168675
Germany,8,114086,17,0.06666666666666676,0.4,0.33333333333333326,4,nan,0.05555555555555555,0.055196278625064425,0.08333333333333333,0.03653094545006752,0.16666666666666666,0.0945555071036021,0.4,0.19958754181861876,0.3373493975903614
Germany,8,146635,18,0.06666666666666676,0.4,0.33333333333333326,4,nan,0.0,0.0,0.25,0.03205604013055563,0.0,0.0,0.4,0.09886263012886047,0.060240963855421686
Germany,8,33412,19,0.03333333333333338,0.2,0.16666666666666663,2,nan,0.5555555555555555,0.4854177716705534,0.34375,0.058888062834739685,0.25,0.1016109474003315,0.2,0.02278284579515457,0.21686746987951808
Germany,8,100289,20,0.03333333333333338,0.2,0.16666666666666663,2,nan,0.20833333333333334,0.2195874138010873,0.25,0.15204696357250214,0.16666666666666666,0.2459415594736735,0.2,0.03937905132770538,0.18072289156626506
Germany,8,114187,21,0.03333333333333338,0.2,0.16666666666666663,2,nan,0.0,0.0,0.0625,0.00046656851191073656,0.0,0.0,0.2,0.0014431746676564217,0.012048192771084338
Germany,8,143524,22,0.03333333333333338,0.2,0.16666666666666663,2,nan,0.0,0.0,0.0,0.0,0.0,0.0,0.2,0.0014529943466186524,0.012048192771084338
Tokyo,9,87218,1,0.337962962962963,0.5972222222222222,0.2592592592592592,5,0.0,0.5972222222222222,0.6776634736193552,0.0,0.0,0.0,0.0,0.0,0.0,0.0963855421686747
Tokyo,9,109434,2,0.31481481481481477,0.34722222222222215,0.0324074074074074,3,0.0,0.34722222222222215,0.30012308226691353,0.0,0.0,0.0,0.0,0.0,0.0,0.012048192771084338
Tokyo,9,120054,3,0.3075396825396826,0.5277777777777778,0.22023809523809518,5,0.0,0.5277777777777778,1.2795031761957538,0.84375,4.414721965789795,0.16666666666666666,0.04760275284449259,1.0,3.817789363861084,0.30120481927710846
Tokyo,9,103390,4,0.2976190476190476,0.375,0.07738095238095237,4,0.0,0.375,0.1409511094292005,0.9479166666666666,4.363553116718928,0.0,0.0,1.0,4.856315851211548,0.3373493975903614
Tokyo,9,27109,5,0.2222222222222222,0.2222222222222222,0.0,3,0.0,0.2222222222222222,0.23831027828984788,0.0,0.0,0.0,0.0,0.0,0.0,0.0
Tokyo,9,126947,6,0.20833333333333334,0.25,0.04166666666666666,3,0.0,0.25,0.11442808972464669,0.0,0.0,0.0,0.0,0.0,0.0,0.012048192771084338
Tokyo,9,30820,7,0.18055555555555558,0.4861111111111111,0.3055555555555555,4,0.0,0.4861111111111111,0.06602388071931072,0.0,0.0,0.125,0.0023232363164424896,0.0,0.0,0.0963855421686747
Tokyo,9,4582,8,0.18055555555555552,0.27777777777777773,0.0972222222222222,3,0.0,0.27777777777777773,7.624873448679952e-10,0.0,0.0,0.0,0.0,0.0,0.0,0.03614457831325301
Tokyo,9,12625,9,0.16666666666666666,0.16666666666666666,0.0,2,0.0,0.16666666666666666,0.004603895462221569,0.0,0.0,0.0,0.0,0.0,0.0,0.0
Tokyo,9,8286,10,0.15277777777777776,0.15277777777777776,0.0,2,0.0,0.15277777777777776,0.004619871266186237,0.0,0.0,0.0,0.0,0.0,0.0,0.0
Tokyo,9,155511,11,0.14351851851851852,0.3055555555555555,0.162037037037037,3,0.0,0.3055555555555555,0.2076311873065101,0.0,0.0,0.0,0.0,0.0,0.0,0.060240963855421686
Tokyo,9,91365,12,0.13425925925925924,0.16666666666666666,0.0324074074074074,2,0.0,0.16666666666666666,0.04276471750603782,0.0,0.0,0.0,0.0,0.0,0.0,0.012048192771084338
Tokyo,9,161940,13,0.1157407407407407,0.47222222222222215,0.35648148148148145,4,0.0,0.47222222222222215,0.49126402205891084,0.375,0.35853587090969086,0.0,0.0,0.5,0.2451936274766922,0.1566265060240964
Tokyo,9,146338,14,0.1111111111111111,0.1111111111111111,0.0,2,0.0,0.1111111111111111,1.0129252498498114e-09,0.0,0.0,0.0,0.0,0.0,0.0,0.0
Tokyo,9,18950,15,0.10185185185185186,0.16666666666666666,0.0648148148148148,2,0.0,0.16666666666666666,0.0025998336366481255,0.0,0.0,0.0,0.0,0.0,0.0,0.024096385542168676
Tokyo,9,17191,16,0.09722222222222221,0.09722222222222221,0.0,2,0.0,0.09722222222222221,0.012599034441841973,0.0,0.0,0.0,0.0,0.0,0.0,0.0
Tokyo,9,72947,17,0.09722222222222221,0.09722222222222221,0.0,2,0.0,0.09722222222222221,0.000629957610120376,0.0,0.0,0.0,0.0,0.0,0.0,0.0
Tokyo,9,146855,18,0.06481481481481483,0.19444444444444442,0.1296296296296296,4,0.0,0.19444444444444442,0.010700752130813068,0.0,0.0,0.0,0.0,0.0,0.0,0.04819277108433735
Tokyo,9,128609,19,0.0185185185185186,0.5277777777777778,0.5092592592592592,5,0.0,0.5277777777777778,0.2875816346042686,0.0,0.0,0.5,0.4689456969499588,0.0,0.0,0.1686746987951807
Japan,9,10981,1,0.375,0.65625,0.28125,11,nan,0.08333333333333333,0.003560397153099378,0.65625,0.058412016835063696,0.0,0.0,0.3,0.028822305798530578,0.03614457831325301
Japan,9,51693,2,0.2951388888888889,0.3125,0.01736111111111111,5,nan,0.0,0.0,0.3125,0.03083786042407155,0.0,0.0,0.2,0.01806916147470474,0.024096385542168676
Japan,9,60912,3,0.25,0.53125,0.28125,9,nan,0.0,0.0,0.53125,0.4987053666263819,0.0,0.0,0.2,0.10525793433189393,0.024096385542168676
Japan,9,50628,4,0.1875,0.1875,0.0,3,nan,0.0,0.0,0.1875,0.07755101099610329,0.0,0.0,0.0,0.0,0.0
Japan,9,67318,5,0.1875,0.1875,0.0,3,nan,0.0,0.0,0.1875,0.053707326762378216,0.0,0.0,0.0,0.0,0.0
Japan,9,134991,6,0.15104166666666663,0.7395833333333334,0.5885416666666667,13,nan,0.0,0.0,0.7395833333333334,0.2305134286483129,0.125,0.008723655715584755,0.8,0.47788462340831755,0.08433734939759036
Japan,9,20037,7,0.13368055555555558,0.17708333333333334,0.043402777777777776,4,nan,0.0,0.0,0.17708333333333334,0.12317792698740959,0.0,0.0,0.1,0.03502325415611267,0.060240963855421686
Japan,9,8406,8,0.125,0.125,0.0,2,nan,0.0,0.0,0.125,0.05906590446829796,0.0,0.0,0.0,0.0,0.0
Japan,9,10024,9,0.125,0.125,0.0,2,nan,0.0,0.0,0.125,0.0565628120675683,0.0,0.0,0.2,0.03620978444814682,0.0
Japan,9,30958,10,0.125,0.125,0.0,2,nan,0.0,0.0,0.125,0.22609714418649673,0.0,0.0,0.3,0.2896697402000427,0.0
Japan,9,50852,11,0.125,0.125,0.0,2,nan,0.0,0.0,0.125,0.12560591474175453,0.0,0.0,0.0,0.0,0.024096385542168676
Japan,9,52253,12,0.125,0.125,0.0,2,nan,0.0,0.0,0.125,0.04141825903207064,0.0,0.0,0.4,0.06860059052705765,0.0
Japan,9,138216,13,0.125,0.125,0.0,2,nan,0.0,0.0,0.125,0.2091793306171894,0.0,0.0,0.0,0.0,0.0
Japan,9,127173,14,0.1111111111111111,0.4270833333333333,0.3159722222222222,8,nan,0.0,0.0,0.4270833333333333,0.22655891813337803,0.0,0.0,0.4,0.30360270142555235,0.07228915662650602
Japan,9,26098,15,0.10069444444444445,0.25,0.14930555555555555,4,nan,0.0,0.0,0.25,0.05668687727302313,0.0,0.0,0.1,0.0846769630908966,0.024096385542168676
Japan,9,60029,16,0.09375,0.7083333333333334,0.6145833333333334,13,nan,0.0,0.0,0.7083333333333334,1.5320632892350357,0.0,0.0,1.0,1.4144585192203523,0.12048192771084337
Japan,9,161940,17,0.09375,0.375,0.28125,6,nan,0.47222222222222215,0.49126402205891084,0.375,0.35853587090969086,0.0,0.0,0.5,0.2451936274766922,0.1566265060240964
Japan,9,52767,18,0.07812499999999989,0.8854166666666666,0.8072916666666667,15,nan,0.0,0.0,0.8854166666666666,0.6558984238654375,0.0,0.0,0.8,0.5790395945310592,0.20481927710843373
Japan,9,147717,19,0.06076388888888884,0.78125,0.7204861111111112,13,nan,0.0,0.0,0.78125,1.344872698187828,0.0,0.0,0.7,0.7361739158630372,0.08433734939759036
Japan,9,108364,20,0.046875,0.1875,0.140625,3,nan,0.0,0.0,0.1875,0.2452005371451378,0.0,0.0,0.2,0.19153940677642822,0.012048192771084338
Japan,9,123294,21,0.046875,0.1875,0.140625,3,nan,0.0,0.0,0.1875,0.06146043539047241,0.0,0.0,0.1,0.004276168346405029,0.012048192771084338
Japan,9,144643,22,0.017361111111111112,0.05208333333333333,0.03472222222222222,2,nan,0.0,0.0,0.05208333333333333,0.0066218132463594275,0.0,0.0,0.0,0.0,0.04819277108433735
Japan,9,68744,23,0.013888888888888895,0.08333333333333333,0.06944444444444443,2,nan,0.0,0.0,0.08333333333333333,0.042577497040232025,0.0,0.0,0.0,0.0,0.0963855421686747
Berlin,9,125396,1,0.28273809523809523,0.41666666666666663,0.13392857142857142,2,0.0,0.0,0.0,0.0,0.0,0.41666666666666663,0.09726974740624428,0.0,0.0,0.10843373493975904
Berlin,9,32744,2,0.19711538461538453,0.5833333333333333,0.38621794871794873,2,0.25,0.15277777777777776,0.24704714947276643,0.0,0.0,0.5833333333333333,0.623463362455368,0.0,0.0,0.3132530120481928
Berlin,9,21866,3,0.04166666666666663,0.6666666666666666,0.625,2,0.5,0.7916666666666666,1.0240098478065598,0.4270833333333333,0.15924569188306728,0.6666666666666666,1.449235533674558,0.6,0.3023879289627075,0.5662650602409639
Germany,9,52253,1,0.4,0.4,0.0,4,nan,0.0,0.0,0.125,0.04141825903207064,0.0,0.0,0.4,0.06860059052705765,0.0
Germany,9,60029,2,0.3333333333333335,1.0,0.6666666666666665,10,nan,0.0,0.0,0.7083333333333334,1.5320632892350357,0.0,0.0,1.0,1.4144585192203523,0.12048192771084337
Germany,9,98011,3,0.33333333333333337,0.5,0.16666666666666663,5,nan,0.0,0.0,0.125,0.01071726344525814,0.0,0.0,0.5,0.17101276963949202,0.024096385542168676
Germany,9,30958,4,0.3,0.3,0.0,3,nan,0.0,0.0,0.125,0.22609714418649673,0.0,0.0,0.3,0.2896697402000427,0.0
Germany,9,3011,5,0.2333333333333334,0.4,0.16666666666666663,4,nan,0.0,0.0,0.0625,0.006535008549690247,0.0,0.0,0.4,0.06566140428185463,0.024096385542168676
Germany,9,10024,6,0.2,0.2,0.0,2,nan,0.0,0.0,0.125,0.0565628120675683,0.0,0.0,0.2,0.03620978444814682,0.0
Germany,9,51693,7,0.2,0.2,0.0,2,nan,0.0,0.0,0.3125,0.03083786042407155,0.0,0.0,0.2,0.01806916147470474,0.024096385542168676
Germany,9,85238,8,0.2,0.2,0.0,2,nan,0.0,0.0,0.0,0.0,0.0,0.0,0.2,0.023874975740909576,0.0
Germany,9,121235,9,0.2,0.2,0.0,2,nan,0.0,0.0,0.0625,0.14475080370903015,0.0,0.0,0.2,0.19180485606193542,0.0
Germany,9,161940,10,0.16666666666666674,0.5,0.33333333333333326,5,nan,0.47222222222222215,0.49126402205891084,0.375,0.35853587090969086,0.0,0.0,0.5,0.2451936274766922,0.1566265060240964
Germany,9,134991,11,0.13333333333333353,0.8,0.6666666666666665,8,nan,0.0,0.0,0.7395833333333334,0.2305134286483129,0.125,0.008723655715584755,0.8,0.47788462340831755,0.08433734939759036
Germany,9,53530,12,0.13333333333333336,0.3,0.16666666666666663,3,nan,0.0,0.0,0.0,0.0,0.0,0.0,0.3,0.1940792977809906,0.012048192771084338
Germany,9,127173,13,0.06666666666666676,0.4,0.33333333333333326,4,nan,0.0,0.0,0.4270833333333333,0.22655891813337803,0.0,0.0,0.4,0.30360270142555235,0.07228915662650602
Germany,9,108364,14,0.03333333333333338,0.2,0.16666666666666663,2,nan,0.0,0.0,0.1875,0.2452005371451378,0.0,0.0,0.2,0.19153940677642822,0.012048192771084338
Germany,9,143899,15,0.03333333333333338,0.2,0.16666666666666663,2,nan,0.0,0.0,0.0625,0.0022092140279710293,0.0,0.0,0.2,0.01384223774075508,0.012048192771084338
Tokyo,10,114174,1,0.3425925925925926,0.375,0.0324074074074074,4,0.0,0.375,0.22740123089816833,0.9166666666666666,2.167183325936397,0.0,0.0,1.0,2.4448612689971925,0.2289156626506024
Tokyo,10,11956,2,0.19444444444444442,0.19444444444444442,0.0,2,0.0,0.19444444444444442,1.3146087921948416e-10,0.0,0.0,0.0,0.0,0.0,0.0,0.0
Tokyo,10,132591,3,0.19444444444444442,0.19444444444444442,0.0,3,0.0,0.19444444444444442,1.941414806694297e-10,0.0,0.0,0.0,0.0,0.0,0.0,0.0
Tokyo,10,111103,4,0.1851851851851852,0.25,0.0648148148148148,3,0.0,0.25,0.04177415143284533,0.0,0.0,0.25,0.06079910695552826,0.0,0.0,0.024096385542168676
Tokyo,10,18035,5,0.125,0.125,0.0,2,0.0,0.125,4.646681558047779e-10,0.0,0.0,0.0,0.0,0.0,0.0,0.0
Tokyo,10,77034,6,0.125,0.125,0.0,2,0.0,0.125,0.001489158719778061,0.0,0.0,0.0,0.0,0.0,0.0,0.0
Tokyo,10,11817,7,0.12037037037037036,0.15277777777777776,0.0324074074074074,3,0.0,0.15277777777777776,1.1326529220707156e-11,0.0,0.0,0.0,0.0,0.0,0.0,0.012048192771084338
Tokyo,10,21495,8,0.1111111111111111,0.1111111111111111,0.0,2,0.0,0.1111111111111111,0.03263566063510047,0.0,0.0,0.0,0.0,0.0,0.0,0.0
Tokyo,10,91844,9,0.1111111111111111,0.1111111111111111,0.0,2,0.0,0.1111111111111111,5.594185855291774e-10,0.0,0.0,0.0,0.0,0.0,0.0,0.0
Tokyo,10,139483,10,0.1111111111111111,0.1111111111111111,0.0,2,0.0,0.1111111111111111,3.1868303551618737e-09,0.0,0.0,0.0,0.0,0.0,0.0,0.0
Tokyo,10,19838,11,0.10648148148148147,0.13888888888888887,0.0324074074074074,2,0.0,0.13888888888888887,7.59519623120634e-11,0.0,0.0,0.0,0.0,0.0,0.0,0.012048192771084338
Tokyo,10,73005,12,0.09722222222222221,0.09722222222222221,0.0,2,0.0,0.09722222222222221,0.026816720763842266,0.0,0.0,0.0,0.0,0.0,0.0,0.0
Tokyo,10,62097,13,0.05099067599067608,0.8055555555555555,0.7545648795648794,6,1.0,0.8055555555555555,1.3649693197674224,0.8541666666666666,1.2236138147612412,0.875,0.9193482200304667,0.9,1.139593207836151,0.8554216867469879
Tokyo,10,120845,14,0.04166666666666671,0.20833333333333334,0.16666666666666663,2,0.0,0.20833333333333334,0.009119465326269468,0.0,0.0,0.0,0.0,0.0,0.0,0.08433734939759036
Japan,10,75324,1,0.265625,0.40625,0.140625,7,nan,0.0,0.0,0.40625,0.512476421892643,0.0,0.0,0.4,0.36367552876472475,0.012048192771084338
Japan,10,106685,2,0.265625,0.40625,0.140625,7,nan,0.0,0.0,0.40625,0.5893602333962917,0.0,0.0,0.6,0.3679971069097519,0.012048192771084338
Japan,10,121178,3,0.25,0.25,0.0,4,nan,0.0,0.0,0.25,0.029666701797395945,0.0,0.0,0.0,0.0,0.0
Japan,10,125080,4,0.21875,0.21875,0.0,4,nan,0.0,0.0,0.21875,0.039507824927568436,0.0,0.0,0.0,0.0,0.0
Japan,10,45109,5,0.1875,0.1875,0.0,3,nan,0.0,0.0,0.1875,0.07347057200968266,0.0,0.0,0.1,0.005629824101924896,0.0
Japan,10,27477,6,0.125,0.125,0.0,2,nan,0.0,0.0,0.125,0.0017346555832773447,0.0,0.0,0.0,0.0,0.0
Japan,10,33022,7,0.125,0.125,0.0,2,nan,0.0,0.0,0.125,0.027310095727443695,0.0,0.0,0.0,0.0,0.0
Japan,10,33545,8,0.125,0.125,0.0,2,nan,0.0,0.0,0.125,0.01297305105254054,0.0,0.0,0.0,0.0,0.0
Japan,10,82534,9,0.125,0.125,0.0,2,nan,0.0,0.0,0.125,0.0015473543899133801,0.0,0.0,0.0,0.0,0.0
Japan,10,93313,10,0.125,0.125,0.0,2,nan,0.3194444444444444,0.6837693469391928,0.125,0.09012137725949287,0.5,2.3834369480609894,0.6,0.3691996455192566,0.21686746987951808
Japan,10,131190,11,0.125,0.125,0.0,2,nan,0.1111111111111111,0.04116201731893751,0.125,0.31786155700683594,0.0,0.0,0.0,0.0,0.04819277108433735
Japan,10,137775,12,0.11631944444444442,0.4583333333333333,0.3420138888888889,8,nan,0.0,0.0,0.4583333333333333,0.0653165353772541,0.0,0.0,0.7,0.0979323722422123,0.10843373493975904
Japan,10,113828,13,0.09375,0.09375,0.0,2,nan,0.0,0.0,0.09375,0.003972003352828324,0.0,0.0,0.0,0.0,0.0
Japan,10,1418,14,0.08333333333333334,0.125,0.041666666666666664,2,nan,0.19444444444444442,0.16638542546166316,0.125,0.040661510080099106,0.41666666666666663,0.383025669803222,0.0,0.0,0.24096385542168675
Japan,10,19623,15,0.06944444444444442,0.78125,0.7118055555555556,13,nan,0.0,0.0,0.78125,1.856341652572155,0.0,0.0,1.0,3.3801456689834595,0.07228915662650602
Japan,10,93834,16,0.03125,0.3125,0.28125,5,nan,0.0,0.0,0.3125,0.23407723009586334,0.0,0.0,0.3,0.34470919370651243,0.024096385542168676
Japan,10,44218,17,0.029513888888888895,0.1875,0.1579861111111111,3,nan,0.0,0.0,0.1875,0.0822557657957077,0.0,0.0,0.3,0.09808356165885926,0.03614457831325301
Japan,10,149838,18,0.026041666666666664,0.05208333333333333,0.026041666666666664,2,nan,0.0,0.0,0.05208333333333333,0.010444127333660921,0.0,0.0,0.0,0.0,0.03614457831325301
Japan,10,93113,19,0.02083333333333326,0.96875,0.9479166666666667,16,nan,0.0,0.0,0.96875,3.3923897867401442,0.0,0.0,1.0,3.5136172771453857,0.21686746987951808
Japan,10,103877,20,0.02083333333333333,0.07291666666666666,0.05208333333333333,2,nan,0.0,0.0,0.07291666666666666,0.09901703397432964,0.0,0.0,0.0,0.0,0.07228915662650602
Japan,10,36252,21,0.017361111111111112,0.05208333333333333,0.03472222222222222,2,nan,0.0,0.0,0.05208333333333333,0.04258207976818085,0.0,0.0,0.0,0.0,0.04819277108433735
Japan,10,152124,22,0.017361111111111112,0.05208333333333333,0.03472222222222222,2,nan,0.0,0.0,0.05208333333333333,0.095049815873305,0.0,0.0,0.0,0.0,0.04819277108433735
Japan,10,163485,23,0.012152777777777776,0.07291666666666666,0.06076388888888888,2,nan,0.0,0.0,0.07291666666666666,0.14958803355693817,0.0,0.0,0.0,0.0,0.0963855421686747
Japan,10,104333,24,0.00347222222222221,0.07291666666666666,0.06944444444444445,2,nan,0.0,0.0,0.07291666666666666,0.02126625211288532,0.0,0.0,0.0,0.0,0.0963855421686747
Berlin,10,5895,1,0.2589285714285714,0.8333333333333333,0.5744047619047619,2,1.0,0.2916666666666667,0.43918699626293445,0.0,0.0,0.8333333333333333,1.6649882855514686,0.0,0.0,0.43373493975903615
Berlin,10,137591,2,0.24810606060606055,0.5416666666666666,0.2935606060606061,2,0.0,0.2916666666666667,0.4487151735358768,0.34375,0.27578040584921837,0.5416666666666666,0.7308244903882345,0.1,0.02358909249305725,0.2289156626506024
Berlin,10,1418,3,0.13095238095238093,0.41666666666666663,0.2857142857142857,2,0.5,0.19444444444444442,0.16638542546166316,0.125,0.040661510080099106,0.41666666666666663,0.383025669803222,0.0,0.0,0.24096385542168675
Berlin,10,48590,4,0.09523809523809523,0.6666666666666666,0.5714285714285714,2,0.75,0.8333333333333334,2.673547180990378,0.0,0.0,0.6666666666666666,2.7536148528258004,0.0,0.0,0.3614457831325301
Berlin,10,62097,5,0.048805361305361394,0.875,0.8261946386946386,2,0.75,0.8055555555555555,1.3649693197674224,0.8541666666666666,1.2236138147612412,0.875,0.9193482200304667,0.9,1.139593207836151,0.8554216867469879
Germany,10,93313,1,0.6,0.6,0.0,6,nan,0.3194444444444444,0.6837693469391928,0.125,0.09012137725949287,0.5,2.3834369480609894,0.6,0.3691996455192566,0.21686746987951808
Germany,10,106685,2,0.43333333333333335,0.6,0.16666666666666663,6,nan,0.0,0.0,0.40625,0.5893602333962917,0.0,0.0,0.6,0.3679971069097519,0.012048192771084338
Germany,10,137775,3,0.3666666666666667,0.7,0.33333333333333326,7,nan,0.0,0.0,0.4583333333333333,0.0653165353772541,0.0,0.0,0.7,0.0979323722422123,0.10843373493975904
Germany,10,40871,4,0.3,0.3,0.0,3,nan,0.0,0.0,0.0625,0.036031223833560944,0.0,0.0,0.3,0.20924818515777588,0.060240963855421686
Germany,10,44624,5,0.3,0.3,0.0,3,nan,0.0,0.0,0.0,0.0,0.0,0.0,0.3,0.010970847308635711,0.0
Germany,10,75324,6,0.2333333333333334,0.4,0.16666666666666663,4,nan,0.0,0.0,0.40625,0.512476421892643,0.0,0.0,0.4,0.36367552876472475,0.012048192771084338
Germany,10,57177,7,0.2,0.2,0.0,2,nan,0.0,0.0,0.0625,6.857237000446048e-12,0.0,0.0,0.2,6.974061328435255e-11,0.0
Germany,10,76335,8,0.2,0.2,0.0,2,nan,0.0,0.0,0.0,0.0,0.0,0.0,0.2,0.007936772704124451,0.0
Germany,10,124363,9,0.2,0.2,0.0,2,nan,0.0,0.0,0.0,0.0,0.0,0.0,0.2,0.014164888113737107,0.0
Germany,10,163052,10,0.2,0.2,0.0,2,nan,0.0,0.0,0.0,0.0,0.0,0.0,0.2,0.18284199237823487,0.012048192771084338
Germany,10,19623,11,0.16666666666666674,1.0,0.8333333333333333,10,nan,0.0,0.0,0.78125,1.856341652572155,0.0,0.0,1.0,3.3801456689834595,0.07228915662650602
Germany,10,28475,12,0.13333333333333336,0.3,0.16666666666666663,3,nan,0.0,0.0,0.14583333333333331,0.24787286296486855,0.0,0.0,0.3,0.36327567100524905,0.07228915662650602
Germany,10,44218,13,0.13333333333333336,0.3,0.16666666666666663,3,nan,0.0,0.0,0.1875,0.0822557657957077,0.0,0.0,0.3,0.09808356165885926,0.03614457831325301
Germany,10,48697,14,0.13333333333333336,0.3,0.16666666666666663,3,nan,0.0,0.0,0.0,0.0,0.0,0.0,0.3,0.028027503937482833,0.012048192771084338
Germany,10,105877,15,0.03333333333333338,0.2,0.16666666666666663,2,nan,0.0,0.0,0.0,0.0,0.0,0.0,0.2,0.030639350414276123,0.012048192771084338
Tokyo,11,109934,1,0.44907407407407407,0.5138888888888888,0.0648148148148148,4,0.0,0.5138888888888888,0.19116953801777628,0.9479166666666666,1.3324399050325155,0.0,0.0,1.0,1.7380606174468993,0.24096385542168675
Tokyo,11,84119,2,0.3194444444444444,0.3194444444444444,0.0,3,0.0,0.3194444444444444,0.8886270887321895,0.875,4.461521938443184,0.0,0.0,1.0,7.2194208145141605,0.12048192771084337
Tokyo,11,49219,3,0.29766992266992265,0.5555555555555555,0.2578856328856328,5,0.3333333333333333,0.5555555555555555,1.1589555119474728,0.8645833333333334,1.5934469414254029,0.0,0.0,1.0,1.704949414730072,0.30120481927710846
Tokyo,11,21296,4,0.22685185185185183,0.38888888888888884,0.162037037037037,4,0.0,0.38888888888888884,0.9228901829984454,0.0,0.0,0.0,0.0,0.0,0.0,0.060240963855421686
Tokyo,11,132163,5,0.21296296296296294,0.27777777777777773,0.0648148148148148,3,0.0,0.27777777777777773,0.12717115216785008,0.1875,0.13047342374920845,0.0,0.0,0.2,0.1252925455570221,0.04819277108433735
Tokyo,11,37561,6,0.18518518518518523,0.2916666666666667,0.10648148148148145,3,0.0,0.2916666666666667,2.9814232564244017e-09,0.0,0.0,0.0,0.0,0.0,0.0,0.03614457831325301
Tokyo,11,161940,7,0.18055555555555555,0.40277777777777773,0.22222222222222218,4,0.0,0.40277777777777773,6.103755192634865e-09,0.0,0.0,0.25,4.4843506685765533e-10,0.0,0.0,0.07228915662650602
Tokyo,11,9997,8,0.17129629629629628,0.23611111111111108,0.0648148148148148,4,0.0,0.23611111111111108,0.10724720731377602,0.0,0.0,0.0,0.0,0.0,0.0,0.03614457831325301
Tokyo,11,28169,9,0.16417378917378922,0.861111111111111,0.6969373219373218,6,0.6666666666666666,0.861111111111111,2.5457582341300116,0.8125,1.349257907519738,0.5416666666666666,0.6558358172575632,1.0,2.6110550701618194,0.5421686746987951
Tokyo,11,2937,10,0.08796296296296297,0.15277777777777776,0.0648148148148148,3,0.0,0.15277777777777776,0.03567219194438723,0.0,0.0,0.125,0.022040117532014847,0.0,0.0,0.024096385542168676
Tokyo,11,39764,11,0.04629629629629628,0.3194444444444444,0.27314814814814814,4,0.0,0.3194444444444444,0.22175886523392466,0.0,0.0,0.375,0.16291753947734833,0.0,0.0,0.08433734939759036
Tokyo,11,93482,12,0.023148148148148168,0.15277777777777776,0.1296296296296296,3,0.0,0.15277777777777776,0.08526397330893411,0.0,0.0,0.0,0.0,0.0,0.0,0.04819277108433735
Japan,11,20782,1,0.3194444444444444,0.46875,0.14930555555555555,8,nan,0.0,0.0,0.46875,0.43068384565413,0.0,0.0,0.3,0.05284494161605835,0.024096385542168676
Japan,11,24430,2,0.25,0.25,0.0,4,nan,0.0,0.0,0.25,4.680574594573272e-09,0.0,0.0,0.0,0.0,0.0
Japan,11,52969,3,0.24131944444444445,0.25,0.008680555555555554,4,nan,0.0,0.0,0.25,0.07355474680662155,0.0,0.0,0.0,0.0,0.012048192771084338
Japan,11,101995,4,0.21875,0.21875,0.0,4,nan,0.0,0.0,0.21875,4.2167548619520545e-10,0.0,0.0,0.0,0.0,0.0
Japan,11,53149,5,0.203125,0.7291666666666666,0.5260416666666666,12,nan,0.0,0.0,0.7291666666666666,0.39014553744345903,0.0,0.0,0.7,0.23130339682102202,0.18072289156626506
Japan,11,132604,6,0.1875,0.1875,0.0,3,nan,0.0,0.0,0.1875,0.06583653669804335,0.0,0.0,0.1,0.02285710573196411,0.0
Japan,11,156423,7,0.1875,0.1875,0.0,3,nan,0.0,0.0,0.1875,0.1719459518790245,0.0,0.0,0.0,0.0,0.0
Japan,11,125475,8,0.17881944444444445,0.1875,0.008680555555555554,3,nan,0.0,0.0,0.1875,0.04225597623735666,0.0,0.0,0.1,0.007653053104877472,0.024096385542168676
Japan,11,53888,9,0.15625,0.71875,0.5625,12,nan,0.0,0.0,0.71875,1.0750283189117908,0.0,0.0,0.7,0.30844964981079104,0.04819277108433735
Japan,11,40856,10,0.140625,0.3333333333333333,0.19270833333333331,7,nan,0.0,0.0,0.3333333333333333,0.11219648582239945,0.0,0.0,0.2,0.08378459215164184,0.08433734939759036
Japan,11,69360,11,0.125,0.40625,0.28125,7,nan,0.0,0.0,0.40625,0.11361799389123917,0.0,0.0,0.1,0.0069337993860244754,0.024096385542168676
Japan,11,21202,12,0.125,0.125,0.0,2,nan,0.0,0.0,0.125,0.04051137808710337,0.0,0.0,0.0,0.0,0.0
Japan,11,101548,13,0.125,0.125,0.0,2,nan,0.0,0.0,0.125,0.21592144668102264,0.0,0.0,0.0,0.0,0.0
Japan,11,102221,14,0.125,0.125,0.0,2,nan,0.0,0.0,0.125,0.0012458587298169732,0.0,0.0,0.0,0.0,0.0
Japan,11,105030,15,0.125,0.125,0.0,2,nan,0.0,0.0,0.125,0.012259945273399353,0.0,0.0,0.0,0.0,0.0
Japan,11,106962,16,0.125,0.125,0.0,2,nan,0.0,0.0,0.125,0.018732359632849693,0.0,0.0,0.0,0.0,0.0
Japan,11,153837,17,0.11631944444444445,0.125,0.008680555555555554,2,nan,0.0,0.0,0.125,0.04490729421377182,0.0,0.0,0.0,0.0,0.012048192771084338
Japan,11,85853,18,0.1076388888888889,0.125,0.01736111111111111,2,nan,0.0,0.0,0.125,0.01707024686038494,0.0,0.0,0.3,0.03807112127542496,0.024096385542168676
Japan,11,3717,19,0.07812500000000006,0.27083333333333337,0.19270833333333331,5,nan,0.0,0.0,0.27083333333333337,0.237700829282403,0.0,0.0,0.2,0.11107894778251648,0.08433734939759036
Japan,11,49219,20,0.07465277777777779,0.8645833333333334,0.7899305555555556,15,nan,0.5555555555555555,1.1589555119474728,0.8645833333333334,1.5934469414254029,0.0,0.0,1.0,1.704949414730072,0.30120481927710846
Japan,11,61303,21,0.07465277777777778,0.08333333333333333,0.008680555555555554,2,nan,0.0,0.0,0.08333333333333333,0.0154652272661527,0.0,0.0,0.0,0.0,0.012048192771084338
Japan,11,140227,22,0.05902777777777778,0.09375,0.03472222222222222,2,nan,0.0,0.0,0.09375,0.15697912871837616,0.0,0.0,0.0,0.0,0.060240963855421686
Japan,11,88137,23,0.05555555555555558,0.8020833333333334,0.7465277777777778,14,nan,0.0,0.0,0.8020833333333334,2.554340043415626,0.0,0.0,0.7,0.6885767638683319,0.12048192771084337
Japan,11,82296,24,0.05034722222222224,0.20833333333333334,0.1579861111111111,4,nan,0.0,0.0,0.20833333333333334,1.262242939799781e-09,0.0,0.0,0.0,0.0,0.03614457831325301
Japan,11,89173,25,0.034722222222222224,0.05208333333333333,0.01736111111111111,2,nan,0.0,0.0,0.05208333333333333,0.013125805805126825,0.0,0.0,0.0,0.0,0.024096385542168676
Japan,11,108521,26,0.03125,0.9270833333333334,0.8958333333333334,16,nan,0.4166666666666667,0.41758360879288775,0.9270833333333334,0.8082986362278461,0.5,1.067003846168518,1.0,1.0639282703399657,0.40963855421686746
Japan,11,142125,27,0.03124999999999989,0.6979166666666666,0.6666666666666667,12,nan,0.0,0.0,0.6979166666666666,0.38894569873809814,0.0,0.0,0.9,0.42010614573955535,0.1927710843373494
Japan,11,82554,28,0.026041666666666657,0.10416666666666666,0.078125,2,nan,0.0,0.0,0.10416666666666666,0.22434638130168122,0.0,0.0,0.0,0.0,0.10843373493975904
Japan,11,153297,29,0.026041666666666657,0.07291666666666666,0.046875,2,nan,0.0,0.0,0.07291666666666666,0.03219042594234149,0.0,0.0,0.0,0.0,0.060240963855421686
Japan,11,55205,30,0.017361111111111112,0.05208333333333333,0.03472222222222222,2,nan,0.0,0.0,0.05208333333333333,2.2142711738245188e-10,0.0,0.0,0.0,0.0,0.04819277108433735
Berlin,11,28169,1,0.06891025641025639,0.5416666666666666,0.47275641025641024,2,0.5,0.861111111111111,2.5457582341300116,0.8125,1.349257907519738,0.5416666666666666,0.6558358172575632,1.0,2.6110550701618194,0.5421686746987951
Germany,11,46610,1,0.3,0.3,0.0,3,nan,0.0,0.0,0.0,0.0,0.0,0.0,0.3,9.766617514728181e-11,0.0
Germany,11,85853,2,0.3,0.3,0.0,3,nan,0.0,0.0,0.125,0.01707024686038494,0.0,0.0,0.3,0.03807112127542496,0.024096385542168676
Germany,11,142125,3,0.2333333333333335,0.9,0.6666666666666665,9,nan,0.0,0.0,0.6979166666666666,0.38894569873809814,0.0,0.0,0.9,0.42010614573955535,0.1927710843373494
Germany,11,50688,4,0.2333333333333334,0.4,0.16666666666666663,4,nan,0.0,0.0,0.0625,1.2406473071102653e-10,0.0,0.0,0.4,3.7359018101312815e-10,0.012048192771084338
Germany,11,53149,5,0.2,0.7,0.49999999999999994,7,nan,0.0,0.0,0.7291666666666666,0.39014553744345903,0.0,0.0,0.7,0.23130339682102202,0.18072289156626506
Germany,11,71329,6,0.2,0.2,0.0,2,nan,0.0,0.0,0.0625,0.003818661440163851,0.0,0.0,0.2,0.028476718068122863,0.0
Germany,11,94536,7,0.2,0.2,0.0,2,nan,0.0,0.0,0.0,0.0,0.0,0.0,0.2,0.006093581020832062,0.03614457831325301
Germany,11,122920,8,0.2,0.2,0.0,2,nan,0.0,0.0,0.0,0.0,0.0,0.0,0.2,0.03903678357601166,0.012048192771084338
Germany,11,142499,9,0.2,0.2,0.0,2,nan,0.0,0.0,0.0,0.0,0.0,0.0,0.2,0.04809670448303223,0.0
Germany,11,49219,10,0.16666666666666674,1.0,0.8333333333333333,10,nan,0.5555555555555555,1.1589555119474728,0.8645833333333334,1.5934469414254029,0.0,0.0,1.0,1.704949414730072,0.30120481927710846
Germany,11,20782,11,0.13333333333333336,0.3,0.16666666666666663,3,nan,0.0,0.0,0.46875,0.43068384565413,0.0,0.0,0.3,0.05284494161605835,0.024096385542168676
Germany,11,53888,12,0.03333333333333344,0.7,0.6666666666666665,7,nan,0.0,0.0,0.71875,1.0750283189117908,0.0,0.0,0.7,0.30844964981079104,0.04819277108433735
Germany,11,3717,13,0.03333333333333338,0.2,0.16666666666666663,2,nan,0.0,0.0,0.27083333333333337,0.237700829282403,0.0,0.0,0.2,0.11107894778251648,0.08433734939759036
Germany,11,40856,14,0.03333333333333338,0.2,0.16666666666666663,2,nan,0.0,0.0,0.3333333333333333,0.11219648582239945,0.0,0.0,0.2,0.08378459215164184,0.08433734939759036
Germany,11,84682,15,0.03333333333333338,0.2,0.16666666666666663,2,nan,0.0,0.0,0.0625,1.7774914873314174e-10,0.0,0.0,0.2,1.5827205324114856e-09,0.012048192771084338
Germany,11,115114,16,0.03333333333333338,0.2,0.16666666666666663,2,nan,0.0,0.0,0.0,0.0,0.0,0.0,0.2,0.0794944241642952,0.012048192771084338
Germany,11,125462,17,0.03333333333333338,0.2,0.16666666666666663,2,nan,0.0,0.0,0.08333333333333333,0.011259564508994421,0.0,0.0,0.2,0.01930365264415741,0.024096385542168676
Tokyo,12,148536,1,0.28240740740740744,0.4305555555555555,0.1481481481481481,4,0.0,0.4305555555555555,0.7712002065446643,0.15625,0.10044590942561626,0.0,0.0,0.4,0.15395130813121796,0.060240963855421686
Tokyo,12,39067,2,0.27777777777777773,0.27777777777777773,0.0,2,0.0,0.27777777777777773,0.15642906890975103,0.6875,0.9044389519840479,0.0,0.0,1.0,0.9303846478462219,0.07228915662650602
Tokyo,12,71541,3,0.22685185185185186,0.4305555555555555,0.20370370370370366,4,0.0,0.4305555555555555,0.9193713466326395,0.875,3.751783814281225,0.0,0.0,1.0,4.67631721496582,0.21686746987951808
Tokyo,12,99286,4,0.1957671957671957,0.9444444444444443,0.7486772486772486,6,0.6666666666666666,0.9444444444444443,1.4221972951458561,0.90625,1.8911910162617762,0.5833333333333333,1.0228361686070762,1.0,1.375158029794693,0.7590361445783133
Tokyo,12,111243,5,0.08333333333333333,0.08333333333333333,0.0,2,0.0,0.08333333333333333,0.023559761544068653,0.0,0.0,0.0,0.0,0.0,0.0,0.0
Tokyo,12,25183,6,0.04166666666666663,0.6944444444444443,0.6527777777777777,6,0.3333333333333333,0.6944444444444443,1.5577997205158074,0.8333333333333334,1.6443256294975679,0.41666666666666663,0.22241730491320294,0.8,0.9337603807449341,0.5301204819277109
Tokyo,12,77827,7,0.03240740740740741,0.09722222222222221,0.0648148148148148,2,0.0,0.09722222222222221,0.008524715900421143,0.0,0.0,0.125,0.05336520075798035,0.0,0.0,0.024096385542168676
Japan,12,51348,1,0.3819444444444444,0.53125,0.14930555555555555,9,nan,0.0,0.0,0.53125,0.5289362221956253,0.16666666666666666,0.08202866713205974,0.4,0.17113125026226045,0.13253012048192772
Japan,12,68621,2,0.359375,0.5,0.140625,8,nan,0.1111111111111111,0.17843614021937051,0.5,0.628702849149704,0.0,0.0,0.0,0.0,0.012048192771084338
Japan,12,98189,3,0.2569444444444444,0.40625,0.14930555555555555,7,nan,0.0,0.0,0.40625,0.3157449997961521,0.0,0.0,0.1,0.09702221155166627,0.024096385542168676
Japan,12,72369,4,0.25,0.53125,0.28125,9,nan,0.0,0.0,0.53125,0.5738727226853371,0.3333333333333333,0.27730727195739746,0.2,0.4759507656097412,0.2289156626506024
Japan,12,134601,5,0.21875,0.21875,0.0,4,nan,0.0,0.0,0.21875,0.06017073942348361,0.0,0.0,0.0,0.0,0.0
Japan,12,155654,6,0.21875,0.21875,0.0,4,nan,0.0,0.0,0.21875,0.09771975642070174,0.0,0.0,0.1,0.03804396092891693,0.0
Japan,12,70209,7,0.1875,0.1875,0.0,3,nan,0.0,0.0,0.1875,0.06824629381299019,0.0,0.0,0.0,0.0,0.0
Japan,12,74792,8,0.1875,0.1875,0.0,3,nan,0.0,0.0,0.1875,0.12546733021736145,0.0,0.0,0.0,0.0,0.0
Japan,12,132744,9,0.1875,0.1875,0.0,3,nan,0.0,0.0,0.1875,0.11292722448706627,0.0,0.0,0.1,0.013430726528167725,0.0
Japan,12,94946,10,0.17881944444444445,0.1875,0.008680555555555554,3,nan,0.0,0.0,0.1875,0.05816211365163326,0.0,0.0,0.1,0.018709218502044676,0.012048192771084338
Japan,12,35518,11,0.171875,0.3125,0.140625,5,nan,0.0,0.0,0.3125,0.011393187567591667,0.0,0.0,0.2,0.003267119824886322,0.012048192771084338
Japan,12,281,12,0.15625,0.15625,0.0,3,nan,0.0,0.0,0.15625,0.17620214726775885,0.0,0.0,0.0,0.0,0.0
Japan,12,11009,13,0.15625,0.15625,0.0,3,nan,0.0,0.0,0.15625,0.035637644585222006,0.0,0.0,0.0,0.0,0.0
Japan,12,88120,14,0.140625,0.28125,0.140625,5,nan,0.0,0.0,0.28125,0.38458123430609703,0.0,0.0,0.2,0.2066992163658142,0.012048192771084338
Japan,12,146909,15,0.140625,0.28125,0.140625,5,nan,0.0,0.0,0.28125,0.04669524636119604,0.0,0.0,0.2,0.06929159164428711,0.012048192771084338
Japan,12,141782,16,0.1371527777777778,0.3125,0.1753472222222222,6,nan,0.041666666666666664,0.020943984389305115,0.3125,0.46380164846777916,0.0,0.0,0.3,0.3651041746139526,0.060240963855421686
Japan,12,43546,17,0.125,0.125,0.0,2,nan,0.0,0.0,0.125,0.013231894932687283,0.0,0.0,0.0,0.0,0.0
Japan,12,57362,18,0.125,0.125,0.0,2,nan,0.0,0.0,0.125,0.01164216361939907,0.0,0.0,0.0,0.0,0.0
Japan,12,68966,19,0.125,0.125,0.0,2,nan,0.0,0.0,0.125,0.06686588376760483,0.0,0.0,0.0,0.0,0.0
Japan,12,119305,20,0.125,0.125,0.0,2,nan,0.0,0.0,0.125,0.04852256737649441,0.0,0.0,0.1,0.0006858870387077331,0.0
Japan,12,127689,21,0.125,0.125,0.0,2,nan,0.0,0.0,0.125,0.06677999347448349,0.0,0.0,0.0,0.0,0.0
Japan,12,153929,22,0.125,0.125,0.0,2,nan,0.0,0.0,0.125,0.031104622408747673,0.0,0.0,0.2,0.029476651549339296,0.0
Japan,12,29481,23,0.11631944444444445,0.125,0.008680555555555554,2,nan,0.0,0.0,0.125,2.0768498032452953e-11,0.0,0.0,0.0,0.0,0.012048192771084338
Japan,12,24577,24,0.09375,0.375,0.28125,6,nan,0.0,0.0,0.375,0.4771249070763588,0.0,0.0,0.3,0.37823052406311036,0.024096385542168676
Japan,12,128445,25,0.09375,0.09375,0.0,2,nan,0.0,0.0,0.09375,6.007638830851647e-12,0.0,0.0,0.0,0.0,0.0
Japan,12,7540,26,0.08680555555555555,0.125,0.03819444444444444,2,nan,0.0,0.0,0.125,0.106028669513762,0.0,0.0,0.0,0.0,0.04819277108433735
Japan,12,61898,27,0.078125,0.21875,0.140625,4,nan,0.0,0.0,0.21875,0.15930250659585,0.0,0.0,0.1,0.14689116477966307,0.012048192771084338
Japan,12,80538,28,0.0625,0.34375,0.28125,6,nan,0.23611111111111108,0.312571435338921,0.34375,0.17095850128680468,0.375,0.25409251265227795,0.0,0.0,0.18072289156626506
Japan,12,134790,29,0.0625,0.34375,0.28125,6,nan,0.05555555555555555,0.023492157459259033,0.34375,0.1964057944715023,0.0,0.0,0.3,0.025398305058479308,0.024096385542168676
Japan,12,25183,30,0.06076388888888884,0.8333333333333334,0.7725694444444445,15,nan,0.6944444444444443,1.5577997205158074,0.8333333333333334,1.6443256294975679,0.41666666666666663,0.22241730491320294,0.8,0.9337603807449341,0.5301204819277109
Japan,12,121525,31,0.05902777777777778,0.09375,0.03472222222222222,2,nan,0.0,0.0,0.09375,0.03025420755147934,0.0,0.0,0.1,0.06797318458557129,0.04819277108433735
Japan,12,99286,32,0.05555555555555547,0.90625,0.8506944444444445,15,nan,0.9444444444444443,1.4221972951458561,0.90625,1.8911910162617762,0.5833333333333333,1.0228361686070762,1.0,1.375158029794693,0.7590361445783133
Japan,12,122075,33,0.05555555555555555,0.07291666666666666,0.01736111111111111,2,nan,0.16666666666666666,0.5551378991868761,0.07291666666666666,0.01934429444372654,0.5,1.9686170021692913,0.0,0.0,0.4819277108433735
Japan,12,26228,34,0.04687499999999999,0.07291666666666666,0.026041666666666664,2,nan,0.0,0.0,0.07291666666666666,0.051582835614681244,0.3333333333333333,0.15958304206530252,0.0,0.0,0.21686746987951808
Japan,12,144296,35,0.043402777777777776,0.10416666666666666,0.06076388888888888,2,nan,0.0,0.0,0.10416666666666666,0.05451813122878472,0.0,0.0,0.0,0.0,0.08433734939759036
Japan,12,157751,36,0.043402777777777776,0.10416666666666666,0.06076388888888888,2,nan,0.1111111111111111,0.12639959653218588,0.10416666666666666,0.1774655133485794,0.3333333333333333,0.22738757729530334,0.0,0.0,0.3493975903614458
Japan,12,93453,37,0.034722222222222224,0.10416666666666666,0.06944444444444443,2,nan,0.0,0.0,0.10416666666666666,0.12087127876778445,0.0,0.0,0.0,0.0,0.0963855421686747
Japan,12,101603,38,0.034722222222222224,0.05208333333333333,0.01736111111111111,2,nan,0.0,0.0,0.05208333333333333,0.008435798653711874,0.0,0.0,0.0,0.0,0.024096385542168676
Japan,12,109804,39,0.03125,0.3125,0.28125,5,nan,0.0,0.0,0.3125,0.24949310347437859,0.0,0.0,0.2,0.0497185617685318,0.024096385542168676
Japan,12,158865,40,0.03125,0.3125,0.28125,5,nan,0.0,0.0,0.3125,0.3092380613088608,0.0,0.0,0.5,0.7270665407180786,0.024096385542168676
Japan,12,125189,41,0.026041666666666657,0.10416666666666666,0.078125,2,nan,0.041666666666666664,0.0071766624848047895,0.10416666666666666,0.2631968557834625,0.0,0.0,0.0,0.0,0.13253012048192772
Japan,12,36430,42,0.015625,0.4375,0.421875,7,nan,0.0,0.0,0.4375,0.1278481101617217,0.0,0.0,0.5,0.23530371189117433,0.03614457831325301
Japan,12,148536,43,0.015625,0.15625,0.140625,3,nan,0.4305555555555555,0.7712002065446643,0.15625,0.10044590942561626,0.0,0.0,0.4,0.15395130813121796,0.060240963855421686
Japan,12,67059,44,0.00868055555555558,0.6145833333333334,0.6059027777777778,11,nan,0.0,0.0,0.6145833333333334,0.7449064552783966,0.0,0.0,0.4,0.29095513224601743,0.10843373493975904
Japan,12,95703,45,0.008680555555555552,0.05208333333333333,0.043402777777777776,2,nan,0.0,0.0,0.05208333333333333,0.12041320651769638,0.0,0.0,0.0,0.0,0.060240963855421686
Berlin,12,55450,1,0.03273809523809523,0.41666666666666663,0.3839285714285714,2,0.25,0.2638888888888889,0.0987717683116595,0.0,0.0,0.41666666666666663,0.25937729328870773,0.0,0.0,0.2891566265060241
Berlin,12,1483,2,0.023809523809523836,0.6666666666666666,0.6428571428571428,2,0.5,0.8333333333333334,2.1445281240675187,0.0,0.0,0.6666666666666666,2.057706743478775,0.0,0.0,0.43373493975903615
Berlin,12,29330,3,0.009761072261072257,0.6666666666666666,0.6569055944055944,2,0.75,0.5972222222222222,0.44181590030590695,0.0,0.0,0.6666666666666666,1.0279225061337154,0.0,0.0,0.4819277108433735
Germany,12,12898,1,0.4,0.4,0.0,4,nan,0.0,0.0,0.0625,0.05305057018995285,0.0,0.0,0.4,0.23177241683006286,0.0
Germany,12,155526,2,0.4,0.4,0.0,4,nan,0.0,0.0,0.0,0.0,0.0,0.0,0.4,1.2747191746598218e-09,0.0
Germany,12,44400,3,0.3,0.3,0.0,3,nan,0.0,0.0,0.0,0.0,0.0,0.0,0.3,4.549248755481017e-11,0.0
Germany,12,51348,4,0.2333333333333334,0.4,0.16666666666666663,4,nan,0.0,0.0,0.53125,0.5289362221956253,0.16666666666666666,0.08202866713205974,0.4,0.17113125026226045,0.13253012048192772
Germany,12,148536,5,0.2333333333333334,0.4,0.16666666666666663,4,nan,0.4305555555555555,0.7712002065446643,0.15625,0.10044590942561626,0.0,0.0,0.4,0.15395130813121796,0.060240963855421686
Germany,12,153929,6,0.2,0.2,0.0,2,nan,0.0,0.0,0.125,0.031104622408747673,0.0,0.0,0.2,0.029476651549339296,0.0
Germany,12,160349,7,0.2,0.2,0.0,2,nan,0.0,0.0,0.0,0.0,0.0,0.0,0.2,2.2615509465140348e-11,0.0
Germany,12,39067,8,0.16666666666666674,1.0,0.8333333333333333,10,nan,0.27777777777777773,0.15642906890975103,0.6875,0.9044389519840479,0.0,0.0,1.0,0.9303846478462219,0.07228915662650602
Germany,12,69673,9,0.16666666666666674,1.0,0.8333333333333333,10,nan,0.041666666666666664,0.04909143845240275,0.3125,0.4962427616119385,0.0,0.0,1.0,1.5379301369190217,0.08433734939759036
Germany,12,99286,10,0.16666666666666674,1.0,0.8333333333333333,10,nan,0.9444444444444443,1.4221972951458561,0.90625,1.8911910162617762,0.5833333333333333,1.0228361686070762,1.0,1.375158029794693,0.7590361445783133
Germany,12,149110,11,0.16666666666666674,1.0,0.8333333333333333,10,nan,0.05555555555555555,0.005275352133644952,0.59375,1.2613637018948793,0.0,0.0,1.0,2.6625031352043154,0.060240963855421686
Germany,12,158865,12,0.16666666666666674,0.5,0.33333333333333326,5,nan,0.0,0.0,0.3125,0.3092380613088608,0.0,0.0,0.5,0.7270665407180786,0.024096385542168676
Germany,12,159762,13,0.16666666666666674,0.5,0.33333333333333326,5,nan,0.0,0.0,0.25,0.2880714684724808,0.0,0.0,0.5,0.15215346813201905,0.024096385542168676
Germany,12,102481,14,0.13333333333333336,0.3,0.16666666666666663,3,nan,0.0,0.0,0.0,0.0,0.0,0.0,0.3,0.07239356040954589,0.012048192771084338
Germany,12,141782,15,0.13333333333333336,0.3,0.16666666666666663,3,nan,0.041666666666666664,0.020943984389305115,0.3125,0.46380164846777916,0.0,0.0,0.3,0.3651041746139526,0.060240963855421686
Germany,12,5825,16,0.10000000000000003,0.6,0.49999999999999994,6,nan,0.1111111111111111,0.06139893498685625,0.25,0.14107826724648476,0.0,0.0,0.6,0.30627619177103044,0.04819277108433735
Germany,12,80031,17,0.06666666666666676,0.4,0.33333333333333326,4,nan,0.0,0.0,0.0,0.0,0.0,0.0,0.4,0.43081997632980346,0.024096385542168676
Germany,12,22015,18,0.03333333333333338,0.2,0.16666666666666663,2,nan,0.0,0.0,0.13541666666666666,0.12503676830480495,0.0,0.0,0.2,0.01339934915304184,0.1566265060240964
Germany,12,35518,19,0.03333333333333338,0.2,0.16666666666666663,2,nan,0.0,0.0,0.3125,0.011393187567591667,0.0,0.0,0.2,0.003267119824886322,0.012048192771084338
Germany,12,88120,20,0.03333333333333338,0.2,0.16666666666666663,2,nan,0.0,0.0,0.28125,0.38458123430609703,0.0,0.0,0.2,0.2066992163658142,0.012048192771084338
Germany,12,104160,21,0.03333333333333338,0.2,0.16666666666666663,2,nan,0.0,0.0,0.0,0.0,0.0,0.0,0.2,0.01827370375394821,0.012048192771084338
Germany,12,146909,22,0.03333333333333338,0.2,0.16666666666666663,2,nan,0.0,0.0,0.28125,0.04669524636119604,0.0,0.0,0.2,0.06929159164428711,0.012048192771084338
Tokyo,13,29363,1,0.30092592592592593,0.4305555555555555,0.1296296296296296,4,0.0,0.4305555555555555,0.43391096591949463,0.375,0.10219852160662413,0.0,0.0,0.6,0.19146492928266526,0.10843373493975904
Tokyo,13,68967,2,0.29166666666666663,0.38888888888888884,0.0972222222222222,3,0.0,0.38888888888888884,0.3617072419987784,0.375,0.12961167097091675,0.0,0.0,0.6,0.5503332912921906,0.07228915662650602
Tokyo,13,40740,3,0.24074074074074073,0.40277777777777773,0.162037037037037,3,0.0,0.40277777777777773,0.2597832903265953,0.0625,0.028857719153165817,0.0,0.0,0.0,0.0,0.060240963855421686
Tokyo,13,72286,4,0.21296296296296294,0.27777777777777773,0.0648148148148148,2,0.0,0.27777777777777773,0.09882281058364445,0.5625,0.6346898153424263,0.0,0.0,1.0,0.9045741707086563,0.08433734939759036
Tokyo,13,127036,5,0.16666666666666666,0.16666666666666666,0.0,2,0.0,0.16666666666666666,0.10177748401959737,0.0,0.0,0.0,0.0,0.0,0.0,0.0
Tokyo,13,106084,6,0.1111111111111111,0.40277777777777773,0.29166666666666663,4,0.0,0.40277777777777773,0.6192802654372321,0.0,0.0,0.375,0.3447795510292053,0.0,0.0,0.10843373493975904
Tokyo,13,46039,7,0.08796296296296313,0.9583333333333334,0.8703703703703702,6,0.3333333333333333,0.9583333333333334,1.1226253012816112,0.11458333333333333,0.030679775401949883,0.875,1.060141533613205,0.0,0.0,0.7710843373493976
Japan,13,154518,1,0.2552083333333333,0.28125,0.026041666666666664,5,nan,0.05555555555555555,0.02127638790342543,0.28125,0.36026859283447266,0.0,0.0,0.1,0.0015238523483276367,0.03614457831325301
Japan,13,32433,2,0.21875,0.21875,0.0,4,nan,0.0,0.0,0.21875,0.35311416536569595,0.0,0.0,0.0,0.0,0.024096385542168676
Japan,13,161862,3,0.1875,0.1875,0.0,3,nan,0.0,0.0,0.1875,0.05187659151852131,0.0,0.0,0.1,0.019765660166740417,0.0
Japan,13,127349,4,0.15625,0.1875,0.03125,3,nan,0.23611111111111108,0.22014012270503572,0.1875,0.055490532889962196,0.25,0.14620569720864296,0.0,0.0,0.13253012048192772
Japan,13,17221,5,0.15625,0.15625,0.0,3,nan,0.0,0.0,0.15625,0.12332477793097496,0.0,0.0,0.2,0.19606492519378663,0.0
Japan,13,101057,6,0.15625,0.15625,0.0,3,nan,0.0,0.0,0.15625,0.0399323757737875,0.0,0.0,0.0,0.0,0.0
Japan,13,4442,7,0.125,0.125,0.0,2,nan,0.0,0.0,0.125,0.03486162796616554,0.0,0.0,0.0,0.0,0.0
Japan,13,38036,8,0.125,0.125,0.0,2,nan,0.0,0.0,0.125,2.4659738695476108e-09,0.0,0.0,0.2,1.9476690482633784e-09,0.0
Japan,13,65279,9,0.125,0.125,0.0,2,nan,0.0,0.0,0.125,0.02992371004074812,0.0,0.0,0.0,0.0,0.0
Japan,13,133007,10,0.125,0.125,0.0,2,nan,0.0,0.0,0.125,3.4900689005468166e-09,0.0,0.0,0.0,0.0,0.0
Japan,13,135294,11,0.125,0.125,0.0,2,nan,0.0,0.0,0.125,2.2851232017728762e-10,0.0,0.0,0.0,0.0,0.0
Japan,13,104449,12,0.1111111111111111,0.14583333333333331,0.03472222222222222,3,nan,0.0,0.0,0.14583333333333331,0.08739517815411091,0.0,0.0,0.0,0.0,0.04819277108433735
Japan,13,60147,13,0.109375,0.25,0.140625,4,nan,0.0,0.0,0.25,0.10542986914515495,0.0,0.0,0.0,0.0,0.012048192771084338
Japan,13,11236,14,0.07291666666666666,0.07291666666666666,0.0,2,nan,0.125,0.18134517470995584,0.07291666666666666,0.03400687811275323,0.0,0.0,0.0,0.0,0.08433734939759036
Japan,13,104563,15,0.06770833333333334,0.09375,0.026041666666666664,2,nan,0.0,0.0,0.09375,0.09744519367814064,0.0,0.0,0.1,0.20121514797210693,0.03614457831325301
Japan,13,46039,16,0.0625,0.11458333333333333,0.05208333333333333,3,nan,0.9583333333333334,1.1226253012816112,0.11458333333333333,0.030679775401949883,0.875,1.060141533613205,0.0,0.0,0.7710843373493976
Japan,13,135412,17,0.06076388888888884,0.78125,0.7204861111111112,13,nan,0.1111111111111111,0.03340877758132087,0.78125,0.9420791724696755,0.0,0.0,1.0,1.3070431292057036,0.08433734939759036
Japan,13,30860,18,0.03993055555555556,0.08333333333333333,0.04340277777777777,2,nan,0.0,0.0,0.08333333333333333,0.0703098475933075,0.0,0.0,0.0,0.0,0.060240963855421686
Japan,13,54387,19,0.03125,0.3125,0.28125,5,nan,0.1111111111111111,0.020337502161661785,0.3125,0.2928439900279045,0.0,0.0,0.2,0.10369563102722168,0.024096385542168676
Japan,13,4845,20,0.026041666666666664,0.05208333333333333,0.026041666666666664,2,nan,0.0,0.0,0.05208333333333333,0.007660049634675185,0.0,0.0,0.0,0.0,0.03614457831325301
Japan,13,80909,21,0.026041666666666664,0.05208333333333333,0.026041666666666664,2,nan,0.0,0.0,0.05208333333333333,0.03551959618926048,0.0,0.0,0.0,0.0,0.03614457831325301
Berlin,13,19368,1,0.2738095238095238,0.5416666666666666,0.26785714285714285,2,0.25,0.0,0.0,0.0,0.0,0.5416666666666666,0.1733321820696195,0.0,0.0,0.21686746987951808
Berlin,13,27421,2,0.020833333333333315,0.29166666666666663,0.2708333333333333,2,0.5,0.05555555555555555,0.1515144639545017,0.0,0.0,0.29166666666666663,0.6494891668359438,0.0,0.0,0.2289156626506024
Berlin,13,114033,3,0.020833333333333315,0.29166666666666663,0.2708333333333333,2,0.25,0.09722222222222221,0.07617014563745923,0.0,0.0,0.29166666666666663,0.6802748094002405,0.0,0.0,0.2289156626506024
Germany,13,146600,1,0.4000000000000001,0.9,0.49999999999999994,9,nan,0.0,0.0,0.375,0.35245443880558014,0.0,0.0,0.9,0.6143704265356064,0.03614457831325301
Germany,13,161257,2,0.2666666666666667,0.6,0.33333333333333326,6,nan,0.0,0.0,0.1875,0.1727941930294037,0.0,0.0,0.6,0.5179800927639008,0.024096385542168676
Germany,13,17221,3,0.2,0.2,0.0,2,nan,0.0,0.0,0.15625,0.12332477793097496,0.0,0.0,0.2,0.19606492519378663,0.0
Germany,13,38036,4,0.2,0.2,0.0,2,nan,0.0,0.0,0.125,2.4659738695476108e-09,0.0,0.0,0.2,1.9476690482633784e-09,0.0
Germany,13,133023,5,0.2,0.2,0.0,2,nan,0.0,0.0,0.0,0.0,0.0,0.0,0.2,0.061383692920207976,0.0
Germany,13,135331,6,0.2,0.2,0.0,2,nan,0.0,0.0,0.0625,0.006686372682452202,0.0,0.0,0.2,0.05624955892562866,0.0
Germany,13,72286,7,0.16666666666666674,1.0,0.8333333333333333,10,nan,0.27777777777777773,0.09882281058364445,0.5625,0.6346898153424263,0.0,0.0,1.0,0.9045741707086563,0.08433734939759036
Germany,13,135412,8,0.16666666666666674,1.0,0.8333333333333333,10,nan,0.1111111111111111,0.03340877758132087,0.78125,0.9420791724696755,0.0,0.0,1.0,1.3070431292057036,0.08433734939759036
Germany,13,42938,9,0.13333333333333353,0.8,0.6666666666666665,8,nan,0.8194444444444443,0.8644139551454121,0.53125,0.7949981770167748,0.875,1.2592451696594558,0.8,1.7038626611232757,0.9397590361445783
Germany,13,69500,10,0.13333333333333336,0.3,0.16666666666666663,3,nan,0.0,0.0,0.0625,0.06743087619543076,0.0,0.0,0.3,0.04596772789955139,0.012048192771084338
Germany,13,68967,11,0.10000000000000003,0.6,0.49999999999999994,6,nan,0.38888888888888884,0.3617072419987784,0.375,0.12961167097091675,0.0,0.0,0.6,0.5503332912921906,0.07228915662650602
Germany,13,153483,12,0.06666666666666676,0.9,0.8333333333333333,9,nan,0.0,0.0,0.375,0.17015975527465343,0.0,0.0,0.9,0.540711858868599,0.060240963855421686
Germany,13,138000,13,0.03333333333333338,0.2,0.16666666666666663,2,nan,0.0,0.0,0.125,0.10198633372783661,0.0,0.0,0.2,0.09301099181175232,0.012048192771084338
Germany,13,161883,14,0.03333333333333338,0.2,0.16666666666666663,2,nan,0.0,0.0,0.0,0.0,0.0,0.0,0.2,0.013086864352226257,0.012048192771084338
Tokyo,14,37876,1,0.20833333333333331,0.3055555555555555,0.0972222222222222,3,0.0,0.3055555555555555,0.14002399519085884,0.0,0.0,0.0,0.0,0.0,0.0,0.03614457831325301
Tokyo,14,103153,2,0.11838624338624343,0.375,0.25661375661375657,4,0.3333333333333333,0.375,0.38083034257094067,0.3125,0.31443411111831665,0.16666666666666666,0.042043328285217285,0.2,0.35270875692367554,0.26506024096385544
Tokyo,14,97966,3,0.09722222222222221,0.19444444444444442,0.09722222222222221,4,0.0,0.19444444444444442,0.19900844577285978,0.09375,0.12361960485577583,0.0,0.0,0.0,0.0,0.10843373493975904
Tokyo,14,33839,4,0.06481481481481481,0.09722222222222221,0.0324074074074074,2,0.0,0.09722222222222221,0.0014312076899740433,0.0,0.0,0.0,0.0,0.0,0.0,0.012048192771084338
Tokyo,14,12382,5,0.01124338624338625,0.09722222222222221,0.08597883597883596,2,0.0,0.09722222222222221,0.04070975217554305,0.0,0.0,0.0,0.0,0.0,0.0,0.060240963855421686
Japan,14,162378,1,0.3125,0.3125,0.0,5,nan,0.0,0.0,0.3125,0.33109457045793533,0.0,0.0,0.3,0.3257549166679382,0.0
Japan,14,124939,2,0.25,0.25,0.0,4,nan,0.0,0.0,0.25,0.02575771789997816,0.0,0.0,0.0,0.0,0.0
Japan,14,125227,3,0.21875,0.21875,0.0,4,nan,0.0,0.0,0.21875,0.28284438233822584,0.0,0.0,0.1,0.037837862968444824,0.0
Japan,14,51347,4,0.171875,0.3125,0.140625,5,nan,0.0,0.0,0.3125,0.7444531247019768,0.0,0.0,0.1,0.09840317964553832,0.012048192771084338
Japan,14,156353,5,0.171875,0.3125,0.140625,5,nan,0.0,0.0,0.3125,0.5406106933951378,0.0,0.0,0.2,0.08810559511184693,0.012048192771084338
Japan,14,14054,6,0.15625,0.4375,0.28125,7,nan,0.0,0.0,0.4375,0.18969905748963356,0.0,0.0,0.4,0.22796905934810638,0.024096385542168676
Japan,14,107592,7,0.15625,0.1875,0.03125,3,nan,0.0,0.0,0.1875,0.19061224535107613,0.0,0.0,0.2,0.16055560111999512,0.012048192771084338
Japan,14,103153,8,0.1371527777777778,0.3125,0.1753472222222222,6,nan,0.375,0.38083034257094067,0.3125,0.31443411111831665,0.16666666666666666,0.042043328285217285,0.2,0.35270875692367554,0.26506024096385544
Japan,14,5663,9,0.125,0.125,0.0,2,nan,0.0,0.0,0.125,0.3160700350999832,0.0,0.0,0.0,0.0,0.0
Japan,14,33576,10,0.125,0.125,0.0,2,nan,0.0,0.0,0.125,5.770711686281516e-10,0.0,0.0,0.0,0.0,0.0
Japan,14,43919,11,0.125,0.125,0.0,2,nan,0.0,0.0,0.125,3.685701743805225e-11,0.0,0.0,0.0,0.0,0.0
Japan,14,54503,12,0.125,0.125,0.0,2,nan,0.0,0.0,0.125,0.2714613527059555,0.0,0.0,0.1,0.11332722902297973,0.0
Japan,14,76536,13,0.125,0.125,0.0,2,nan,0.0,0.0,0.125,0.194720059633255,0.0,0.0,0.1,0.03885797262191772,0.0
Japan,14,82244,14,0.125,0.125,0.0,2,nan,0.05555555555555555,6.010658637478627e-11,0.125,1.2211087696556433e-09,0.0,0.0,0.3,9.46989686667621e-10,0.0
Japan,14,88458,15,0.125,0.125,0.0,2,nan,0.0,0.0,0.125,0.07481105998158455,0.0,0.0,0.0,0.0,0.0
Japan,14,98096,16,0.125,0.125,0.0,2,nan,0.0,0.0,0.125,0.02398151531815529,0.0,0.0,0.1,0.010292240977287292,0.0
Japan,14,100709,17,0.125,0.125,0.0,2,nan,0.0,0.0,0.125,0.004497791640460491,0.0,0.0,0.0,0.0,0.0
Japan,14,114902,18,0.125,0.125,0.0,2,nan,0.0,0.0,0.125,3.784851876353912e-10,0.0,0.0,0.0,0.0,0.0
Japan,14,125122,19,0.125,0.125,0.0,2,nan,0.0,0.0,0.125,1.087417517142697e-10,0.0,0.0,0.0,0.0,0.0
Japan,14,131742,20,0.078125,0.21875,0.140625,4,nan,0.0,0.0,0.21875,0.1084763165563345,0.0,0.0,0.3,0.08299520015716552,0.012048192771084338
Japan,14,47223,21,0.0625,0.11458333333333333,0.05208333333333333,3,nan,0.0,0.0,0.11458333333333333,0.022040446133663256,0.0,0.0,0.0,0.0,0.07228915662650602
Japan,14,98943,22,0.060763888888888895,0.21875,0.1579861111111111,4,nan,0.0,0.0,0.21875,9.861721855797256e-11,0.0,0.0,0.0,0.0,0.03614457831325301
Japan,14,127743,23,0.046875,0.1875,0.140625,3,nan,0.0,0.0,0.1875,0.1165306530892849,0.0,0.0,0.0,0.0,0.012048192771084338
Japan,14,97966,24,0.03993055555555556,0.09375,0.05381944444444444,2,nan,0.19444444444444442,0.19900844577285978,0.09375,0.12361960485577583,0.0,0.0,0.0,0.0,0.10843373493975904
Japan,14,27614,25,0.034722222222222224,0.05208333333333333,0.01736111111111111,2,nan,0.0,0.0,0.05208333333333333,0.012979927783211073,0.0,0.0,0.0,0.0,0.024096385542168676
Japan,14,137699,26,0.034722222222222224,0.05208333333333333,0.01736111111111111,2,nan,0.0,0.0,0.05208333333333333,0.036069696148236595,0.0,0.0,0.0,0.0,0.024096385542168676
Japan,14,38934,27,0.03125,0.3125,0.28125,5,nan,0.0,0.0,0.3125,0.36457573994994164,0.0,0.0,0.6,0.995225703716278,0.024096385542168676
Japan,14,79880,28,0.026041666666666657,0.10416666666666666,0.078125,2,nan,0.0,0.0,0.10416666666666666,0.06401480610171953,0.0,0.0,0.0,0.0,0.10843373493975904
Japan,14,62689,29,0.017361111111111112,0.05208333333333333,0.03472222222222222,2,nan,0.0,0.0,0.05208333333333333,0.166727215051651,0.0,0.0,0.1,0.02306395173072815,0.04819277108433735
Japan,14,59452,30,0.00868055555555556,0.05208333333333333,0.04340277777777777,2,nan,0.0,0.0,0.05208333333333333,0.04511423657337824,0.0,0.0,0.0,0.0,0.060240963855421686
Berlin,14,40906,1,0.14583333333333331,0.41666666666666663,0.2708333333333333,2,0.5,0.13888888888888887,0.25977343734767705,0.0,0.0,0.41666666666666663,1.0845515554149947,0.0,0.0,0.2289156626506024
Berlin,14,113103,2,0.10416666666666663,0.5833333333333333,0.47916666666666663,2,0.5,0.19444444444444442,0.24928753657473457,0.020833333333333332,0.08281034231185913,0.5833333333333333,0.3824336727460225,0.0,0.0,0.40963855421686746
Berlin,14,154187,3,0.04166666666666663,0.6666666666666666,0.625,2,0.5,0.7222222222222222,0.9069522553020054,0.16666666666666666,0.20855821172396344,0.6666666666666666,0.9422281632820766,0.2,0.10425482988357544,0.5903614457831325
Germany,14,62700,1,0.3,0.3,0.0,3,nan,0.0,0.0,0.0,0.0,0.0,0.0,0.3,0.27165949940681455,0.012048192771084338
Germany,14,82244,2,0.3,0.3,0.0,3,nan,0.05555555555555555,6.010658637478627e-11,0.125,1.2211087696556433e-09,0.0,0.0,0.3,9.46989686667621e-10,0.0
Germany,14,150878,3,0.3,0.3,0.0,3,nan,0.0,0.0,0.0,0.0,0.0,0.0,0.3,8.738412216047208e-11,0.0
Germany,14,162378,4,0.3,0.3,0.0,3,nan,0.0,0.0,0.3125,0.33109457045793533,0.0,0.0,0.3,0.3257549166679382,0.0
Germany,14,38934,5,0.2666666666666667,0.6,0.33333333333333326,6,nan,0.0,0.0,0.3125,0.36457573994994164,0.0,0.0,0.6,0.995225703716278,0.024096385542168676
Germany,14,20347,6,0.2,0.2,0.0,2,nan,0.0,0.0,0.0625,0.019141659140586853,0.0,0.0,0.2,0.049267548322677615,0.0
Germany,14,72875,7,0.2,0.2,0.0,2,nan,0.0,0.0,0.0,0.0,0.0,0.0,0.2,0.019359871745109558,0.0
Germany,14,107592,8,0.2,0.2,0.0,2,nan,0.0,0.0,0.1875,0.19061224535107613,0.0,0.0,0.2,0.16055560111999512,0.012048192771084338
Germany,14,119869,9,0.2,0.2,0.0,2,nan,0.0,0.0,0.0,0.0,0.0,0.0,0.2,0.039476171135902405,0.0
Germany,14,98348,10,0.13333333333333336,0.3,0.16666666666666663,3,nan,0.0,0.0,0.125,0.03559001721441746,0.0,0.0,0.3,0.0736664965748787,0.04819277108433735
Germany,14,131742,11,0.13333333333333336,0.3,0.16666666666666663,3,nan,0.0,0.0,0.21875,0.1084763165563345,0.0,0.0,0.3,0.08299520015716552,0.012048192771084338
Germany,14,14054,12,0.06666666666666676,0.4,0.33333333333333326,4,nan,0.0,0.0,0.4375,0.18969905748963356,0.0,0.0,0.4,0.22796905934810638,0.024096385542168676
Germany,14,19752,13,0.03333333333333338,0.2,0.16666666666666663,2,nan,0.0,0.0,0.0625,0.043891485780477524,0.0,0.0,0.2,0.02675381153821945,0.012048192771084338
Germany,14,90756,14,0.03333333333333338,0.2,0.16666666666666663,2,nan,0.0,0.0,0.0625,3.3587160830350626e-12,0.0,0.0,0.2,6.56688481370793e-11,0.012048192771084338
Germany,14,103153,15,0.03333333333333338,0.2,0.16666666666666663,2,nan,0.375,0.38083034257094067,0.3125,0.31443411111831665,0.16666666666666666,0.042043328285217285,0.2,0.35270875692367554,0.26506024096385544
Germany,14,111574,16,0.03333333333333338,0.2,0.16666666666666663,2,nan,0.0,0.0,0.0625,0.005877817049622536,0.0,0.0,0.2,0.03052418977022171,0.012048192771084338
Germany,14,130471,17,0.03333333333333338,0.2,0.16666666666666663,2,nan,0.0,0.0,0.125,2.3038096430560984e-10,0.0,0.0,0.2,1.4185952412759661e-10,0.012048192771084338
Germany,14,154187,18,0.03333333333333338,0.2,0.16666666666666663,2,nan,0.7222222222222222,0.9069522553020054,0.16666666666666666,0.20855821172396344,0.6666666666666666,0.9422281632820766,0.2,0.10425482988357544,0.5903614457831325
Germany,14,156353,19,0.03333333333333338,0.2,0.16666666666666663,2,nan,0.0,0.0,0.3125,0.5406106933951378,0.0,0.0,0.2,0.08810559511184693,0.012048192771084338
Tokyo,15,126841,1,0.39814814814814814,0.4305555555555555,0.0324074074074074,4,0.0,0.4305555555555555,0.5757819405860372,0.65625,1.3896772153675556,0.0,0.0,1.0,1.22006596326828,0.060240963855421686
Tokyo,15,104468,2,0.31018518518518534,0.513888888888889,0.20370370370370364,4,0.0,0.513888888888889,0.3627743435402711,0.07291666666666666,0.04585615359246731,0.0,0.0,0.0,0.0,0.12048192771084337
Tokyo,15,96919,3,0.24537037037037035,0.27777777777777773,0.0324074074074074,2,0.0,0.27777777777777773,0.2848501669036017,0.0,0.0,0.0,0.0,0.0,0.0,0.012048192771084338
Tokyo,15,81621,4,0.24074074074074073,0.3055555555555555,0.0648148148148148,3,0.0,0.3055555555555555,0.09825658881002003,0.020833333333333332,0.005080748349428177,0.0,0.0,0.0,0.0,0.03614457831325301
Tokyo,15,43182,5,0.16666666666666666,0.16666666666666666,0.0,2,0.0,0.16666666666666666,0.10019478367434609,0.0,0.0,0.0,0.0,0.0,0.0,0.0
Tokyo,15,114421,6,0.16666666666666666,0.16666666666666666,0.0,2,0.0,0.16666666666666666,0.0686671170923445,0.65625,1.4143379554152489,0.0,0.0,0.8,1.5172563672065735,0.08433734939759036
Tokyo,15,59831,7,0.15277777777777776,0.15277777777777776,0.0,3,0.0,0.15277777777777776,0.03018469860156377,0.0625,0.049778446555137634,0.0,0.0,0.0,0.0,0.0
Tokyo,15,89462,8,0.13425925925925924,0.16666666666666666,0.0324074074074074,2,0.0,0.16666666666666666,0.3477952314747705,0.0,0.0,0.0,0.0,0.0,0.0,0.012048192771084338
Tokyo,15,43898,9,0.12962962962962965,0.3055555555555555,0.17592592592592587,3,0.6666666666666666,0.3055555555555555,0.7349507096740934,0.020833333333333332,0.047477985421816506,0.3333333333333333,1.342954158782959,0.0,0.0,0.3493975903614458
Tokyo,15,89333,10,0.10119047619047628,1.0,0.8988095238095237,6,0.6666666666666666,1.0,2.1750195258193545,0.6875,1.0873790023227534,0.5,1.2751796046892803,0.3,0.6337964415550232,0.9156626506024096
Tokyo,15,79659,11,0.09589947089947098,0.5694444444444444,0.47354497354497344,5,0.3333333333333333,0.5694444444444444,1.456970602273941,0.34375,0.6134411791960398,0.8333333333333333,1.674380878607432,0.0,0.0,0.6144578313253012
Tokyo,15,121137,12,0.0787037037037037,0.1111111111111111,0.0324074074074074,2,0.0,0.1111111111111111,0.013725309736198848,0.0,0.0,0.0,0.0,0.0,0.0,0.07228915662650602
Tokyo,15,106203,13,0.0740740740740741,0.23611111111111108,0.16203703703703698,3,0.0,0.23611111111111108,0.021684397839837607,0.0,0.0,0.25,0.011360550299286842,0.0,0.0,0.060240963855421686
Tokyo,15,103296,14,0.07010582010582009,0.23611111111111108,0.166005291005291,4,0.0,0.23611111111111108,0.37134377327230245,0.0,0.0,0.125,0.054202377796173096,0.0,0.0,0.07228915662650602
Tokyo,15,21247,15,0.0667989417989418,0.1111111111111111,0.0443121693121693,2,0.0,0.1111111111111111,0.047345767418543495,0.0,0.0,0.0,0.0,0.0,0.0,0.04819277108433735
Tokyo,15,121025,16,0.06018518518518523,0.6666666666666666,0.6064814814814814,5,0.0,0.6666666666666666,1.312011681497097,0.0,0.0,0.5,1.1764153838157654,0.0,0.0,0.20481927710843373
Tokyo,15,67569,17,0.02513227513227513,0.09722222222222221,0.07208994708994708,2,0.0,0.09722222222222221,0.02597326868110233,0.0,0.0,0.16666666666666666,0.053111255168914795,0.0,0.0,0.13253012048192772
Tokyo,15,118183,18,0.023148148148148154,0.1111111111111111,0.08796296296296295,2,0.3333333333333333,0.1111111111111111,0.07914718819989099,0.09375,0.04453118331730366,0.16666666666666666,0.2058959404627482,0.1,0.06139204502105713,0.20481927710843373
Tokyo,15,150074,19,0.009920634920634941,0.3194444444444444,0.3095238095238095,4,0.0,0.3194444444444444,0.0508168422513538,0.1875,0.12203894695267081,0.29166666666666663,0.05857843657334646,0.1,0.10823851823806763,0.1927710843373494
Japan,15,15624,1,0.3888888888888889,0.40625,0.01736111111111111,7,nan,0.0,0.0,0.40625,0.14115877822041512,0.0,0.0,0.1,0.04379373788833618,0.024096385542168676
Japan,15,34619,2,0.25,0.25,0.0,4,nan,0.0,0.0,0.25,0.07589698769152164,0.0,0.0,0.1,0.019212064146995545,0.0
Japan,15,126841,3,0.22569444444444442,0.65625,0.4305555555555556,11,nan,0.4305555555555555,0.5757819405860372,0.65625,1.3896772153675556,0.0,0.0,1.0,1.22006596326828,0.060240963855421686
Japan,15,79659,4,0.21354166666666669,0.34375,0.13020833333333331,6,nan,0.5694444444444444,1.456970602273941,0.34375,0.6134411791960398,0.8333333333333333,1.674380878607432,0.0,0.0,0.6144578313253012
Japan,15,39890,5,0.1979166666666667,0.30208333333333337,0.10416666666666666,6,nan,0.0,0.0,0.30208333333333337,0.1332877582559983,0.0,0.0,0.0,0.0,0.14457831325301204
Japan,15,111299,6,0.1875,0.1875,0.0,3,nan,0.0,0.0,0.1875,0.012782548554241657,0.0,0.0,0.0,0.0,0.0
Japan,15,117698,7,0.1875,0.1875,0.0,3,nan,0.0,0.0,0.1875,0.008684066939167678,0.0,0.0,0.1,0.003821142017841339,0.0
Japan,15,158731,8,0.1875,0.1875,0.0,3,nan,0.0,0.0,0.1875,0.2238207720220089,0.0,0.0,0.1,0.018092024326324462,0.0
Japan,15,147550,9,0.171875,0.3125,0.140625,5,nan,0.0,0.0,0.3125,0.03794737346470356,0.0,0.0,0.0,0.0,0.012048192771084338
Japan,15,33670,10,0.1701388888888889,0.1875,0.01736111111111111,3,nan,0.0,0.0,0.1875,0.13700686395168304,0.0,0.0,0.0,0.0,0.024096385542168676
Japan,15,104728,11,0.15451388888888884,0.9270833333333334,0.7725694444444445,16,nan,0.16666666666666666,0.0827660361925761,0.9270833333333334,2.3278648822257915,0.0,0.0,1.0,2.3195390939712524,0.1686746987951807
Japan,15,150074,12,0.1267361111111111,0.1875,0.06076388888888888,4,nan,0.3194444444444444,0.0508168422513538,0.1875,0.12203894695267081,0.29166666666666663,0.05857843657334646,0.1,0.10823851823806763,0.1927710843373494
Japan,15,2340,13,0.125,0.125,0.0,2,nan,0.0,0.0,0.125,0.07819527387619019,0.0,0.0,0.1,0.12734854221343994,0.0
Japan,15,4253,14,0.125,0.125,0.0,2,nan,0.0,0.0,0.125,9.23728177282257e-11,0.0,0.0,0.0,0.0,0.0
Japan,15,13340,15,0.125,0.125,0.0,2,nan,0.0,0.0,0.125,0.6682659089565277,0.0,0.0,0.0,0.0,0.0
Japan,15,32096,16,0.125,0.125,0.0,2,nan,0.0,0.0,0.125,0.12717405706644058,0.0,0.0,0.0,0.0,0.0
Japan,15,39291,17,0.125,0.125,0.0,2,nan,0.0,0.0,0.125,0.057267460972070694,0.0,0.0,0.0,0.0,0.0
Japan,15,75578,18,0.125,0.125,0.0,2,nan,0.0,0.0,0.125,0.11471645534038544,0.0,0.0,0.0,0.0,0.0
Japan,15,90009,19,0.125,0.125,0.0,2,nan,0.0,0.0,0.125,3.214095656289828e-11,0.0,0.0,0.1,1.9930790351452288e-11,0.0
Japan,15,99164,20,0.125,0.125,0.0,2,nan,0.0,0.0,0.125,0.042604703456163406,0.0,0.0,0.0,0.0,0.0
Japan,15,99670,21,0.125,0.125,0.0,2,nan,0.0,0.0,0.125,0.046848734840750694,0.0,0.0,0.1,0.009155565500259399,0.0
Japan,15,109914,22,0.125,0.125,0.0,2,nan,0.0,0.0,0.125,0.016620974987745285,0.0,0.0,0.0,0.0,0.0
Japan,15,125007,23,0.125,0.125,0.0,2,nan,0.0,0.0,0.125,0.032790353521704674,0.0,0.0,0.2,0.03520527482032776,0.0
Japan,15,139214,24,0.125,0.125,0.0,2,nan,0.0,0.0,0.125,0.10853444784879684,0.0,0.0,0.0,0.0,0.0
Japan,15,41343,25,0.109375,0.25,0.140625,4,nan,0.0,0.0,0.25,0.3021797947585583,0.0,0.0,0.2,0.1083809792995453,0.012048192771084338
Japan,15,47364,26,0.10243055555555554,0.14583333333333331,0.043402777777777776,3,nan,0.0,0.0,0.14583333333333331,0.12362643765906493,0.0,0.0,0.0,0.0,0.060240963855421686
Japan,15,94074,27,0.09027777777777779,0.125,0.03472222222222222,3,nan,0.0,0.0,0.125,0.08392377384006977,0.0,0.0,0.0,0.0,0.04819277108433735
Japan,15,39892,28,0.08506944444444445,0.09375,0.008680555555555554,2,nan,0.0,0.0,0.09375,0.06905017048120499,0.0,0.0,0.0,0.0,0.012048192771084338
Japan,15,38072,29,0.078125,0.21875,0.140625,4,nan,0.0,0.0,0.21875,0.013273647055029869,0.0,0.0,0.0,0.0,0.012048192771084338
Japan,15,61650,30,0.046875,0.1875,0.140625,3,nan,0.0,0.0,0.1875,0.1260698027908802,0.0,0.0,0.1,0.046252083778381345,0.012048192771084338
Japan,15,104468,31,0.03819444444444444,0.07291666666666666,0.03472222222222222,2,nan,0.513888888888889,0.3627743435402711,0.07291666666666666,0.04585615359246731,0.0,0.0,0.0,0.0,0.12048192771084337
Japan,15,142507,32,0.034722222222222224,0.05208333333333333,0.01736111111111111,2,nan,0.0,0.0,0.05208333333333333,0.04803557197252909,0.0,0.0,0.0,0.0,0.024096385542168676
Japan,15,136116,33,0.020833333333333343,0.09375,0.07291666666666666,2,nan,0.0,0.0,0.09375,0.1759217424939076,0.0,0.0,0.0,0.0,0.0963855421686747
Japan,15,106250,34,0.017361111111111105,0.10416666666666666,0.08680555555555555,2,nan,0.0,0.0,0.10416666666666666,0.0781758005420367,0.0,0.0,0.0,0.0,0.13253012048192772
Japan,15,8658,35,0.015625,0.26041666666666663,0.24479166666666663,5,nan,0.8888888888888888,1.459811415937212,0.26041666666666663,0.3791208316882451,0.6666666666666666,0.9287197639544804,0.3,0.11384409070014953,0.6144578313253012
Japan,15,44209,36,0.008680555555555552,0.05208333333333333,0.043402777777777776,2,nan,0.0,0.0,0.05208333333333333,0.09308324257532756,0.0,0.0,0.0,0.0,0.060240963855421686
Berlin,15,79659,1,0.2321428571428571,0.8333333333333333,0.6011904761904762,2,0.25,0.5694444444444444,1.456970602273941,0.34375,0.6134411791960398,0.8333333333333333,1.674380878607432,0.0,0.0,0.6144578313253012
Berlin,15,150074,2,0.11309523809523803,0.29166666666666663,0.1785714285714286,2,0.0,0.3194444444444444,0.0508168422513538,0.1875,0.12203894695267081,0.29166666666666663,0.05857843657334646,0.1,0.10823851823806763,0.1927710843373494
Germany,15,126841,1,0.5,1.0,0.49999999999999994,10,nan,0.4305555555555555,0.5757819405860372,0.65625,1.3896772153675556,0.0,0.0,1.0,1.22006596326828,0.060240963855421686
Germany,15,125007,2,0.2,0.2,0.0,2,nan,0.0,0.0,0.125,0.032790353521704674,0.0,0.0,0.2,0.03520527482032776,0.0
Germany,15,104728,3,0.16666666666666674,1.0,0.8333333333333333,10,nan,0.16666666666666666,0.0827660361925761,0.9270833333333334,2.3278648822257915,0.0,0.0,1.0,2.3195390939712524,0.1686746987951807
Germany,15,8658,4,0.13333333333333336,0.3,0.16666666666666663,3,nan,0.8888888888888888,1.459811415937212,0.26041666666666663,0.3791208316882451,0.6666666666666666,0.9287197639544804,0.3,0.11384409070014953,0.6144578313253012
Germany,15,51381,5,0.13333333333333336,0.3,0.16666666666666663,3,nan,0.0,0.0,0.0625,0.011762955226004124,0.0,0.0,0.3,0.03671334385871887,0.012048192771084338
Germany,15,139744,6,0.06666666666666676,0.4,0.33333333333333326,4,nan,0.0,0.0,0.28125,0.09332476975396276,0.0,0.0,0.4,0.11366230845451356,0.024096385542168676
Germany,15,41343,7,0.03333333333333338,0.2,0.16666666666666663,2,nan,0.0,0.0,0.25,0.3021797947585583,0.0,0.0,0.2,0.1083809792995453,0.012048192771084338
Germany,15,43381,8,0.03333333333333338,0.2,0.16666666666666663,2,nan,0.0,0.0,0.125,0.0036993399262428284,0.0,0.0,0.2,0.25829477310180665,0.012048192771084338
Germany,15,110691,9,0.03333333333333338,0.2,0.16666666666666663,2,nan,0.0,0.0,0.0,0.0,0.0,0.0,0.2,0.026590679585933686,0.012048192771084338
Germany,15,127742,10,0.03333333333333338,0.2,0.16666666666666663,2,nan,0.0,0.0,0.0625,0.019375618547201157,0.0,0.0,0.2,0.19249675273895264,0.012048192771084338
Tokyo,16,145588,1,0.2222222222222222,0.2222222222222222,0.0,2,0.0,0.2222222222222222,0.14424381984604728,0.34375,0.21735200472176075,0.0,0.0,0.4,0.07951022684574127,0.024096385542168676
Tokyo,16,6676,2,0.1851851851851852,0.25,0.0648148148148148,3,0.0,0.25,0.12229072468148339,0.8958333333333334,1.5941423904150724,0.0,0.0,0.9,2.2028949737548826,0.1566265060240964
Tokyo,16,115915,3,0.10515873015873023,0.8888888888888888,0.7837301587301586,6,0.3333333333333333,0.8888888888888888,1.2615157514810562,0.0,0.0,0.6666666666666666,1.1254371106624603,0.0,0.0,0.39759036144578314
Tokyo,16,91781,4,0.06481481481481481,0.09722222222222221,0.0324074074074074,2,0.3333333333333333,0.09722222222222221,0.019129859904448192,0.03125,0.03168459236621857,0.16666666666666666,0.03606738646825155,0.0,0.0,0.03614457831325301
Tokyo,16,95290,5,0.05092592592592593,0.08333333333333333,0.0324074074074074,2,0.0,0.08333333333333333,0.00902485599120458,0.0,0.0,0.125,0.024299416691064835,0.0,0.0,0.012048192771084338
Japan,16,22822,1,0.3125,0.59375,0.28125,10,nan,0.0,0.0,0.59375,0.39460174832493067,0.0,0.0,0.4,0.15294150561094283,0.024096385542168676
Japan,16,15758,2,0.25,0.25,0.0,4,nan,0.0,0.0,0.25,0.01915557309985161,0.0,0.0,0.0,0.0,0.0
Japan,16,35637,3,0.1875,0.1875,0.0,3,nan,0.0,0.0,0.1875,0.08158435299992561,0.0,0.0,0.1,0.13554468154907226,0.0
Japan,16,106025,4,0.1875,0.1875,0.0,3,nan,0.0,0.0,0.1875,0.24962731823325157,0.0,0.0,0.0,0.0,0.0
Japan,16,107183,5,0.1875,0.1875,0.0,3,nan,0.0,0.0,0.1875,1.0577028142222389e-10,0.0,0.0,0.1,4.968185862708197e-11,0.0
Japan,16,153344,6,0.1875,0.1875,0.0,3,nan,0.0,0.0,0.1875,0.025957142002880573,0.0,0.0,0.0,0.0,0.0
Japan,16,121560,7,0.171875,0.3125,0.140625,5,nan,0.0,0.0,0.3125,0.7194812819361687,0.0,0.0,0.3,0.28590590953826905,0.012048192771084338
Japan,16,6417,8,0.125,0.125,0.0,2,nan,0.0,0.0,0.125,0.07580800727009773,0.0,0.0,0.0,0.0,0.0
Japan,16,12730,9,0.125,0.125,0.0,2,nan,0.0,0.0,0.125,3.755084160284028e-10,0.0,0.0,0.0,0.0,0.0
Japan,16,22953,10,0.125,0.125,0.0,2,nan,0.0,0.0,0.125,1.0654221949124576e-10,0.0,0.0,0.0,0.0,0.0
Japan,16,27800,11,0.125,0.125,0.0,2,nan,0.0,0.0,0.125,9.81058542492974e-06,0.0,0.0,0.0,0.0,0.0
Japan,16,32781,12,0.125,0.125,0.0,2,nan,0.0,0.0,0.125,0.0228565726429224,0.0,0.0,0.0,0.0,0.0
Japan,16,35598,13,0.125,0.125,0.0,2,nan,0.0,0.0,0.125,0.12284263223409653,0.0,0.0,0.0,0.0,0.0
Japan,16,48242,14,0.125,0.125,0.0,2,nan,0.0,0.0,0.125,0.05715499259531498,0.0,0.0,0.0,0.0,0.0
Japan,16,55765,15,0.125,0.125,0.0,2,nan,0.0,0.0,0.125,0.06714855134487152,0.0,0.0,0.0,0.0,0.0
Japan,16,72533,16,0.125,0.125,0.0,2,nan,0.0,0.0,0.125,0.008011963218450546,0.0,0.0,0.0,0.0,0.0
Japan,16,76912,17,0.125,0.125,0.0,2,nan,0.0,0.0,0.125,0.01673367526382208,0.0,0.0,0.1,0.01925579011440277,0.0
Japan,16,89178,18,0.125,0.125,0.0,2,nan,0.0,0.0,0.125,0.025448991917073727,0.0,0.0,0.0,0.0,0.0
Japan,16,90640,19,0.125,0.125,0.0,2,nan,0.0,0.0,0.125,0.008148141205310822,0.0,0.0,0.0,0.0,0.0
Japan,16,101698,20,0.125,0.125,0.0,2,nan,0.0,0.0,0.125,7.237627164258242e-11,0.0,0.0,0.0,0.0,0.0
Japan,16,105955,21,0.125,0.125,0.0,2,nan,0.0,0.0,0.125,0.139676533639431,0.0,0.0,0.0,0.0,0.0
Japan,16,111166,22,0.125,0.125,0.0,2,nan,0.0,0.0,0.125,0.3506125286221504,0.0,0.0,0.0,0.0,0.0
Japan,16,30610,23,0.10763888888888884,0.6875,0.5798611111111112,12,nan,0.0,0.0,0.6875,0.6807517372071743,0.0,0.0,0.9,0.7324004411697388,0.07228915662650602
Japan,16,36386,24,0.08506944444444445,0.09375,0.008680555555555554,2,nan,0.0,0.0,0.09375,0.00923108123242855,0.0,0.0,0.0,0.0,0.012048192771084338
Japan,16,65332,25,0.078125,0.21875,0.140625,4,nan,0.0,0.0,0.21875,3.2956692930241616e-10,0.0,0.0,0.3,1.2577968888649592e-09,0.012048192771084338
Japan,16,153946,26,0.0763888888888889,0.09375,0.01736111111111111,2,nan,0.0,0.0,0.09375,0.028744997456669807,0.0,0.0,0.0,0.0,0.024096385542168676
Japan,16,145588,27,0.0625,0.34375,0.28125,6,nan,0.2222222222222222,0.14424381984604728,0.34375,0.21735200472176075,0.0,0.0,0.4,0.07951022684574127,0.024096385542168676
Japan,16,94419,28,0.046875,0.1875,0.140625,3,nan,0.0,0.0,0.1875,0.042916927486658096,0.0,0.0,0.1,0.02829912304878235,0.012048192771084338
Japan,16,96026,29,0.046875,0.1875,0.140625,3,nan,0.0,0.0,0.1875,0.014578578528016806,0.0,0.0,0.2,0.0031083114445209503,0.012048192771084338
Japan,16,137036,30,0.046875,0.1875,0.140625,3,nan,0.0,0.0,0.1875,0.19234716147184372,0.0,0.0,0.1,0.04356374740600586,0.012048192771084338
Japan,16,153553,31,0.046875,0.1875,0.140625,3,nan,0.0,0.0,0.1875,0.057262844406068325,0.0,0.0,0.4,0.060186901688575746,0.012048192771084338
Japan,16,126112,32,0.043402777777777776,0.05208333333333333,0.008680555555555554,2,nan,0.0,0.0,0.05208333333333333,0.06483906755844752,0.0,0.0,0.0,0.0,0.012048192771084338
Japan,16,99944,33,0.017361111111111105,0.10416666666666666,0.08680555555555555,2,nan,0.0,0.0,0.10416666666666666,0.1379387378692627,0.0,0.0,0.0,0.0,0.12048192771084337
Japan,16,83409,34,0.01215277777777779,0.09375,0.08159722222222221,2,nan,0.0,0.0,0.09375,0.2086007446050644,0.0,0.0,0.0,0.0,0.10843373493975904
Japan,16,25388,35,0.01041666666666663,0.90625,0.8958333333333334,15,nan,0.0,0.0,0.90625,2.5843600891530514,0.0,0.0,1.0,2.488450366258621,0.1566265060240964
Japan,16,6676,36,0.00868055555555558,0.8958333333333334,0.8871527777777778,16,nan,0.25,0.12229072468148339,0.8958333333333334,1.5941423904150724,0.0,0.0,0.9,2.2028949737548826,0.1566265060240964
Berlin,16,115915,1,0.08630952380952384,0.6666666666666666,0.5803571428571428,2,0.5,0.8888888888888888,1.2615157514810562,0.0,0.0,0.6666666666666666,1.1254371106624603,0.0,0.0,0.39759036144578314
Germany,16,88530,1,0.4,0.4,0.0,4,nan,0.0,0.0,0.0625,0.025587793439626694,0.0,0.0,0.4,0.25447794795036316,0.0
Germany,16,30610,2,0.2333333333333335,0.9,0.6666666666666665,9,nan,0.0,0.0,0.6875,0.6807517372071743,0.0,0.0,0.9,0.7324004411697388,0.07228915662650602
Germany,16,153553,3,0.2333333333333334,0.4,0.16666666666666663,4,nan,0.0,0.0,0.1875,0.057262844406068325,0.0,0.0,0.4,0.060186901688575746,0.012048192771084338
Germany,16,11104,4,0.2,0.2,0.0,2,nan,0.0,0.0,0.0,0.0,0.0,0.0,0.2,0.02673609256744385,0.0
Germany,16,32597,5,0.2,0.2,0.0,2,nan,0.0,0.0,0.0625,0.013207599520683289,0.0,0.0,0.2,0.13730766773223876,0.0
Germany,16,56854,6,0.2,0.2,0.0,2,nan,0.0,0.0,0.0,0.0,0.0,0.0,0.2,0.03268439173698425,0.0
Germany,16,58460,7,0.2,0.2,0.0,2,nan,0.0,0.0,0.0,0.0,0.0,0.0,0.2,0.03386339247226715,0.0
Germany,16,83053,8,0.16666666666666674,0.5,0.33333333333333326,5,nan,0.0,0.0,0.125,2.4166887935272996e-10,0.0,0.0,0.5,6.192504287128031e-10,0.024096385542168676
Germany,16,65332,9,0.13333333333333336,0.3,0.16666666666666663,3,nan,0.0,0.0,0.21875,3.2956692930241616e-10,0.0,0.0,0.3,1.2577968888649592e-09,0.012048192771084338
Germany,16,98882,10,0.13333333333333336,0.3,0.16666666666666663,3,nan,0.0,0.0,0.0625,2.4861696035216596e-11,0.0,0.0,0.3,3.0238682668937144e-10,0.012048192771084338
Germany,16,121560,11,0.13333333333333336,0.3,0.16666666666666663,3,nan,0.0,0.0,0.3125,0.7194812819361687,0.0,0.0,0.3,0.28590590953826905,0.012048192771084338
Germany,16,22822,12,0.06666666666666676,0.4,0.33333333333333326,4,nan,0.0,0.0,0.59375,0.39460174832493067,0.0,0.0,0.4,0.15294150561094283,0.024096385542168676
Germany,16,145588,13,0.06666666666666676,0.4,0.33333333333333326,4,nan,0.2222222222222222,0.14424381984604728,0.34375,0.21735200472176075,0.0,0.0,0.4,0.07951022684574127,0.024096385542168676
Germany,16,96026,14,0.03333333333333338,0.2,0.16666666666666663,2,nan,0.0,0.0,0.1875,0.014578578528016806,0.0,0.0,0.2,0.0031083114445209503,0.012048192771084338
Germany,16,126688,15,0.03333333333333338,0.2,0.16666666666666663,2,nan,0.0,0.0,0.0625,1.1595396864905183e-10,0.0,0.0,0.2,3.159855488377161e-10,0.012048192771084338
Tokyo,17,60424,1,0.3829365079365079,0.5694444444444444,0.18650793650793648,5,0.0,0.5694444444444444,0.9711413118574354,0.7604166666666666,2.111862388749917,0.0,0.0,0.8,2.4509077787399294,0.39759036144578314
Tokyo,17,112974,2,0.2222222222222222,0.2222222222222222,0.0,2,0.0,0.2222222222222222,0.15066812104649016,0.125,0.06341314688324928,0.0,0.0,0.0,0.0,0.0
Tokyo,17,44880,3,0.20833333333333334,0.20833333333333334,0.0,2,0.0,0.20833333333333334,1.1091252360984072e-09,0.0,0.0,0.0,0.0,0.0,0.0,0.0
Tokyo,17,87385,4,0.10648148148148151,0.2638888888888889,0.15740740740740738,3,0.0,0.2638888888888889,0.40535571840074325,0.0625,0.01802605763077736,0.0,0.0,0.0,0.0,0.0963855421686747
Tokyo,17,49539,5,0.05555555555555558,0.19444444444444442,0.13888888888888884,2,0.0,0.19444444444444442,0.1495060134265158,0.9270833333333334,2.835397639622291,0.0,0.0,1.0,3.2593514680862428,0.24096385542168675
Tokyo,17,13891,6,0.04034391534391529,0.40277777777777773,0.36243386243386244,5,0.0,0.40277777777777773,1.5611630777517955,0.05208333333333333,0.18290530393520993,0.75,1.5979220072428384,0.0,0.0,0.5662650602409639
Japan,17,3582,1,0.53125,0.5833333333333334,0.05208333333333333,11,nan,0.8888888888888888,7.457012984487746,0.5833333333333334,0.6698867063969374,0.6666666666666666,5.862576166788737,0.6,0.6908069044351578,0.5301204819277109
Japan,17,63089,2,0.25,0.25,0.0,4,nan,0.0,0.0,0.25,0.3274446651339531,0.0,0.0,0.2,0.3713356971740723,0.0
Japan,17,15678,3,0.21354166666666669,0.34375,0.13020833333333331,6,nan,0.611111111111111,7.687072025405036,0.34375,1.6674803172548611,1.0,11.728617310523987,0.0,0.0,0.8433734939759037
Japan,17,160677,4,0.2065972222222222,0.25,0.043402777777777776,5,nan,0.0,0.0,0.25,0.5610247403383255,0.0,0.0,0.2,0.289004385471344,0.060240963855421686
Japan,17,13022,5,0.1875,0.1875,0.0,3,nan,0.0,0.0,0.1875,0.071078697219491,0.0,0.0,0.0,0.0,0.0
Japan,17,61503,6,0.1875,0.1875,0.0,3,nan,0.0,0.0,0.1875,3.2229536817141025e-09,0.0,0.0,0.0,0.0,0.0
Japan,17,1812,7,0.125,0.125,0.0,2,nan,0.0,0.0,0.125,2.6904878325240134e-10,0.0,0.0,0.0,0.0,0.0
Japan,17,14403,8,0.125,0.125,0.0,2,nan,0.0,0.0,0.125,0.04737997427582741,0.0,0.0,0.0,0.0,0.0
Japan,17,42562,9,0.125,0.125,0.0,2,nan,0.0,0.0,0.125,0.10409544035792351,0.0,0.0,0.0,0.0,0.0
Japan,17,46041,10,0.125,0.125,0.0,2,nan,0.0,0.0,0.125,0.16402680426836014,0.0,0.0,0.0,0.0,0.0
Japan,17,92340,11,0.125,0.125,0.0,2,nan,0.0,0.0,0.125,0.032025523483753204,0.0,0.0,0.0,0.0,0.0
Japan,17,103584,12,0.125,0.125,0.0,2,nan,0.0,0.0,0.125,2.2614365935424985e-10,0.0,0.0,0.0,0.0,0.0
Japan,17,112974,13,0.125,0.125,0.0,2,nan,0.2222222222222222,0.15066812104649016,0.125,0.06341314688324928,0.0,0.0,0.0,0.0,0.0
Japan,17,152071,14,0.125,0.125,0.0,2,nan,0.0,0.0,0.125,0.0875420868396759,0.0,0.0,0.0,0.0,0.0
Japan,17,132685,15,0.09375,0.09375,0.0,2,nan,0.0,0.0,0.09375,2.639167884233018e-09,0.0,0.0,0.0,0.0,0.0
Japan,17,104640,16,0.09027777777777779,0.125,0.03472222222222222,2,nan,0.0,0.0,0.125,0.11971780471503735,0.0,0.0,0.0,0.0,0.04819277108433735
Japan,17,20350,17,0.0625,0.11458333333333333,0.05208333333333333,3,nan,0.0,0.0,0.11458333333333333,0.11266308774550757,0.0,0.0,0.0,0.0,0.07228915662650602
Japan,17,150354,18,0.05381944444444445,0.11458333333333333,0.06076388888888888,3,nan,0.125,0.5706928173700968,0.11458333333333333,0.5160089681545894,0.5416666666666666,0.884720136721929,0.0,0.0,0.2891566265060241
Japan,17,13891,19,0.0069444444444444475,0.05208333333333333,0.04513888888888888,2,nan,0.40277777777777773,1.5611630777517955,0.05208333333333333,0.18290530393520993,0.75,1.5979220072428384,0.0,0.0,0.5662650602409639
Berlin,17,150354,1,0.19478438228438227,0.5416666666666666,0.34688228438228436,2,0.5,0.125,0.5706928173700968,0.11458333333333333,0.5160089681545894,0.5416666666666666,0.884720136721929,0.0,0.0,0.2891566265060241
Berlin,17,13891,2,0.14880952380952384,0.75,0.6011904761904762,2,0.0,0.40277777777777773,1.5611630777517955,0.05208333333333333,0.18290530393520993,0.75,1.5979220072428384,0.0,0.0,0.5662650602409639
Berlin,17,15678,3,0.08333333333333326,1.0,0.9166666666666667,2,0.75,0.611111111111111,7.687072025405036,0.34375,1.6674803172548611,1.0,11.728617310523987,0.0,0.0,0.8433734939759037
Berlin,17,70371,4,0.02083333333333337,1.0,0.9791666666666666,2,0.75,0.888888888888889,2.2897016803423567,0.21875,0.5407999952634175,1.0,2.8574828902880354,0.1,0.03093729019165039,0.9397590361445783
Germany,17,3582,1,0.6,0.6,0.0,6,nan,0.8888888888888888,7.457012984487746,0.5833333333333334,0.6698867063969374,0.6666666666666666,5.862576166788737,0.6,0.6908069044351578,0.5301204819277109
Germany,17,63089,2,0.2,0.2,0.0,2,nan,0.0,0.0,0.25,0.3274446651339531,0.0,0.0,0.2,0.3713356971740723,0.0
Germany,17,160677,3,0.2,0.2,0.0,2,nan,0.0,0.0,0.25,0.5610247403383255,0.0,0.0,0.2,0.289004385471344,0.060240963855421686
Germany,17,44147,4,0.13333333333333353,0.8,0.6666666666666665,8,nan,0.0,0.0,0.6041666666666666,0.9857619528969129,0.0,0.0,0.8,1.4244895935058595,0.1927710843373494
Germany,17,80134,5,0.13333333333333336,0.3,0.16666666666666663,3,nan,0.0,0.0,0.0,0.0,0.0,0.0,0.3,0.008026608452200889,0.012048192771084338
Germany,17,48028,6,0.06666666666666676,0.4,0.33333333333333326,4,nan,0.0,0.0,0.0,0.0,0.0,0.0,0.4,1.657540993349471e-10,0.024096385542168676
Germany,17,90347,7,0.03333333333333338,0.2,0.16666666666666663,2,nan,0.0,0.0,0.0,0.0,0.0,0.0,0.2,1.3375792917713624e-09,0.012048192771084338
Tokyo,18,79350,1,0.29166666666666663,0.38888888888888884,0.0972222222222222,3,0.0,0.38888888888888884,0.6168422963884141,0.3958333333333333,0.7542472916344801,0.0,0.0,0.1,0.022914028167724608,0.0963855421686747
Tokyo,18,94462,2,0.10383597883597889,0.5694444444444444,0.4656084656084655,5,0.3333333333333333,0.5694444444444444,1.4598185867071152,0.8854166666666666,2.193652191509803,0.16666666666666666,0.14296329021453857,0.9,2.863143241405487,0.4819277108433735
Tokyo,18,53348,3,0.10185185185185186,0.16666666666666666,0.0648148148148148,2,0.0,0.16666666666666666,5.1326757658879764e-11,0.0,0.0,0.0,0.0,0.0,0.0,0.024096385542168676
Tokyo,18,156633,4,0.01719576719576721,0.5694444444444444,0.5522486772486772,5,0.3333333333333333,0.5694444444444444,3.3986877111925016,0.34375,1.0082338290909925,0.75,3.9655119280020394,0.0,0.0,0.6867469879518072
Tokyo,18,21757,5,0.003968253968253954,0.8055555555555555,0.8015873015873015,6,0.6666666666666666,0.8055555555555555,2.0738856461313038,0.15625,0.8904023965199788,0.7083333333333333,2.035005211830139,0.0,0.0,0.8433734939759037
Japan,18,118228,1,0.5625,0.9479166666666666,0.38541666666666663,16,nan,0.0,0.0,0.9479166666666666,1.3571771290153265,0.0,0.0,0.4,0.39768019914627073,0.1686746987951807
Japan,18,143985,2,0.4288194444444444,0.4375,0.008680555555555554,7,nan,0.1111111111111111,0.538047817018297,0.4375,1.4334825091063976,0.0,0.0,0.0,0.0,0.012048192771084338
Japan,18,23197,3,0.34375,0.34375,0.0,6,nan,0.0,0.0,0.34375,1.034209384798146e-09,0.0,0.0,0.1,2.2593518167468573e-10,0.0
Japan,18,156633,4,0.2309027777777778,0.34375,0.11284722222222221,6,nan,0.5694444444444444,3.3986877111925016,0.34375,1.0082338290909925,0.75,3.9655119280020394,0.0,0.0,0.6867469879518072
Japan,18,36588,5,0.22916666666666669,0.4479166666666667,0.21875,8,nan,0.0,0.0,0.4479166666666667,0.3764437362551689,0.0,0.0,0.0,0.0,0.12048192771084337
Japan,18,44849,6,0.1875,0.1875,0.0,3,nan,0.0,0.0,0.1875,0.06054592877626419,0.0,0.0,0.0,0.0,0.0
Japan,18,64894,7,0.1875,0.1875,0.0,3,nan,0.0,0.0,0.1875,0.2066364474594593,0.0,0.0,0.2,0.18000757098197936,0.0
Japan,18,16848,8,0.125,0.125,0.0,2,nan,0.0,0.0,0.125,7.094336229584997e-10,0.0,0.0,0.0,0.0,0.0
Japan,18,39038,9,0.125,0.125,0.0,2,nan,0.0,0.0,0.125,0.04648570343852043,0.0,0.0,0.1,0.13846594095230103,0.0
Japan,18,102200,10,0.125,0.125,0.0,2,nan,0.0,0.0,0.125,3.556072103449992e-11,0.0,0.0,0.0,0.0,0.0
Japan,18,107772,11,0.125,0.125,0.0,2,nan,0.0,0.0,0.125,0.057803042232990265,0.0,0.0,0.1,0.07340455055236816,0.0
Japan,18,113590,12,0.125,0.125,0.0,2,nan,0.0,0.0,0.125,0.03473418205976486,0.0,0.0,0.0,0.0,0.0
Japan,18,137786,13,0.125,0.125,0.0,2,nan,0.0,0.0,0.125,0.07920937612652779,0.0,0.0,0.1,0.0038909107446670533,0.0
Japan,18,149762,14,0.125,0.125,0.0,2,nan,0.0,0.0,0.125,0.026106784120202065,0.0,0.0,0.0,0.0,0.0
Japan,18,87606,15,0.08333333333333326,0.8125,0.7291666666666667,14,nan,0.8888888888888888,6.641846444871692,0.8125,2.602593131363392,0.6666666666666666,4.920034428437551,0.8,2.2397661983966826,0.5542168674698795
Japan,18,120976,16,0.0625,0.08333333333333333,0.020833333333333332,2,nan,0.0,0.0,0.08333333333333333,0.04083290447791417,0.0,0.0,0.0,0.0,0.024096385542168676
Berlin,18,156633,1,0.044642857142857095,0.75,0.7053571428571429,2,0.5,0.5694444444444444,3.3986877111925016,0.34375,1.0082338290909925,0.75,3.9655119280020394,0.0,0.0,0.6867469879518072
Germany,18,93102,1,0.3,0.3,0.0,3,nan,0.0,0.0,0.0,0.0,0.0,0.0,0.3,0.08606166243553162,0.0
Germany,18,64894,2,0.2,0.2,0.0,2,nan,0.0,0.0,0.1875,0.2066364474594593,0.0,0.0,0.2,0.18000757098197936,0.0
Germany,18,118228,3,0.06666666666666676,0.4,0.33333333333333326,4,nan,0.0,0.0,0.9479166666666666,1.3571771290153265,0.0,0.0,0.4,0.39768019914627073,0.1686746987951807
Tokyo,19,30735,1,0.25,0.4444444444444444,0.1944444444444444,4,0.0,0.4444444444444444,0.643102185593711,0.9479166666666666,5.2942682057619095,0.0,0.0,1.0,6.183936643600464,0.2891566265060241
Tokyo,19,43260,2,0.2222222222222222,0.2222222222222222,0.0,2,0.0,0.2222222222222222,0.19559660222795272,0.25,1.0927372872829437,0.0,0.0,0.2,0.8523786783218383,0.012048192771084338
Tokyo,19,58500,3,0.125,0.16666666666666666,0.04166666666666666,2,0.0,0.16666666666666666,6.457777522604778e-11,0.0,0.0,0.0,0.0,0.0,0.0,0.012048192771084338
Tokyo,19,93784,4,0.09722222222222221,0.09722222222222221,0.0,2,0.0,0.09722222222222221,0.04157713635100259,0.0,0.0,0.0,0.0,0.0,0.0,0.0
Tokyo,19,143083,5,0.06481481481481483,0.19444444444444442,0.1296296296296296,4,0.0,0.19444444444444442,5.799982124206811e-09,0.0,0.0,0.0,0.0,0.0,0.0,0.04819277108433735
Tokyo,19,105571,6,0.02777777777777779,0.6805555555555555,0.6527777777777777,5,0.3333333333333333,0.6805555555555555,2.0072949760489993,0.9479166666666666,10.065912544727325,0.29166666666666663,0.6267478217681249,1.0,11.703251361846924,0.5903614457831325
Japan,19,149577,1,0.265625,0.2916666666666667,0.026041666666666664,6,nan,0.0,0.0,0.2916666666666667,0.3783080180486043,0.0,0.0,0.0,0.0,0.03614457831325301
Japan,19,104594,2,0.1875,0.1875,0.0,3,nan,0.0,0.0,0.1875,0.10967269539833069,0.0,0.0,0.0,0.0,0.0
Japan,19,105355,3,0.125,0.125,0.0,2,nan,0.0,0.0,0.125,1.197250631967961e-10,0.0,0.0,0.0,0.0,0.0
Japan,19,106312,4,0.125,0.125,0.0,2,nan,0.0,0.0,0.125,0.03853936679661274,0.0,0.0,0.0,0.0,0.0
Japan,19,130649,5,0.125,0.125,0.0,2,nan,0.0,0.0,0.125,0.5583438873291016,0.0,0.0,0.1,0.058590126037597653,0.0
Japan,19,43260,6,0.109375,0.25,0.140625,4,nan,0.2222222222222222,0.19559660222795272,0.25,1.0927372872829437,0.0,0.0,0.2,0.8523786783218383,0.012048192771084338
Japan,19,16715,7,0.031249999999999997,0.05208333333333333,0.020833333333333332,2,nan,0.0,0.0,0.05208333333333333,0.10417660946647327,0.0,0.0,0.0,0.0,0.024096385542168676
Japan,19,121148,8,0.00868055555555547,0.9479166666666666,0.9392361111111112,16,nan,0.8888888888888888,14.674745519955954,0.9479166666666666,4.936873005703092,0.6666666666666666,11.694562594095865,1.0,5.308385229110717,0.6626506024096386
Berlin,19,10162,1,0.16724941724941722,1.0,0.8327505827505828,2,0.0,0.8333333333333334,6.689443621370526,0.9375,13.198141554991404,1.0,4.906953354676564,0.9,10.23621850013733,0.8795180722891566
Berlin,19,67024,2,0.04166666666666674,1.0,0.9583333333333333,2,0.75,0.611111111111111,9.588822364807129,0.40625,3.693641265233358,1.0,14.180768251419067,0.1,0.1416776180267334,0.9156626506024096
Germany,19,63012,1,0.2666666666666667,0.6,0.33333333333333326,6,nan,0.1111111111111111,0.07050653298695882,0.25,0.12803635001182556,0.0,0.0,0.6,1.7454581022262574,0.024096385542168676
Germany,19,13118,2,0.2,0.2,0.0,2,nan,0.0,0.0,0.0,0.0,0.0,0.0,0.2,1.1300528512947493e-09,0.0
Germany,19,148887,3,0.2,0.2,0.0,2,nan,0.05555555555555555,0.005507123139169481,0.0625,0.00034552067518234253,0.0,0.0,0.2,0.2948457360267639,0.024096385542168676
Germany,19,132843,4,0.13333333333333336,0.3,0.16666666666666663,3,nan,0.041666666666666664,0.010183922946453094,0.0625,8.533895015716553e-05,0.0,0.0,0.3,0.10216072797775269,0.012048192771084338
Germany,19,10133,5,0.06666666666666676,0.9,0.8333333333333333,9,nan,0.0,0.0,0.5729166666666666,3.651055857539177,0.0,0.0,0.9,7.014107346534729,0.1566265060240964
Germany,19,43260,6,0.03333333333333338,0.2,0.16666666666666663,2,nan,0.2222222222222222,0.19559660222795272,0.25,1.0927372872829437,0.0,0.0,0.2,0.8523786783218383,0.012048192771084338
Tokyo,20,18824,1,0.8333333333333334,0.8333333333333334,0.0,5,1.0,0.8333333333333334,8.739665675494406,0.8333333333333334,7.685972894231479,0.0,0.0,0.0,0.0,0.0
Tokyo,20,12419,2,0.38888888888888884,0.38888888888888884,0.0,3,0.0,0.38888888888888884,7.369028621249729,0.78125,11.472424246370792,0.0,0.0,0.9,12.732076740264892,0.060240963855421686
Tokyo,20,154744,3,0.38888888888888884,0.38888888888888884,0.0,3,0.0,0.38888888888888884,1.653176532851325,0.2708333333333333,0.9999486183126768,0.0,0.0,0.1,0.6576281070709229,0.024096385542168676
Tokyo,20,128479,4,0.2638888888888889,0.2638888888888889,0.0,3,1.0,0.2638888888888889,1.4723381764358943,0.0625,0.4703931212425232,0.0,0.0,0.0,0.0,0.0
Tokyo,20,62864,5,0.07407407407407407,0.611111111111111,0.537037037037037,5,0.6666666666666666,0.611111111111111,5.320152782731586,0.26041666666666663,0.9041074737906456,0.875,7.542855083942413,0.0,0.0,0.6987951807228916
Tokyo,20,163792,6,0.023698523698523766,1.0,0.9763014763014762,6,1.0,1.0,17.075849148962234,0.9270833333333334,9.665777290860811,1.0,15.783240020275116,1.0,13.039897394180297,0.9036144578313253
Japan,20,18824,1,0.8333333333333334,0.8333333333333334,0.0,14,nan,0.8333333333333334,8.739665675494406,0.8333333333333334,7.685972894231479,0.0,0.0,0.0,0.0,0.0
Japan,20,154744,2,0.2534722222222222,0.2708333333333333,0.01736111111111111,5,nan,0.38888888888888884,1.653176532851325,0.2708333333333333,0.9999486183126768,0.0,0.0,0.1,0.6576281070709229,0.024096385542168676
Japan,20,12419,3,0.21006944444444442,0.78125,0.5711805555555556,13,nan,0.38888888888888884,7.369028621249729,0.78125,11.472424246370792,0.0,0.0,0.9,12.732076740264892,0.060240963855421686
Japan,20,146850,4,0.13368055555555558,0.5625,0.4288194444444444,9,nan,0.888888888888889,18.437967777252194,0.5625,8.119301617145538,1.0,29.056774854660034,0.1,0.7216920852661133,0.9156626506024096
Japan,20,51106,5,0.125,0.125,0.0,2,nan,0.0,0.0,0.125,0.16222136840224266,0.0,0.0,0.0,0.0,0.0
Japan,20,133005,6,0.125,0.125,0.0,2,nan,0.0,0.0,0.125,0.10680028796195984,0.0,0.0,0.0,0.0,0.0
Japan,20,53552,7,0.11631944444444445,0.125,0.008680555555555554,2,nan,0.0,0.0,0.125,0.07994058728218079,0.0,0.0,0.0,0.0,0.012048192771084338
Japan,20,83986,8,0.08333333333333331,0.53125,0.4479166666666667,9,nan,0.0,0.0,0.53125,0.5568784065544605,0.0,0.0,0.6,0.8055784344673157,0.07228915662650602
Japan,20,100658,9,0.046875,0.5729166666666666,0.5260416666666666,10,nan,0.4305555555555555,1.136645644903183,0.5729166666666666,3.143170863389969,0.16666666666666666,0.1554212967554728,0.8,6.611356449127197,0.4457831325301205
Japan,20,62864,10,0.03819444444444442,0.26041666666666663,0.2222222222222222,5,nan,0.611111111111111,5.320152782731586,0.26041666666666663,0.9041074737906456,0.875,7.542855083942413,0.0,0.0,0.6987951807228916
Berlin,20,155146,1,1.0,1.0,0.0,2,1.0,0.0,0.0,0.0,0.0,1.0,7.112970471382141,0.2,0.4307199478149414,0.0
Berlin,20,33005,2,0.37460456210456206,0.7083333333333333,0.3337287712287712,2,1.0,0.16666666666666666,1.3586166169908311,0.0,0.0,0.7083333333333333,3.4195765356222787,0.0,0.0,0.2891566265060241
Berlin,20,51506,3,0.32939976689976685,0.6666666666666666,0.3372668997668998,2,0.25,0.3611111111111111,0.7766931619909075,0.03125,0.06201712787151337,0.6666666666666666,2.8269405364990234,0.0,0.0,0.2289156626506024
Berlin,20,62864,4,0.16666666666666663,0.875,0.7083333333333334,2,0.75,0.611111111111111,5.320152782731586,0.26041666666666663,0.9041074737906456,0.875,7.542855083942413,0.0,0.0,0.6987951807228916
Berlin,20,163792,5,0.07109557109557108,1.0,0.9289044289044289,2,0.75,1.0,17.075849148962234,0.9270833333333334,9.665777290860811,1.0,15.783240020275116,1.0,13.039897394180297,0.9036144578313253
Berlin,20,146850,6,0.04166666666666674,1.0,0.9583333333333333,2,1.0,0.888888888888889,18.437967777252194,0.5625,8.119301617145538,1.0,29.056774854660034,0.1,0.7216920852661133,0.9156626506024096
Germany,20,100658,1,0.3000000000000001,0.8,0.49999999999999994,8,nan,0.4305555555555555,1.136645644903183,0.5729166666666666,3.143170863389969,0.16666666666666666,0.1554212967554728,0.8,6.611356449127197,0.4457831325301205
Germany,20,12419,2,0.2333333333333335,0.9,0.6666666666666665,9,nan,0.38888888888888884,7.369028621249729,0.78125,11.472424246370792,0.0,0.0,0.9,12.732076740264892,0.060240963855421686
Germany,20,118132,3,0.2,0.2,0.0,2,nan,0.0,0.0,0.0,0.0,0.0,0.0,0.2,0.11078442335128784,0.0
Germany,20,120321,4,0.2,0.2,0.0,2,nan,0.0,0.0,0.0,0.0,0.0,0.0,0.2,0.13047620058059692,0.0
Germany,20,155146,5,0.2,0.2,0.0,2,nan,0.0,0.0,0.0,0.0,1.0,7.112970471382141,0.2,0.4307199478149414,0.0
Germany,20,83986,6,0.10000000000000003,0.6,0.49999999999999994,6,nan,0.0,0.0,0.53125,0.5568784065544605,0.0,0.0,0.6,0.8055784344673157,0.07228915662650602
Germany,20,1548,7,0.03333333333333338,0.2,0.16666666666666663,2,nan,0.0,0.0,0.0,0.0,0.0,0.0,0.2,0.02579587697982788,0.012048192771084338
Germany,20,150811,8,0.03333333333333338,0.2,0.16666666666666663,2,nan,0.0,0.0,0.0,0.0,0.0,0.0,0.2,4.887382942797558e-10,0.012048192771084338
Tokyo,21,136683,1,1.0,1.0,0.0,6,1.0,1.0,32.82649579313066,0.9791666666666666,31.88283185164134,0.0,0.0,0.0,0.0,0.0
Tokyo,21,21850,2,0.29166666666666663,0.3333333333333333,0.04166666666666666,2,0.0,0.3333333333333333,1.1119309001498752,0.3125,1.6144792586565018,0.0,0.0,0.3,1.4630399703979493,0.04819277108433735
Tokyo,21,28638,3,0.27777777777777773,0.27777777777777773,0.0,2,0.0,0.27777777777777773,0.8858372105492487,0.25,0.8183229491114616,0.0,0.0,0.0,0.0,0.0
Tokyo,21,81925,4,0.27777777777777773,0.27777777777777773,0.0,2,0.0,0.27777777777777773,1.6538770198822021,0.0,0.0,0.0,0.0,0.0,0.0,0.0
Tokyo,21,123565,5,0.12037037037037038,0.3611111111111111,0.24074074074074073,5,0.3333333333333333,0.3611111111111111,3.079888953102959,0.07291666666666666,1.1938880483309426,0.75,8.62498488028844,0.0,0.0,0.5783132530120482
Tokyo,21,82598,6,0.11081973581973581,1.0,0.8891802641802642,6,0.3333333333333333,1.0,8.04682750834359,0.9375,9.848194340864817,1.0,9.170206904411316,1.0,10.516818428039551,0.927710843373494
Tokyo,21,75179,7,0.016534391534391513,0.6805555555555555,0.664021164021164,5,0.3333333333333333,0.6805555555555555,2.381247166130278,0.0,0.0,0.6666666666666666,1.8611800968647003,0.0,0.0,0.3493975903614458
Tokyo,21,32044,8,0.0005966255966256134,0.1111111111111111,0.11051448551448549,2,0.0,0.1111111111111111,0.7687944571177164,0.09375,0.14554426819086075,0.0,0.0,0.0,0.0,0.07228915662650602
Japan,21,136683,1,0.9791666666666666,0.9791666666666666,0.0,16,nan,1.0,32.82649579313066,0.9791666666666666,31.88283185164134,0.0,0.0,0.0,0.0,0.0
Japan,21,74492,2,0.4444444444444445,0.9270833333333334,0.4826388888888889,16,nan,0.0,0.0,0.9270833333333334,4.569803163409233,0.0,0.0,0.7,0.6506045758724213,0.12048192771084337
Japan,21,116860,3,0.32638888888888884,0.3958333333333333,0.06944444444444445,8,nan,0.0,0.0,0.3958333333333333,1.131279836098353,0.0,0.0,0.1,0.03898111581802368,0.0963855421686747
Japan,21,28638,4,0.25,0.25,0.0,4,nan,0.27777777777777773,0.8858372105492487,0.25,0.8183229491114616,0.0,0.0,0.0,0.0,0.0
Japan,21,68751,5,0.125,0.125,0.0,2,nan,0.0,0.0,0.125,0.2904157340526581,0.0,0.0,0.0,0.0,0.0
Japan,21,121718,6,0.125,0.125,0.0,2,nan,0.041666666666666664,0.03523503243923187,0.125,0.024374183267354965,0.0,0.0,0.0,0.0,0.0
Japan,21,32044,7,0.09375,0.09375,0.0,2,nan,0.1111111111111111,0.7687944571177164,0.09375,0.14554426819086075,0.0,0.0,0.0,0.0,0.07228915662650602
Japan,21,119347,8,0.0763888888888889,0.09375,0.01736111111111111,2,nan,0.0,0.0,0.09375,0.25438982248306274,0.0,0.0,0.0,0.0,0.024096385542168676
Japan,21,66836,9,0.017361111111111112,0.05208333333333333,0.03472222222222222,2,nan,0.0,0.0,0.05208333333333333,0.07337223986784618,0.0,0.0,0.0,0.0,0.04819277108433735
Berlin,21,22443,1,1.0,1.0,0.0,2,1.0,0.0,0.0,0.0,0.0,1.0,15.768150726954143,0.2,1.2631591320037843,0.0
Berlin,21,88236,2,0.2624458874458875,0.875,0.6125541125541125,2,0.5,0.1111111111111111,0.5383253627353245,0.0,0.0,0.875,5.389545033375422,0.0,0.0,0.46987951807228917
Berlin,21,123565,3,0.20833333333333326,0.75,0.5416666666666667,2,0.25,0.3611111111111111,3.079888953102959,0.07291666666666666,1.1938880483309426,0.75,8.62498488028844,0.0,0.0,0.5783132530120482
Berlin,21,75179,4,0.1607142857142857,0.6666666666666666,0.5059523809523809,2,0.5,0.6805555555555555,2.381247166130278,0.0,0.0,0.6666666666666666,1.8611800968647003,0.0,0.0,0.3493975903614458
Berlin,21,36202,5,0.1040417915417915,0.5416666666666666,0.43762487512487513,2,1.0,0.1111111111111111,0.13176180256737605,0.0,0.0,0.5416666666666666,2.6156598329544067,0.0,0.0,0.3614457831325301
Berlin,21,82598,6,0.1032925407925408,1.0,0.8967074592074592,2,1.0,1.0,8.04682750834359,0.9375,9.848194340864817,1.0,9.170206904411316,1.0,10.516818428039551,0.927710843373494
Germany,21,140748,1,0.43333333333333335,0.6,0.16666666666666663,6,nan,0.0,0.0,0.0,0.0,0.3333333333333333,1.2490506172180176,0.6,3.478493356704712,0.024096385542168676
Germany,21,136668,2,0.2666666666666667,0.6,0.33333333333333326,6,nan,0.0,0.0,0.21875,0.783675454556942,0.0,0.0,0.6,3.068349313735962,0.03614457831325301
Germany,21,74492,3,0.2,0.7,0.49999999999999994,7,nan,0.0,0.0,0.9270833333333334,4.569803163409233,0.0,0.0,0.7,0.6506045758724213,0.12048192771084337
Germany,21,22443,4,0.2,0.2,0.0,2,nan,0.0,0.0,0.0,0.0,1.0,15.768150726954143,0.2,1.2631591320037843,0.0
Germany,21,30268,5,0.2,0.2,0.0,2,nan,0.0,0.0,0.0,0.0,0.0,0.0,0.2,0.2398305654525757,0.0
Germany,21,109878,6,0.13333333333333336,0.3,0.16666666666666663,3,nan,0.0,0.0,0.125,0.04491948336362839,0.0,0.0,0.3,0.4901281714439392,0.012048192771084338
Germany,21,44657,7,0.03333333333333338,0.2,0.16666666666666663,2,nan,0.0,0.0,0.0,0.0,0.0,0.0,0.2,1.0471037387847901,0.07228915662650602
Tokyo,22,74086,1,0.6805555555555555,0.6805555555555555,0.0,5,1.0,0.6805555555555555,15.125546243455673,0.9270833333333334,28.895767132441204,0.0,0.0,0.0,0.0,0.0
Tokyo,22,151732,2,0.5555555555555556,0.5555555555555556,0.0,4,1.0,0.5555555555555556,4.881992585129208,0.6875,5.820154577493668,0.0,0.0,0.0,0.0,0.0
Tokyo,22,12946,3,0.27777777777777773,0.27777777777777773,0.0,2,0.0,0.27777777777777773,0.1373880902926127,0.0,0.0,0.0,0.0,0.0,0.0,0.0
Tokyo,22,18603,4,0.27777777777777773,0.27777777777777773,0.0,2,0.0,0.27777777777777773,3.5967675315009218,0.125,0.39270853996276855,0.0,0.0,0.0,0.0,0.012048192771084338
Tokyo,22,3362,5,0.23611111111111108,0.23611111111111108,0.0,3,0.3333333333333333,0.23611111111111108,1.4815580281946392,0.0,0.0,0.0,0.0,0.0,0.0,0.0
Tokyo,22,44003,6,0.13425925925925924,0.16666666666666666,0.0324074074074074,2,0.0,0.16666666666666666,0.3682088851928711,0.0,0.0,0.0,0.0,0.0,0.0,0.012048192771084338
Tokyo,22,62260,7,0.06481481481481481,0.09722222222222221,0.0324074074074074,2,0.3333333333333333,0.09722222222222221,0.5804948806762695,0.0,0.0,0.0,0.0,0.0,0.0,0.012048192771084338
Japan,22,74086,1,0.9270833333333334,0.9270833333333334,0.0,16,nan,0.6805555555555555,15.125546243455673,0.9270833333333334,28.895767132441204,0.0,0.0,0.0,0.0,0.0
Japan,22,151732,2,0.6875,0.6875,0.0,11,nan,0.5555555555555556,4.881992585129208,0.6875,5.820154577493668,0.0,0.0,0.0,0.0,0.0
Japan,22,85645,3,0.25,0.25,0.0,4,nan,0.0,0.0,0.25,2.554827460699016e-10,0.0,0.0,0.0,0.0,0.0
Japan,22,53187,4,0.21701388888888895,0.27083333333333337,0.053819444444444434,5,nan,0.0,0.0,0.27083333333333337,2.015527640779813,0.0,0.0,0.0,0.0,0.08433734939759036
Japan,22,154077,5,0.1892361111111111,0.19791666666666666,0.008680555555555554,4,nan,0.0,0.0,0.19791666666666666,1.785699019829432,0.0,0.0,0.0,0.0,0.012048192771084338
Japan,22,163293,6,0.017361111111111112,0.05208333333333333,0.03472222222222222,2,nan,0.1111111111111111,0.17053198152118257,0.05208333333333333,0.13440400858720145,0.16666666666666666,0.008077561855316162,0.0,0.0,0.1927710843373494
Japan,22,4434,7,0.005208333333333329,0.05208333333333333,0.046875,2,nan,0.0,0.0,0.05208333333333333,1.056637148062388,0.3333333333333333,4.446063041687012,0.0,0.0,0.3373493975903614
Berlin,22,106347,1,1.0,1.0,0.0,2,1.0,0.0,0.0,0.0,0.0,1.0,10.474297960599262,0.2,0.690020477771759,0.0
Berlin,22,74666,2,0.9166666666666666,1.0,0.08333333333333333,2,1.0,0.0,0.0,0.0,0.0,1.0,85.99148273468018,1.0,45.75733604431152,0.060240963855421686
Berlin,22,9237,3,0.29166666666666663,0.29166666666666663,0.0,2,0.25,0.0,0.0,0.0,0.0,0.29166666666666663,0.3680577377478282,0.0,0.0,0.0
Berlin,22,138210,4,0.10052447552447563,0.625,0.5244755244755244,2,0.5,0.1111111111111111,0.043880561987559,0.0,0.0,0.625,0.4423723816871643,0.0,0.0,0.39759036144578314
Berlin,22,64313,5,0.06639194139194149,1.0,0.9336080586080585,2,1.0,0.13888888888888887,0.15520623988575405,0.0,0.0,1.0,10.902772267659504,0.0,0.0,0.6987951807228916
Berlin,22,38365,6,0.06547619047619035,0.6666666666666666,0.6011904761904763,2,0.0,0.625,2.305572968390253,0.375,0.39701925963163376,0.6666666666666666,2.473455458879471,0.9,6.165643584728241,0.4578313253012048
Germany,22,74666,1,0.8333333333333334,1.0,0.16666666666666663,10,nan,0.0,0.0,0.0,0.0,1.0,85.99148273468018,1.0,45.75733604431152,0.060240963855421686
Germany,22,47602,2,0.8,0.8,0.0,8,nan,0.0,0.0,0.0,0.0,0.375,0.396030992269516,0.8,9.387844228744507,0.1686746987951807
Germany,22,38365,3,0.4000000000000001,0.9,0.49999999999999994,9,nan,0.625,2.305572968390253,0.375,0.39701925963163376,0.6666666666666666,2.473455458879471,0.9,6.165643584728241,0.4578313253012048
Germany,22,13033,4,0.2,0.2,0.0,2,nan,0.0,0.0,0.0,0.0,0.0,0.0,0.2,2.32511510848999,0.03614457831325301
Germany,22,21382,5,0.2,0.2,0.0,2,nan,0.0,0.0,0.0,0.0,0.0,0.0,0.2,0.09591830968856811,0.0
Germany,22,106347,6,0.2,0.2,0.0,2,nan,0.0,0.0,0.0,0.0,1.0,10.474297960599262,0.2,0.690020477771759,0.0
Germany,22,134213,7,0.2,0.2,0.0,2,nan,0.0,0.0,0.0,0.0,0.0,0.0,0.2,0.312828516960144,0.024096385542168676
Germany,22,158576,8,0.06666666666666676,0.4,0.33333333333333326,4,nan,0.0,0.0,0.10416666666666666,0.1790550077954928,0.0,0.0,0.4,1.5164714336395264,0.060240963855421686
Germany,22,24182,9,0.03333333333333338,0.2,0.16666666666666663,2,nan,0.0,0.0,0.0,0.0,0.0,0.0,0.2,1.0222693920135497,0.012048192771084338
Tokyo,23,147945,1,0.9543003293003293,1.0,0.045699670699670694,6,1.0,1.0,60.1154199441274,1.0,52.54188895225525,0.0,0.0,0.0,0.0,0.04819277108433735
Tokyo,23,73197,2,0.7453703703703702,0.7777777777777777,0.0324074074074074,6,1.0,0.7777777777777777,11.492578003141617,0.75,9.02651783823967,0.0,0.0,0.0,0.0,0.012048192771084338
Tokyo,23,39939,3,0.7268518518518519,0.7916666666666666,0.0648148148148148,5,0.0,0.7916666666666666,9.474020616875755,0.1875,0.9737576842308044,0.0,0.0,0.0,0.0,0.024096385542168676
Tokyo,23,129862,4,0.6145197395197397,0.8055555555555557,0.191035816035816,6,0.6666666666666666,0.8055555555555557,6.685775034957461,0.0,0.0,0.3333333333333333,0.3805398941040039,0.0,0.0,0.14457831325301204
Tokyo,23,130995,5,0.40277777777777773,0.40277777777777773,0.0,4,1.0,0.40277777777777773,4.831171605322097,0.46875,5.571508847177029,0.0,0.0,0.0,0.0,0.0
Tokyo,23,63756,6,0.2222222222222222,0.2222222222222222,0.0,2,0.0,0.2222222222222222,0.12694406509399414,0.0,0.0,0.0,0.0,0.0,0.0,0.0
Tokyo,23,71037,7,0.2222222222222222,0.2222222222222222,0.0,2,0.3333333333333333,0.2222222222222222,1.0562408831384447,0.0,0.0,0.0,0.0,0.0,0.0,0.0
Tokyo,23,142507,8,0.18187830687830686,0.8472222222222222,0.6653439153439153,6,0.3333333333333333,0.8472222222222222,4.135265562269423,0.0,0.0,0.6666666666666666,1.8589658240477245,0.0,0.0,0.3253012048192771
Tokyo,23,141950,9,0.125,0.2222222222222222,0.0972222222222222,2,0.0,0.2222222222222222,0.3529181215498183,0.0,0.0,0.0,0.0,0.0,0.0,0.03614457831325301
Tokyo,23,133006,10,0.09722222222222221,0.09722222222222221,0.0,2,0.3333333333333333,0.09722222222222221,0.05244036018848419,0.0,0.0,0.0,0.0,0.0,0.0,0.0
Japan,23,147945,1,1.0,1.0,0.0,16,nan,1.0,60.1154199441274,1.0,52.54188895225525,0.0,0.0,0.0,0.0,0.04819277108433735
Japan,23,154537,2,0.8541666666666666,0.9375,0.08333333333333333,15,nan,0.041666666666666664,0.02599930763244629,0.9375,20.702491412560146,0.0,0.0,0.0,0.0,0.0963855421686747
Japan,23,73197,3,0.75,0.75,0.0,12,nan,0.7777777777777777,11.492578003141617,0.75,9.02651783823967,0.0,0.0,0.0,0.0,0.012048192771084338
Japan,23,130995,4,0.46875,0.46875,0.0,8,nan,0.40277777777777773,4.831171605322097,0.46875,5.571508847177029,0.0,0.0,0.0,0.0,0.0
Japan,23,39939,5,0.1875,0.1875,0.0,3,nan,0.7916666666666666,9.474020616875755,0.1875,0.9737576842308044,0.0,0.0,0.0,0.0,0.024096385542168676
Japan,23,146233,6,0.16319444444444453,0.9270833333333334,0.7638888888888888,16,nan,0.0,0.0,0.9270833333333334,4.6022840936978655,0.0,0.0,1.0,6.649090003967285,0.14457831325301204
Japan,23,61597,7,0.125,0.125,0.0,2,nan,0.05555555555555555,0.20763561460706922,0.125,1.2058606147766113,0.0,0.0,0.0,0.0,0.0
Japan,23,82376,8,0.125,0.125,0.0,2,nan,0.0,0.0,0.125,0.012296768836677074,0.0,0.0,0.0,0.0,0.0
Japan,23,71845,9,0.08333333333333333,0.08333333333333333,0.0,2,nan,0.0,0.0,0.08333333333333333,0.2787102262179057,0.0,0.0,0.0,0.0,0.0
Japan,23,144551,10,0.07638888888888888,0.10416666666666666,0.027777777777777776,2,nan,0.0,0.0,0.10416666666666666,0.9506706893444061,0.0,0.0,0.0,0.0,0.03614457831325301
Japan,23,132435,11,0.06076388888888884,0.8333333333333334,0.7725694444444445,14,nan,1.0,58.85159953435262,0.8333333333333334,13.914264142513275,1.0,29.97527058919271,0.5,3.8286855936050417,0.8674698795180723
Japan,23,65431,12,0.008680555555555566,0.125,0.11631944444444443,2,nan,0.0,0.0,0.125,1.2422130902608237,0.0,0.0,0.1,0.20278215408325195,0.1566265060240964
Berlin,23,92900,1,1.0,1.0,0.0,2,1.0,0.0,0.0,0.0,0.0,1.0,27.47981150945028,0.0,0.0,0.0
Berlin,23,144162,2,0.891941391941392,1.0,0.10805860805860805,2,1.0,0.0,0.0,0.0,0.0,1.0,29.106933434804283,0.9,10.079026317596435,0.07228915662650602
Berlin,23,106820,3,0.7687312687312687,1.0,0.23126873126873124,2,1.0,0.0,0.0,0.0,0.0,1.0,31.624551137288414,1.0,18.63740291595459,0.1927710843373494
Berlin,23,67123,4,0.5416666666666666,0.5416666666666666,0.0,2,0.25,0.0,0.0,0.0,0.0,0.5416666666666666,1.3525949517885845,0.0,0.0,0.0
Berlin,23,117077,5,0.29166666666666663,0.29166666666666663,0.0,2,0.25,0.0,0.0,0.0,0.0,0.29166666666666663,0.8770809272925059,0.0,0.0,0.0
Berlin,23,142507,6,0.18452380952380942,0.6666666666666666,0.4821428571428572,2,0.5,0.8472222222222222,4.135265562269423,0.0,0.0,0.6666666666666666,1.8589658240477245,0.0,0.0,0.3253012048192771
Germany,23,144162,1,0.9,0.9,0.0,9,nan,0.0,0.0,0.0,0.0,1.0,29.106933434804283,0.9,10.079026317596435,0.07228915662650602
Germany,23,106820,2,0.6666666666666667,1.0,0.33333333333333326,10,nan,0.0,0.0,0.0,0.0,1.0,31.624551137288414,1.0,18.63740291595459,0.1927710843373494
Germany,23,133099,3,0.2,0.2,0.0,2,nan,0.0,0.0,0.0,0.0,0.0,0.0,0.2,0.008030450344085694,0.0
Germany,23,42951,4,0.16666666666666674,1.0,0.8333333333333333,10,nan,0.0,0.0,0.4895833333333333,2.780009056131045,0.0,0.0,1.0,18.63720464706421,0.1927710843373494
Germany,23,146233,5,0.16666666666666674,1.0,0.8333333333333333,10,nan,0.0,0.0,0.9270833333333334,4.6022840936978655,0.0,0.0,1.0,6.649090003967285,0.14457831325301204
Germany,23,105218,6,0.16666666666666674,0.5,0.33333333333333326,5,nan,0.0,0.0,0.0,0.0,0.0,0.0,0.5,4.733653116226196,0.08433734939759036
Germany,23,6452,7,0.13333333333333336,0.3,0.16666666666666663,3,nan,0.0,0.0,0.125,0.5547049045562744,0.16666666666666666,0.5352984269460043,0.3,1.9326134204864502,0.060240963855421686
Tokyo,24,80507,1,0.8888888888888888,0.8888888888888888,0.0,6,1.0,0.8888888888888888,20.321810139550102,1.0,16.896402219931286,0.0,0.0,0.0,0.0,0.0
Tokyo,24,96405,2,0.7783744033744033,0.8888888888888888,0.11051448551448549,6,1.0,0.8888888888888888,20.795973592334324,0.75,11.54507976770401,0.0,0.0,0.0,0.0,0.07228915662650602
Tokyo,24,95076,3,0.5376336626336629,0.6805555555555557,0.1429218929218929,6,0.3333333333333333,0.6805555555555557,7.016124003463322,0.0,0.0,0.0,0.0,0.0,0.0,0.08433734939759036
Tokyo,24,141184,4,0.45105820105820105,0.5694444444444444,0.11838624338624336,4,0.0,0.5694444444444444,8.655752625730303,0.5,5.915651857852936,0.0,0.0,0.7,4.291100263595581,0.14457831325301204
Tokyo,24,38736,5,0.42863617863617876,0.9583333333333334,0.5296971546971546,6,0.0,0.9583333333333334,14.748323745197718,0.17708333333333334,1.0964315036932628,0.875,8.84333062171936,0.2,1.1016807556152344,0.6746987951807228
Tokyo,24,64670,6,0.345904095904096,0.888888888888889,0.542984792984793,6,1.0,0.888888888888889,12.359062247806127,0.0,0.0,0.0,0.0,0.0,0.0,0.4939759036144578
Tokyo,24,99127,7,0.3154761904761905,0.4166666666666667,0.10119047619047616,5,0.0,0.4166666666666667,3.4507362180285988,0.0,0.0,0.0,0.0,0.0,0.0,0.04819277108433735
Tokyo,24,23611,8,0.27777777777777773,0.27777777777777773,0.0,2,0.0,0.27777777777777773,0.6649230321248373,0.0,0.0,0.0,0.0,0.0,0.0,0.0
Tokyo,24,64220,9,0.27777777777777773,0.27777777777777773,0.0,2,0.0,0.27777777777777773,0.6652893755171034,0.0,0.0,0.0,0.0,0.2,0.7784643173217773,0.0
Tokyo,24,100878,10,0.27777777777777773,0.27777777777777773,0.0,2,0.0,0.27777777777777773,1.343136098649767,0.1875,1.0887109339237213,0.0,0.0,0.0,0.0,0.0
Tokyo,24,134564,11,0.2433862433862434,0.4305555555555555,0.18716931216931212,4,0.3333333333333333,0.4305555555555555,0.8778527196910647,0.0,0.0,0.16666666666666666,0.12095179160435994,0.0,0.0,0.10843373493975904
Tokyo,24,147659,12,0.2278693528693529,0.3333333333333333,0.10546398046398044,2,0.0,0.3333333333333333,1.150675932566325,0.0,0.0,0.0,0.0,0.0,0.0,0.060240963855421686
Tokyo,24,73908,13,0.14403651903651904,0.7083333333333334,0.5642968142968143,6,1.0,0.7083333333333334,5.659480002191331,0.0625,0.05158302187919617,0.6666666666666666,3.817330002784729,0.4,3.7207033157348635,0.3493975903614458
Tokyo,24,95885,14,0.018518518518518573,0.2222222222222222,0.20370370370370364,2,0.0,0.2222222222222222,0.7868067953321668,0.0,0.0,0.0,0.0,0.0,0.0,0.07228915662650602
Tokyo,24,125318,15,0.007936507936507908,0.8888888888888888,0.8809523809523809,6,0.3333333333333333,0.8888888888888888,13.158342891269262,0.25,0.20647765696048737,0.0,0.0,0.0,0.0,0.43373493975903615
Japan,24,80507,1,1.0,1.0,0.0,16,nan,0.8888888888888888,20.321810139550102,1.0,16.896402219931286,0.0,0.0,0.0,0.0,0.0
Japan,24,96405,2,0.75,0.75,0.0,12,nan,0.8888888888888888,20.795973592334324,0.75,11.54507976770401,0.0,0.0,0.0,0.0,0.07228915662650602
Japan,24,90752,3,0.6458333333333334,0.6458333333333334,0.0,11,nan,0.0,0.0,0.6458333333333334,6.577527915438016,0.0,0.0,0.0,0.0,0.0
Japan,24,65613,4,0.375,0.375,0.0,6,nan,0.0,0.0,0.375,2.1166135420401893,0.0,0.0,0.0,0.0,0.0
Japan,24,161260,5,0.3125,0.3125,0.0,5,nan,0.0,0.0,0.3125,2.1711413111802358e-08,0.0,0.0,0.0,0.0,0.0
Japan,24,62193,6,0.2708333333333333,0.2708333333333333,0.0,5,nan,0.1111111111111111,0.4797519048055013,0.2708333333333333,1.1689398884773254,0.3333333333333333,5.486064592997233,0.0,0.0,0.14457831325301204
Japan,24,125318,7,0.25,0.25,0.0,4,nan,0.8888888888888888,13.158342891269262,0.25,0.20647765696048737,0.0,0.0,0.0,0.0,0.43373493975903615
Japan,24,100878,8,0.1875,0.1875,0.0,3,nan,0.27777777777777773,1.343136098649767,0.1875,1.0887109339237213,0.0,0.0,0.0,0.0,0.0
Japan,24,94518,9,0.17881944444444445,0.1875,0.008680555555555554,4,nan,0.0,0.0,0.1875,0.5821416527032852,0.0,0.0,0.1,0.4836388111114502,0.012048192771084338
Japan,24,10794,10,0.10416666666666666,0.10416666666666666,0.0,2,nan,0.0,0.0,0.10416666666666666,0.4855654736359914,0.0,0.0,0.0,0.0,0.0
Japan,24,129974,11,0.005208333333333329,0.08333333333333333,0.078125,2,nan,0.0,0.0,0.08333333333333333,0.24255966146787009,0.0,0.0,0.0,0.0,0.13253012048192772
Berlin,24,25510,1,1.0,1.0,0.0,2,1.0,0.0,0.0,0.0,0.0,1.0,33.06623522440593,0.1,0.037231969833374026,0.0
Berlin,24,131573,2,1.0,1.0,0.0,2,1.0,0.0,0.0,0.0,0.0,1.0,12.635180870691936,0.0,0.0,0.0
Berlin,24,39495,3,0.9166666666666666,1.0,0.08333333333333333,2,1.0,0.0,0.0,0.0,0.0,1.0,35.73993730545044,1.0,23.819343423843385,0.07228915662650602
Berlin,24,142467,4,0.8121878121878121,1.0,0.18781218781218784,2,1.0,0.0,0.0,0.0,0.0,1.0,10.92050325870514,0.0,0.0,0.14457831325301204
Berlin,24,56177,5,0.6666666666666666,0.6666666666666666,0.0,2,0.25,0.0,0.0,0.0,0.0,0.6666666666666666,11.548848708470663,0.0,0.0,0.0
Berlin,24,82854,6,0.5595238095238095,0.6666666666666666,0.10714285714285712,2,0.25,0.0,0.0,0.0,0.0,0.6666666666666666,3.313762148221334,0.0,0.0,0.07228915662650602
Berlin,24,4417,7,0.29166666666666663,0.29166666666666663,0.0,2,0.5,0.0,0.0,0.0,0.0,0.29166666666666663,1.3827974597613018,0.0,0.0,0.0
Berlin,24,38736,8,0.2095196470196471,0.875,0.6654803529803529,2,0.5,0.9583333333333334,14.748323745197718,0.17708333333333334,1.0964315036932628,0.875,8.84333062171936,0.2,1.1016807556152344,0.6746987951807228
Berlin,24,73908,9,0.18210955710955706,0.6666666666666666,0.48455710955710957,2,0.25,0.7083333333333334,5.659480002191331,0.0625,0.05158302187919617,0.6666666666666666,3.817330002784729,0.4,3.7207033157348635,0.3493975903614458
Germany,24,39495,1,0.8333333333333334,1.0,0.16666666666666663,10,nan,0.0,0.0,0.0,0.0,1.0,35.73993730545044,1.0,23.819343423843385,0.07228915662650602
Germany,24,124388,2,0.4000000000000001,0.9,0.49999999999999994,9,nan,0.0,0.0,0.25,2.4337047338485718,0.0,0.0,0.9,10.683556175231933,0.07228915662650602
Germany,24,73908,3,0.4,0.4,0.0,4,nan,0.7083333333333334,5.659480002191331,0.0625,0.05158302187919617,0.6666666666666666,3.817330002784729,0.4,3.7207033157348635,0.3493975903614458
Germany,24,10383,4,0.3,0.3,0.0,3,nan,0.0,0.0,0.0,0.0,0.0,0.0,0.3,3.7109195709228517,0.0
Germany,24,9840,5,0.2,0.2,0.0,2,nan,0.0,0.0,0.0,0.0,0.0,0.0,0.2,0.7837767124176025,0.0
Germany,24,64220,6,0.2,0.2,0.0,2,nan,0.27777777777777773,0.6652893755171034,0.0,0.0,0.0,0.0,0.2,0.7784643173217773,0.0
Germany,24,143239,7,0.2,0.2,0.0,2,nan,0.0,0.0,0.0,0.0,0.0,0.0,0.2,0.6167479991912842,0.0
Germany,24,141184,8,0.03333333333333344,0.7,0.6666666666666665,7,nan,0.5694444444444444,8.655752625730303,0.5,5.915651857852936,0.0,0.0,0.7,4.291100263595581,0.14457831325301204
Tokyo,25,28687,1,0.8795648795648795,0.8888888888888888,0.009324009324009324,6,1.0,0.8888888888888888,20.15041592386034,0.6458333333333334,6.995814169446628,0.0,0.0,0.0,0.0,0.024096385542168676
Tokyo,25,114963,2,0.7777777777777777,0.7777777777777777,0.0,6,1.0,0.7777777777777777,12.353996409310234,0.7708333333333334,14.049381698171297,0.0,0.0,0.0,0.0,0.0
Tokyo,25,152765,3,0.7649063899063899,1.0,0.23509361009361004,6,1.0,1.0,24.12086338467068,0.21875,1.2837256342172623,0.0,0.0,0.0,0.0,0.10843373493975904
Tokyo,25,14008,4,0.57004107004107,0.6805555555555555,0.11051448551448549,5,0.0,0.6805555555555555,6.332494023773406,0.3541666666666667,2.582842340071996,0.0,0.0,0.0,0.0,0.08433734939759036
Tokyo,25,51417,5,0.3333333333333333,0.3333333333333333,0.0,2,0.0,0.3333333333333333,1.9017298221588135,0.0,0.0,0.0,0.0,0.0,0.0,0.0
Tokyo,25,74405,6,0.2638888888888889,0.2638888888888889,0.0,3,0.3333333333333333,0.2638888888888889,0.7790565556950039,0.1875,0.7206635549664497,0.0,0.0,0.0,0.0,0.0
Tokyo,25,38009,7,0.2222222222222222,0.3194444444444444,0.0972222222222222,3,0.0,0.3194444444444444,1.0986630254321628,0.0,0.0,0.0,0.0,0.0,0.0,0.03614457831325301
Tokyo,25,157337,8,0.2222222222222222,0.2222222222222222,0.0,2,0.0,0.2222222222222222,0.14264845848083496,0.0,0.0,0.0,0.0,0.0,0.0,0.0
Tokyo,25,116436,9,0.2183372183372183,0.9027777777777777,0.6844405594405594,6,0.0,0.9027777777777777,9.479568084081015,0.0,0.0,0.0,0.0,0.0,0.0,0.4457831325301205
Tokyo,25,38391,10,0.21398046398046397,0.2222222222222222,0.008241758241758242,2,0.0,0.2222222222222222,0.14162857002682155,0.0,0.0,0.0,0.0,0.0,0.0,0.024096385542168676
Tokyo,25,26186,11,0.20851370851370854,0.6388888888888888,0.4303751803751803,5,0.6666666666666666,0.6388888888888888,3.0806671116087174,0.0,0.0,0.875,4.534501989682516,0.0,0.0,0.5180722891566265
Tokyo,25,46793,12,0.17592592592592593,0.4305555555555555,0.2546296296296296,4,0.0,0.4305555555555555,4.605401251051162,0.5,3.0109323859214783,0.0,0.0,0.8,5.859049129486084,0.0963855421686747
Tokyo,25,148402,13,0.10119047619047639,0.8472222222222222,0.7460317460317458,6,0.3333333333333333,0.8472222222222222,6.096376644240485,0.0,0.0,0.6666666666666666,4.326299369335175,0.0,0.0,0.39759036144578314
Tokyo,25,58615,14,0.03342490842490843,0.13888888888888887,0.10546398046398044,2,0.0,0.13888888888888887,0.17083855966726938,0.0,0.0,0.0,0.0,0.0,0.0,0.060240963855421686
Japan,25,114963,1,0.7708333333333334,0.7708333333333334,0.0,13,nan,0.7777777777777777,12.353996409310234,0.7708333333333334,14.049381698171297,0.0,0.0,0.0,0.0,0.0
Japan,25,28687,2,0.6458333333333334,0.6458333333333334,0.0,11,nan,0.8888888888888888,20.15041592386034,0.6458333333333334,6.995814169446628,0.0,0.0,0.0,0.0,0.024096385542168676
Japan,25,46793,3,0.359375,0.5,0.140625,8,nan,0.4305555555555555,4.605401251051162,0.5,3.0109323859214783,0.0,0.0,0.8,5.859049129486084,0.0963855421686747
Japan,25,14008,4,0.3454861111111111,0.3541666666666667,0.008680555555555554,6,nan,0.6805555555555555,6.332494023773406,0.3541666666666667,2.582842340071996,0.0,0.0,0.0,0.0,0.08433734939759036
Japan,25,152765,5,0.21875,0.21875,0.0,4,nan,1.0,24.12086338467068,0.21875,1.2837256342172623,0.0,0.0,0.0,0.0,0.10843373493975904
Japan,25,74405,6,0.1875,0.1875,0.0,3,nan,0.2638888888888889,0.7790565556950039,0.1875,0.7206635549664497,0.0,0.0,0.0,0.0,0.0
Japan,25,5145,7,0.09375,0.4270833333333333,0.3333333333333333,8,nan,0.0,0.0,0.4270833333333333,2.136503259340922,0.0,0.0,0.1,0.19981398582458496,0.0963855421686747
Japan,25,130192,8,0.09375,0.09375,0.0,2,nan,0.0,0.0,0.09375,0.018147699534893036,0.0,0.0,0.0,0.0,0.0
Japan,25,84604,9,0.05208333333333333,0.07291666666666666,0.020833333333333332,2,nan,0.0,0.0,0.07291666666666666,0.5216600721081097,0.0,0.0,0.0,0.0,0.024096385542168676
Japan,25,107523,10,0.02083333333333326,1.0,0.9791666666666667,16,nan,0.0,0.0,1.0,49.135920325915016,0.0,0.0,1.0,66.88845825195312,0.2289156626506024
Berlin,25,40466,1,1.0,1.0,0.0,2,1.0,0.0,0.0,0.0,0.0,1.0,31.47935930887858,0.7,8.510582399368285,0.0
Berlin,25,58766,2,1.0,1.0,0.0,2,0.75,0.0,0.0,0.0,0.0,1.0,10.71104844411214,0.1,0.8155933380126953,0.0
Berlin,25,28710,3,0.9880952380952381,1.0,0.011904761904761904,2,1.0,0.0,0.0,0.0,0.0,1.0,8.270828008651733,0.0,0.0,0.012048192771084338
Berlin,25,104247,4,0.8333333333333333,0.8333333333333333,0.0,2,0.75,0.0,0.0,0.0,0.0,0.8333333333333333,6.614427109559378,0.0,0.0,0.0
Berlin,25,162614,5,0.6603604728604728,1.0,0.3396395271395271,2,1.0,0.0,0.0,0.0,0.0,1.0,15.044814268747967,0.0,0.0,0.26506024096385544
Berlin,25,98860,6,0.5481809856809857,1.0,0.4518190143190143,2,1.0,0.0,0.0,0.0,0.0,1.0,39.989032109578446,0.0,0.0,0.3253012048192771
Berlin,25,146554,7,0.35416666666666663,0.41666666666666663,0.0625,2,0.25,0.0,0.0,0.0,0.0,0.41666666666666663,1.4109743634859722,0.0,0.0,0.03614457831325301
Berlin,25,26186,8,0.2505411255411255,0.875,0.6244588744588745,2,1.0,0.6388888888888888,3.0806671116087174,0.0,0.0,0.875,4.534501989682516,0.0,0.0,0.5180722891566265
Berlin,25,148402,9,0.09523809523809523,0.6666666666666666,0.5714285714285714,2,0.5,0.8472222222222222,6.096376644240485,0.0,0.0,0.6666666666666666,4.326299369335175,0.0,0.0,0.39759036144578314
Berlin,25,95592,10,0.018127705627705826,0.875,0.8568722943722942,2,0.75,0.4166666666666667,2.369706549578243,0.0,0.0,0.875,3.8911664535601935,0.0,0.0,0.6506024096385542
Germany,25,40466,1,0.7,0.7,0.0,7,nan,0.0,0.0,0.0,0.0,1.0,31.47935930887858,0.7,8.510582399368285,0.0
Germany,25,46793,2,0.6333333333333334,0.8,0.16666666666666663,8,nan,0.4305555555555555,4.605401251051162,0.5,3.0109323859214783,0.0,0.0,0.8,5.859049129486084,0.0963855421686747
Germany,25,29740,3,0.3333333333333335,1.0,0.6666666666666665,10,nan,0.0,0.0,0.0,0.0,0.25,0.9134466648101807,1.0,34.106870079040526,0.10843373493975904
Germany,25,10288,4,0.3,0.3,0.0,3,nan,0.0,0.0,0.0,0.0,0.0,0.0,0.3,2.815607213973999,0.0
Germany,25,43416,5,0.03333333333333338,0.2,0.16666666666666663,2,nan,0.0,0.0,0.0,0.0,0.0,0.0,0.2,0.8078034400939942,0.012048192771084338
Tokyo,26,104415,1,0.7505966255966257,1.0,0.24940337440337434,6,1.0,1.0,36.64585256576538,0.875,19.752537071704865,0.0,0.0,0.0,0.0,0.12048192771084337
Tokyo,26,114593,2,0.611111111111111,0.611111111111111,0.0,4,1.0,0.611111111111111,3.3173462814754906,0.17708333333333334,1.6720710396766663,0.0,0.0,0.0,0.0,0.0
Tokyo,26,130687,3,0.5931892181892182,0.736111111111111,0.1429218929218929,5,0.0,0.736111111111111,6.266819629404279,0.0,0.0,0.0,0.0,0.0,0.0,0.08433734939759036
Tokyo,26,41862,4,0.5828060828060828,0.875,0.29219391719391713,6,0.3333333333333333,0.875,13.039785067240397,0.0,0.0,1.0,7.835371375083923,0.0,0.0,0.37349397590361444
Tokyo,26,26970,5,0.4583333333333333,0.5416666666666666,0.08333333333333331,4,0.0,0.5416666666666666,6.715501805146535,0.375,2.554864466190338,0.0,0.0,0.2,1.564894199371338,0.08433734939759036
Tokyo,26,81034,6,0.4444444444444444,0.4861111111111111,0.04166666666666666,4,0.0,0.4861111111111111,3.4182663758595786,0.6145833333333334,4.126743306716284,0.0,0.0,0.3,0.9900934219360351,0.0963855421686747
Tokyo,26,41624,7,0.40277777777777773,0.40277777777777773,0.0,4,1.0,0.40277777777777773,4.185955908563401,0.3125,2.480000838637352,0.0,0.0,0.0,0.0,0.0
Tokyo,26,66734,8,0.38888888888888884,0.38888888888888884,0.0,3,0.0,0.38888888888888884,4.23765394422743,0.3125,3.4905712604522705,0.0,0.0,0.0,0.0,0.0
Tokyo,26,44472,9,0.35648148148148145,0.4305555555555555,0.07407407407407406,4,0.0,0.4305555555555555,5.752028094397652,0.0,0.0,0.0,0.0,0.0,0.0,0.024096385542168676
Tokyo,26,79683,10,0.27777777777777773,0.27777777777777773,0.0,2,0.0,0.27777777777777773,11.77865219116211,0.4375,7.040093749761581,0.0,0.0,0.0,0.0,0.0
Tokyo,26,12101,11,0.24140211640211637,0.27777777777777773,0.03637566137566137,2,0.0,0.27777777777777773,1.7786991066402862,0.125,1.145460844039917,0.0,0.0,0.0,0.0,0.03614457831325301
Tokyo,26,152195,12,0.15902153402153402,0.18055555555555555,0.021534021534021536,3,0.0,0.18055555555555555,0.4588151027758916,0.05208333333333333,0.1337753732999166,0.0,0.0,0.0,0.0,0.08433734939759036
Tokyo,26,19883,13,0.1428571428571428,0.8888888888888888,0.746031746031746,6,0.3333333333333333,0.8888888888888888,6.457808478011025,0.0,0.0,0.6666666666666666,2.7851298550764723,0.0,0.0,0.39759036144578314
Tokyo,26,128045,14,0.043942168942168985,0.20833333333333334,0.16439116439116436,2,0.0,0.20833333333333334,1.0103147824605305,0.0,0.0,0.0,0.0,0.0,0.0,0.12048192771084337
Tokyo,26,117516,15,0.009166759166759186,0.2222222222222222,0.21305546305546302,2,0.3333333333333333,0.2222222222222222,0.4688361220889621,0.0,0.0,0.29166666666666663,0.27108358343442285,0.0,0.0,0.2289156626506024
Japan,26,104415,1,0.875,0.875,0.0,14,nan,1.0,36.64585256576538,0.875,19.752537071704865,0.0,0.0,0.0,0.0,0.12048192771084337
Japan,26,79683,2,0.4375,0.4375,0.0,7,nan,0.27777777777777773,11.77865219116211,0.4375,7.040093749761581,0.0,0.0,0.0,0.0,0.0
Japan,26,81034,3,0.3993055555555556,0.6145833333333334,0.21527777777777776,11,nan,0.4861111111111111,3.4182663758595786,0.6145833333333334,4.126743306716284,0.0,0.0,0.3,0.9900934219360351,0.0963855421686747
Japan,26,41624,4,0.3125,0.3125,0.0,5,nan,0.40277777777777773,4.185955908563401,0.3125,2.480000838637352,0.0,0.0,0.0,0.0,0.0
Japan,26,66734,5,0.3125,0.3125,0.0,5,nan,0.38888888888888884,4.23765394422743,0.3125,3.4905712604522705,0.0,0.0,0.0,0.0,0.0
Japan,26,133870,6,0.25,0.25,0.0,4,nan,0.05555555555555555,0.4224246872795953,0.25,1.1364233046770096,0.0,0.0,0.0,0.0,0.0
Japan,26,24128,7,0.1875,0.1875,0.0,3,nan,0.0,0.0,0.1875,0.4528804421424866,0.0,0.0,0.0,0.0,0.0
Japan,26,49427,8,0.1875,0.1875,0.0,3,nan,0.0,0.0,0.1875,0.19429363310337067,0.0,0.0,0.2,1.0625532627105714,0.0
Japan,26,122224,9,0.1875,0.1875,0.0,3,nan,0.0,0.0,0.1875,0.5542948842048645,0.0,0.0,0.0,0.0,0.0
Japan,26,114593,10,0.17708333333333334,0.17708333333333334,0.0,4,nan,0.611111111111111,3.3173462814754906,0.17708333333333334,1.6720710396766663,0.0,0.0,0.0,0.0,0.0
Japan,26,26970,11,0.1736111111111111,0.375,0.2013888888888889,6,nan,0.5416666666666666,6.715501805146535,0.375,2.554864466190338,0.0,0.0,0.2,1.564894199371338,0.08433734939759036
Japan,26,64531,12,0.125,0.125,0.0,2,nan,0.0,0.0,0.125,0.0066138748079538345,0.0,0.0,0.0,0.0,0.0
Japan,26,25293,13,0.0954861111111111,0.10416666666666666,0.008680555555555554,2,nan,0.0,0.0,0.10416666666666666,0.5803934534390768,0.0,0.0,0.0,0.0,0.012048192771084338
Japan,26,152195,14,0.034722222222222224,0.05208333333333333,0.01736111111111111,2,nan,0.18055555555555555,0.4588151027758916,0.05208333333333333,0.1337753732999166,0.0,0.0,0.0,0.0,0.08433734939759036
Japan,26,141900,15,0.020833333333333315,0.46875,0.4479166666666667,8,nan,0.0,0.0,0.46875,2.3539335280656815,0.0,0.0,0.1,0.09973890781402588,0.07228915662650602
Japan,26,137978,16,0.017361111111111105,0.07291666666666666,0.05555555555555555,2,nan,0.0,0.0,0.07291666666666666,1.1040616035461426,0.0,0.0,0.0,0.0,0.07228915662650602
Berlin,26,58020,1,1.0,1.0,0.0,2,1.0,0.0,0.0,0.0,0.0,1.0,20.0526172320048,0.0,0.0,0.0
Berlin,26,78201,2,0.7934565434565435,1.0,0.20654345654345652,2,1.0,0.0,0.0,0.0,0.0,1.0,23.30666788419088,1.0,27.458751821517943,0.1686746987951807
Berlin,26,75059,3,0.7877747252747254,1.0,0.2122252747252747,2,1.0,0.0,0.0,0.0,0.0,1.0,58.836789449055985,0.3,2.114061951637268,0.13253012048192772
Berlin,26,41862,4,0.5609182484182484,1.0,0.4390817515817515,2,0.75,0.875,13.039785067240397,0.0,0.0,1.0,7.835371375083923,0.0,0.0,0.37349397590361444
Berlin,26,19883,5,0.09523809523809512,0.6666666666666666,0.5714285714285715,2,0.5,0.8888888888888888,6.457808478011025,0.0,0.0,0.6666666666666666,2.7851298550764723,0.0,0.0,0.39759036144578314
Berlin,26,117516,6,0.013611388611388608,0.29166666666666663,0.278055278055278,2,0.75,0.2222222222222222,0.4688361220889621,0.0,0.0,0.29166666666666663,0.27108358343442285,0.0,0.0,0.2289156626506024
Germany,26,78201,1,0.6666666666666667,1.0,0.33333333333333326,10,nan,0.0,0.0,0.0,0.0,1.0,23.30666788419088,1.0,27.458751821517943,0.1686746987951807
Germany,26,129482,2,0.5333333333333333,0.7,0.16666666666666663,7,nan,0.0,0.0,0.0,0.0,0.0,0.0,0.7,6.8769903659820555,0.012048192771084338
Germany,26,3994,3,0.5,0.5,0.0,5,nan,0.0,0.0,0.0,0.0,0.0,0.0,0.5,3.8556662917137148,0.0
Germany,26,57289,4,0.3,0.3,0.0,3,nan,0.0,0.0,0.0625,0.3852565884590149,0.0,0.0,0.3,0.6458472490310669,0.0
Germany,26,75059,5,0.3,0.3,0.0,3,nan,0.0,0.0,0.0,0.0,1.0,58.836789449055985,0.3,2.114061951637268,0.13253012048192772
Germany,26,49427,6,0.2,0.2,0.0,2,nan,0.0,0.0,0.1875,0.19429363310337067,0.0,0.0,0.2,1.0625532627105714,0.0
Germany,26,81034,7,0.13333333333333336,0.3,0.16666666666666663,3,nan,0.4861111111111111,3.4182663758595786,0.6145833333333334,4.126743306716284,0.0,0.0,0.3,0.9900934219360351,0.0963855421686747
Germany,26,26970,8,0.03333333333333338,0.2,0.16666666666666663,2,nan,0.5416666666666666,6.715501805146535,0.375,2.554864466190338,0.0,0.0,0.2,1.564894199371338,0.08433734939759036
Tokyo,27,70045,1,0.8888888888888888,0.8888888888888888,0.0,6,1.0,0.8888888888888888,37.89749558766683,0.9166666666666666,37.308627128601074,0.0,0.0,0.0,0.0,0.0
Tokyo,27,112881,2,0.37037037037037046,0.5833333333333334,0.2129629629629629,5,0.0,0.5833333333333334,36.07653183407253,0.7708333333333334,75.46090334653854,0.125,2.598066806793213,1.0,87.61295623779297,0.2289156626506024
Tokyo,27,106589,3,0.35185185185185186,0.5555555555555555,0.20370370370370364,5,0.0,0.5555555555555555,11.719485256406998,0.0625,0.8891909122467041,0.0,0.0,0.1,0.7459379196166992,0.07228915662650602
Tokyo,27,108741,4,0.3445767195767196,0.5277777777777778,0.1832010582010582,4,1.0,0.5277777777777778,7.127296984195709,0.0,0.0,0.625,8.896386504173279,0.0,0.0,0.42168674698795183
Tokyo,27,4655,5,0.022616272616272637,1.0,0.9773837273837274,6,0.0,1.0,40.105590422948204,0.9166666666666666,24.69114812215169,0.8333333333333333,4.647337118784587,1.0,25.371484756469727,0.891566265060241
Japan,27,70045,1,0.9166666666666666,0.9166666666666666,0.0,15,nan,0.8888888888888888,37.89749558766683,0.9166666666666666,37.308627128601074,0.0,0.0,0.0,0.0,0.0
Japan,27,58549,2,0.5,0.5,0.0,8,nan,0.0,0.0,0.5,2.700995445251465,0.0,0.0,0.0,0.0,0.0
Japan,27,4655,3,0.08333333333333326,0.9166666666666666,0.8333333333333334,15,nan,1.0,40.105590422948204,0.9166666666666666,24.69114812215169,0.8333333333333333,4.647337118784587,1.0,25.371484756469727,0.891566265060241
Berlin,27,86525,1,1.0,1.0,0.0,2,1.0,0.0,0.0,0.0,0.0,1.0,85.99391587575278,0.8,14.106548833847047,0.0
Berlin,27,108741,2,0.15178571428571436,0.625,0.47321428571428564,2,0.75,0.5277777777777778,7.127296984195709,0.0,0.0,0.625,8.896386504173279,0.0,0.0,0.42168674698795183
Berlin,27,131997,3,0.004162504162504077,0.625,0.6208374958374959,2,0.75,0.20833333333333334,5.471904145346748,0.0625,11.952548027038574,0.625,29.54285454750061,0.0,0.0,0.5060240963855421
Germany,27,86525,1,0.8,0.8,0.0,8,nan,0.0,0.0,0.0,0.0,1.0,85.99391587575278,0.8,14.106548833847047,0.0
Germany,27,4655,2,0.16666666666666674,1.0,0.8333333333333333,10,nan,1.0,40.105590422948204,0.9166666666666666,24.69114812215169,0.8333333333333333,4.647337118784587,1.0,25.371484756469727,0.891566265060241
